handle,rank,oldRating,newRating
ko_osaga,1,2964,3124
TLE,2,2909,3042
Benq,3,2962,3056
Egor,4,2814,2931
natsugiri,5,2252,2503
ksun48,6,2910,2977
yosupo,10,3012,3021
majk,12,2725,2798
Radewoosh,15,3098,3061
cz_xuyixuan,18,2579,2663
AndreySergunin,19,2489,2593
never_giveup,21,2223,2390
gisp_zjz,22,2306,2448
yanQval,25,2522,2600
M.Mahdi,26,2252,2397
MrDindows,30,2616,2658
Gromah,34,2292,2409
131131yhx,36,2259,2381
khsoo01,37,2495,2555
ugly2333,41,2513,2560
lych_cys,41,2577,2608
JOHNKRAM,43,2408,2480
cwy,44,2381,2458
Farhod,50,2236,2343
FizzyDavid,51,3050,2951
uwi,52,2439,2491
Timur_Sitdikov,55,2293,2379
ivan100sic,56,2399,2456
Kostroma,57,3023,2923
kdh9949,58,2056,2202
Anadi,61,2457,2494
paulinia,62,2023,2175
Egor.Lifar,65,2198,2298
Motarack,66,2159,2269
-skyline-,71,2259,2337
Kerim.K,78,2111,2223
zx2003,80,2271,2338
kmjp,82,2609,2589
dreamoon_love_AA,83,2585,2570
Wild_Hamster,86,2243,2313
hohomu,87,2228,2301
teja349,88,2411,2436
Arterm,90,2656,2618
cjtoribio,96,2272,2327
MicGor,97,2233,2297
Gassa,98,2507,2501
amnesiac_dusk,99,1992,2121
espr1t,100,2175,2253
SirShokoladina,102,2683,2631
998kover,103,2257,2311
PinkRabbitAFO,105,2177,2251
Jimanbanashi,106,2161,2238
ehnryx,106,2277,2323
zeliboba,108,2622,2581
riantkb,109,2134,2217
nuip,113,2498,2485
xuanquang1999,116,2230,2283
veschii_nevstrui,118,2122,2203
Ilya_MSU,120,2306,2337
Toxel,122,2141,2214
danya090699,124,2184,2245
Swistakk,125,3091,2927
MakArtKar,127,1900,2038
Svyat,129,2239,2283
ppavic,130,2136,2207
Cyanic,131,2193,2248
zemen,134,2718,2639
Atreus,141,2064,2149
---Grigor---,152,2090,2163
Kilani,153,2075,2151
Rudy1444,154,2169,2220
Xellos,155,2429,2413
_h_,156,2616,2553
sunsiyu,160,2155,2207
dima_z,166,2024,2109
-is-this-fft-,168,2063,2136
dusty.and.rusty,170,1895,2014
jtnydv25,171,2350,2347
wjli,173,1894,2012
Hell_Eclipse,175,2055,2127
Jatana,182,2115,2168
Arturgo,184,2069,2134
jaguar1996,186,2009,2090
Sugar_fan,187,2010,2090
IF_IR_A_1_IR,189,1830,1961
Mustang98,190,2061,2126
buko,200,2165,2199
pperm,201,2242,2255
lzyrapx,203,2121,2165
brimix__,204,2135,2175
ajinkya1p3,209,2114,2158
noimi,211,2024,2092
YaKon4ick,212,2096,2144
Antoine,214,2138,2174
PuRpLe_FoReVeR,220,2009,2078
boleyn.su,221,2193,2213
flukehn,222,1889,1991
Catmoonlight,223,1864,1972
interestingLSY,224,1844,1958
emofunc,224,2163,2189
Rebelz,226,1892,1992
Vercingetorix,229,2385,2354
evpipis,230,1964,2042
lessmeaning,236,1967,2042
zbww,243,2136,2164
fmqjpt,245,2268,2261
HirasawaaYui,251,1857,1959
top34051,252,2069,2112
codelegend,255,2022,2077
cthbst,258,2162,2179
KungA,259,2330,2305
Grzmot,264,2113,2141
newbiegcz,267,2114,2141
.I.,271,2314,2290
kondranin,273,2272,2257
Alpha_Q,273,2228,2224
kimden,275,2233,2227
hitman623,277,2209,2209
iakovlev.zakhar,288,1980,2037
TsReaper,292,2134,2149
Stelutzu,293,2004,2053
Sulfox,295,2053,2089
Marckess,296,2115,2134
makacha,304,1674,1814
lyk248289469,306,2131,2144
Nson,309,1977,2030
leaf1415,313,2009,2052
radoslav11,316,2226,2212
apostoldaniel854,326,1684,1816
houzhe,333,1564,1731
Ronnie007,335,2129,2136
Roundgod,336,2148,2150
ruhan.habib39,338,1932,1990
SoMuchDrama,341,2239,2217
yybyyb,343,2178,2171
AkshajK,346,2114,2122
Jakube,351,2148,2147
adamant,351,2201,2186
realcomplex,355,1814,1901
LJC00118,356,1916,1975
Omar_Elawady,357,1928,1983
pllk,366,2290,2251
Tokyo_Drift,378,1922,1975
_LeMur_,380,2094,2101
TripleM5da,382,1968,2007
win11905,386,2001,2031
wleung_bvg,387,1946,1990
irkstepanov,388,2407,2335
Taube,390,2139,2132
MarcosK,393,1785,1872
jacobtpl,397,2202,2179
sas4eka,398,2153,2141
mmaxio,401,2748,2591
yarrr,408,2075,2081
antontrygubO_o,413,2155,2140
IgorL,419,1938,1978
RUSH_D_CAT,421,2108,2104
MofK,423,2325,2267
BaaaaaaaaaaaaaaarkingDog,424,2130,2120
Martin53,425,2165,2146
Emma.Yin,426,1500,1667
AghaTizi,427,1826,1895
bvd,427,1910,1956
fsshakkhor,427,1997,2020
ILoveBitches,430,1707,1809
Mediocrity,430,2218,2185
meooow,435,1885,1937
IgorI,437,2014,2031
Sorting,437,1841,1904
Tanzir5,441,2036,2047
saketh,443,2477,2379
Roberio,445,1966,1994
AQT,445,1719,1815
lgkm39,451,2144,2126
YxqK,457,2152,2131
Ferume,464,1907,1947
Ekler,467,1918,1955
Hasan0540,469,2080,2075
dinosaurs,472,1946,1975
RED_INSIDE,474,1889,1933
VladaMG98,475,2140,2119
tfg,477,2156,2131
yashChandnani,480,2187,2154
kalimm,483,2068,2064
Nurlykhan,485,2066,2062
RobeZH,487,2119,2102
Dance_Of_Faith,488,1952,1977
babin,488,1904,1941
Slamur,488,2247,2198
junie,496,2045,2044
Mirbek,498,1719,1806
Arpa,504,2058,2053
hahahahaha123,507,1965,1983
andrew,510,1866,1910
Noam527,510,2196,2156
neal,515,2510,2394
taran_1407,518,1943,1965
anil9717,518,1892,1928
neko_nyaaaaaaaaaaaaaaaaa,520,1839,1889
nong,528,1908,1938
Stasana,529,1815,1870
kzyKT,533,1922,1948
xxxxxxmk,536,1896,1928
VladProg,542,2041,2035
Vladik,553,2108,2084
flower,553,2050,2040
Makcum888,561,2082,2063
fedoseev.timofey,569,2080,2061
yubowenok,570,2164,2124
HellAngel,574,1754,1819
SPatrik,587,1839,1879
Kaban-5,596,2514,2387
abisheka,603,2030,2018
elizarov,604,2093,2066
mohamedeltair,604,1860,1892
waynetuinfor,613,2133,2095
200815147,621,1836,1872
Soul_Full_Of_Thunder,641,1855,1883
_Kee,646,1700,1770
lebeg,657,1788,1832
dmkz,659,1730,1790
FelixMP,659,1659,1739
Andres_Alumets,674,1646,1728
CrazyDiamond,676,1642,1725
Qwertenx,681,1973,1966
Ashishgup,686,2058,2030
collares,704,2167,2110
ATSTNG,709,1784,1823
k1nval,709,2006,1988
arknave,715,2011,1991
muratt,718,2288,2202
marton.antoni,719,1643,1720
abhishek_saini,720,2011,1990
mo_onrabbit2,734,1828,1852
txingml,737,2190,2125
Shisuko,738,1830,1853
alexxx998,740,1741,1788
risujiroh,748,1893,1899
Jostic11,753,1854,1869
sinus_070,753,1974,1959
Fly_37,761,1655,1723
okwedook,764,1830,1851
math957963,766,2013,1987
Vexoben,767,1885,1891
djm03178,778,1998,1975
srikkanthr,780,1684,1742
w0nsh,782,1741,1783
bthero,785,1980,1961
Dalenator,787,1677,1736
Shtef,787,1629,1702
bartek95,818,2042,2004
VaVshchuck,847,1755,1787
KeNaj712,861,1707,1750
Dmitriy.Belichenko,874,2204,2122
nocriz,888,2022,1982
HCPS42,891,1695,1738
GoogleBot,896,2088,2032
Wandoka,902,1628,1689
Mohammadreza_mz,916,2079,2023
FoodSheep,916,2074,2019
reeWorld,921,1894,1882
GioChkhaidze,931,1716,1749
TheFallenOne,937,1817,1823
irri,947,1584,1653
Fortitude,947,1509,1600
F0_0H,962,1738,1763
Lawali,969,1935,1909
amanbol,981,1715,1744
qkoqhh,981,1696,1730
PugachAG,981,1874,1862
vntshh,992,2039,1986
Shaad7,997,1650,1695
bktl1love,1002,1790,1798
aviroop123,1009,1916,1892
Zain,1012,1951,1918
AutumnKite,1019,1632,1680
Akatsuki_,1038,1782,1789
dhxh,1047,1988,1943
killer_god,1047,1949,1913
andreyv,1054,1954,1917
vstrimaitis,1054,1846,1835
TianyiChen,1059,1766,1775
__santongding,1069,1843,1831
frodakcin,1072,1609,1659
fshp971,1076,1933,1899
GustavK,1078,1622,1668
mredigonda,1078,1885,1863
Klungs,1090,2148,2062
Stepavly,1096,1570,1629
thatprogrammer,1100,1800,1797
GreatEagle,1106,1845,1830
gauss148,1112,2034,1973
Maliniarz,1119,1510,1584
_Ash__,1125,1958,1914
sdya,1142,2660,2455
nan0S,1173,1828,1812
..vince,1177,2074,1999
teapotd,1177,1962,1913
Scayre,1179,1782,1777
Ran,1180,1597,1641
Hipo_3412,1195,1613,1652
shinbay,1196,1567,1618
congthanh123,1219,1641,1670
allllekssssa,1227,2131,2040
tkj,1244,1857,1829
Warawreh,1248,1791,1779
nikolapesic2802,1256,1688,1702
cy1999,1261,1883,1848
Supermagzzz,1263,1855,1826
wilcot,1294,2072,1990
copyright,1294,1513,1572
zzpc,1301,1764,1755
AsleepAdhyyan,1303,1927,1878
2019_BecameMaster,1304,1629,1655
Flavius,1311,1828,1803
cmorax,1315,1539,1589
CrazyMurky,1321,1565,1607
brandonzhang,1325,2120,2025
prins,1327,1510,1568
Uzumaki_Narutoo,1333,1544,1591
HadyKo,1334,1622,1648
hank55663,1341,2286,2153
kefaa,1350,2185,2074
IceKnight1093,1360,1729,1725
krasav4ik,1362,1522,1573
GStnt,1369,1874,1834
fextivity,1371,1637,1656
_Solenya_,1373,1844,1811
Ashkan_Zarkhah,1375,1695,1698
nana7mi_channel,1379,1951,1892
nantf,1385,1430,1507
JettyOller,1389,1940,1882
p_b_p_b,1404,1570,1605
jacynkaa,1404,1739,1729
Amoo_Safar,1407,1776,1757
tonyli00000,1417,1817,1787
sarkar,1417,1791,1768
crasysky,1424,1632,1648
stefdasca,1426,1962,1897
HNO2,1429,1842,1805
Hyperbolic,1431,2202,2083
Riladavin,1443,1623,1640
Onjo,1446,1979,1909
dorijanlendvaj,1459,1974,1904
Evlampiy,1503,1659,1663
kizen,1509,1762,1740
AliShahali1382,1512,1661,1664
MikhailovBair,1517,1916,1856
njupt_lyy,1534,1965,1893
hocky,1539,1830,1789
alireza_kaviani,1546,1588,1608
jam1729,1553,1638,1644
John_zyj,1562,1579,1600
EternalAlexander,1572,1652,1653
pmt2018,1594,1500,1541
tusharjape007,1598,1553,1579
kobus,1619,1994,1911
AkiLotus,1645,1794,1756
snacache,1645,1881,1822
serotonin,1645,1397,1465
paulzrm,1667,1603,1611
kimoyami,1672,1291,1393
_no0B,1674,1582,1595
arnold518,1704,1454,1501
SongC,1729,1632,1629
RinkaSnow,1748,1435,1485
wjyyy,1761,1606,1607
QieziMin,1772,1465,1504
revpro,1794,1418,1470
Railgun,1794,1500,1528
Subconscious,1805,2307,2147
Jiangkangping,1816,1851,1790
lsantire,1820,1939,1858
YeongTree,1833,1485,1515
Brovko,1864,1470,1502
lukamosiashvili,1870,1604,1600
pufanyi,1898,1467,1498
shnirelman,1898,1595,1592
BLUESKY007,1898,1411,1459
12tqian,1915,1637,1622
Moon1125666900,1929,1631,1617
nvmdava,1958,1749,1705
bogorodniy,1979,1111,1258
blyat,1981,1648,1627
244mhq,1988,2480,2276
ahgus89,1990,1448,1479
trabbbart,2012,1653,1629
Dasha_Gnedko,2012,1456,1484
luciocf,2053,1557,1555
binarycopycode,2067,1500,1512
dlwocks31,2102,1731,1684
Degalat57,2105,1974,1872
cr8,2131,1668,1635
Nutella3000,2153,1698,1656
HCCH,2166,1392,1429
JustasZ,2192,1811,1741
L0TUS,2207,1500,1504
MonkeyKing,2236,1636,1605
devid,2253,1581,1563
impermanence,2257,1606,1581
CHENRUIJIE,2277,1229,1312
orzzzzzz,2304,1758,1695
-rs-,2304,1456,1467
vishal4556,2341,1682,1635
harshhx17,2349,1371,1404
shuashuawan,2361,1569,1548
Rafaelcs,2434,1710,1653
Rahul,2477,1533,1516
dungdq,2477,1135,1238
TimeEmergency,2499,1500,1489
michao,2513,1382,1402
curly_braces,2546,1558,1531
reshke,2552,1589,1555
PopescuMihai,2561,1367,1389
ZGS_WZY,2574,1597,1560
gwq2017,2588,1827,1737
antoshkin,2606,1470,1462
Mohamed.Sobhy,2715,1225,1282
sonhv3112,2772,1480,1462
AST_TheCoder,2821,1432,1423
little_sun,2852,1212,1265
mbalsells,2889,1606,1553
dlp__302,2924,1442,1426
stefanbalaz2,2945,1500,1469
limabeans,2947,1419,1407
chaitanya,3003,1322,1333
Xander24,3009,1500,1466
watemus,3048,1462,1435
tauhrick,3069,1575,1521
dasdull,3141,1845,1732
zundamochi_1117,3165,1479,1443
phpduke,3176,1632,1562
lyzqs,3223,1184,1224
faustaadp,3262,2035,1880
little_misfortune,3267,1996,1848
Obsidius,3317,1339,1329
Siberian,3341,1521,1468
myx12345,3370,1545,1486
Hello_zoka,3390,1500,1450
DavitMarg,3398,1548,1487
gupta_samarth,3432,1316,1306
catforces,3527,1166,1193
negativez2,3530,1282,1276
JulianFernando,3550,1443,1398
ManasG,3552,1706,1607
Smokey_Days,3637,1500,1439
Zandew,3665,1136,1163
upobir,3700,1589,1508
Nikhil_Medam,3741,1384,1343
vito1036,3743,1429,1379
Karavaiev,3826,1324,1293
Belalabella,3841,1716,1606
ace_loves_xq,3844,1274,1253
GLAYS,3853,1652,1554
0icq,3901,1334,1296
ScarletS,4054,1110,1119
Eric_hooo,4089,1500,1421
Stanislau,4221,1198,1173
ChthollyNotaSeniorious,4263,1325,1271
Igor_2017,4311,1081,1079
_hikari_,4320,1483,1398
titia,4376,1465,1381
Sol1,4541,1384,1269
Java,4541,1500,1375
Karry5307,4541,1500,1375
Rayo,4541,1500,1375
SoraKasugan0,4541,1449,1329
KurisuMakise,4541,1458,1337
swapnil159,4541,1539,1410
Mohammad.H915,4541,1500,1375
