handle,rank,oldRating,newRating
HIR180,3,2608,2833
ksun48,4,3051,3141
Benq,5,3098,3161
geniucos,6,2958,3045
Petr,8,3161,3176
Um_nik,9,3176,3179
xyz111,11,2900,2962
FizzyDavid,12,2895,2952
zeliboba,13,2507,2658
Endagorion,14,2883,2933
Radewoosh,16,3239,3189
dreamoon_love_AA,17,2613,2718
Golovanov399,19,2608,2707
998kover,20,2476,2605
LHiC,21,3199,3141
irkstepanov,23,2456,2581
qwerty787788,25,2768,2807
izban,26,2884,2891
kostka,29,2410,2530
majk,30,2720,2759
ecnerwala,31,2874,2871
ainta,32,3115,3048
Bedge,32,2287,2431
Kostroma,34,2917,2898
neal,37,2599,2654
MrDindows,39,2578,2634
VArtem,40,2640,2679
Xellos,41,2541,2603
ko_osaga,42,3115,3032
uwi,43,2796,2790
peltorator,44,2428,2515
Omar_Elawady,47,2189,2335
MofK,48,2404,2491
hitman623,51,2123,2282
chemthan,52,2546,2591
131131yhx,55,2206,2336
teja349,56,2373,2457
fmqjpt,57,2252,2367
TripleM5da,59,2182,2314
BigBag,63,2587,2608
Wild_Hamster,64,2475,2523
Arterm,69,2528,2557
Reyna,70,2443,2493
muratt,73,2295,2381
gop2024,74,2223,2327
xiaowuc1,78,2210,2314
tfg,86,2274,2354
AndreySergunin,87,2619,2609
athin,88,2204,2301
waynetuinfor,90,2149,2259
GT_18,94,1980,2136
Mediocrity,101,2043,2174
Motarack,104,2387,2423
antontrygubO_o,105,2321,2374
natsugiri,108,2378,2414
Jimanbanashi,109,2244,2315
abisheka,116,1908,2069
zbww,118,2135,2229
mxzf0213,119,2089,2196
Roundgod,120,2269,2326
jtnydv25,121,2167,2251
Anachor,123,2277,2330
tourist,126,3581,3312
AghaTizi,128,2208,2276
meaningIess,129,1744,1946
Egor.Lifar,131,2341,2373
evpipis,136,2068,2170
stasio6,137,2156,2233
Merkurev,138,2736,2665
ivan100sic,140,2440,2442
tmwilliamlin168,142,2623,2578
saketh,143,2331,2358
Errichto,143,2744,2668
zemen,145,2840,2740
bogdan10bos,149,2170,2237
Tutis,150,2191,2252
KrK,152,2541,2511
Kaban-5,154,2655,2596
SYury,154,2465,2453
saba2000,157,2336,2356
nuip,159,2444,2435
cerberus97,160,2386,2392
allllekssssa,161,2096,2178
dario2994,163,2596,2548
fanache99,165,2554,2516
radoslav11,166,2311,2333
milisav,166,2289,2316
amnesiac_dusk,173,2231,2271
hohomu,174,2493,2466
Markellonchik,176,2357,2363
iakovlev.zakhar,180,2240,2274
ajinkya1p3,181,2093,2166
YaKon4ick,183,2124,2188
MicGor,185,2383,2379
applese,190,2407,2395
nigus,193,2397,2386
killer_god,194,2035,2119
fake123_loves_me,197,2083,2153
DmitryBelikov,199,2213,2247
Ronnie007,202,2122,2179
sas4eka,204,2070,2140
Barichek,205,2136,2187
tinca_matei,205,2057,2129
kmjp,211,2426,2402
gen,212,2203,2235
sava-cska,213,2303,2309
yashChandnani,215,2217,2244
reeWorld,218,1991,2078
_LeMur_,222,2309,2310
Lixoskywalker,223,2045,2115
shb123,226,2416,2389
egor_bb,226,2108,2160
stefdasca,230,2207,2232
Kilani,231,2151,2190
frodakcin,233,1767,1913
SeyedParsa,235,2302,2300
kmyiu,238,2042,2108
hey_boris,240,2252,2262
BlueDiamond,243,1924,2021
Martin53,248,2323,2312
Pakalns,251,2221,2235
xxxxxxmk,252,2022,2089
IgorI,253,2162,2191
helThazar,254,2114,2155
Suzukaze,254,2131,2167
ngkan,258,2223,2234
azukun,261,2455,2408
kimden,265,2269,2267
nocriz,267,2257,2257
AlexLuchianov,269,2163,2187
_Ash__,279,1987,2055
IgorL,280,2007,2069
Sert,282,2340,2315
tmt514,282,2282,2271
VLamarca,284,1840,1947
Amoo_Safar,284,2014,2073
TianyiChen,286,2033,2086
dima_z,287,2005,2066
-is-this-fft-,288,2269,2260
Shayan,289,2355,2325
Tima,291,2129,2155
gravito12345,291,1968,2037
arnold518,293,1758,1887
lethalboy,297,2001,2060
BaaaaaaaaaaaaaaarkingDog,303,2163,2177
.I.,304,2186,2194
average_frog_enjoyer,305,1969,2035
KevinWan,313,2030,2077
pajenegod,314,1969,2032
Dalgerok,316,2055,2094
manoprenko,320,2054,2092
veschii_nevstrui,322,2122,2142
vovuh,322,1948,2014
Temotoloraia,325,2201,2200
KungA,327,2309,2281
tamref,332,2008,2056
Roberio,334,2103,2125
flashmt,335,2322,2289
hugopm,337,1976,2031
baluteshih,340,2226,2215
Antoine,341,2114,2132
gyuni,342,2013,2057
jefrai,343,1838,1930
LeCaRiBoU,346,2128,2141
cfk,347,2144,2153
espr1t,349,2184,2182
fuppy,351,2030,2067
Ferume,351,1909,1979
AQT,359,1961,2015
Ashishgup,362,2259,2236
Hyperbolic,369,2046,2075
Rudy1444,370,2270,2242
neko_nyaaaaaaaaaaaaaaaaa,370,2079,2099
RamTararam,372,2131,2137
zhed,374,2188,2179
shef_2318,375,2217,2201
icecuber,380,2156,2154
dinosaurs,381,2017,2051
kondranin,382,2208,2192
Supermagzzz,384,1939,1993
lessmeaning,387,2137,2138
ShadowLight,388,2151,2149
Atreus,389,2177,2168
fruwajacybyk,394,2234,2210
brimix__,395,2122,2126
math957963,398,2006,2039
Z0RR0,402,2159,2152
lsantire,404,1931,1983
misztsu,404,2255,2224
AkshajK,406,2139,2136
Vladik,416,1957,1999
congthanh123,418,1841,1915
Klungs,423,2195,2175
I_love_tigersugar,425,2369,2306
lezdzh,429,2350,2291
abeker,429,2319,2267
Zayin,432,1964,2001
JettyOller,433,2045,2061
Ilya_MSU,443,2474,2383
dragoon,445,2369,2303
collares,452,2189,2165
nikolapesic2802,456,1951,1987
compiler_101,457,1981,2009
Temirulan,461,2211,2180
GoogleBot,467,2059,2065
lrvideckis,468,1766,1850
Gmacem,468,2016,2033
Hasan0540,471,2216,2182
Irkutsk_ISRU,471,2050,2057
Zain,471,1858,1916
w0nsh,482,1890,1937
buko,486,2149,2129
fetetriste,490,2221,2182
_Solenya_,490,1873,1923
danya090699,490,2285,2231
SlavaSSU,498,1961,1987
oToToT,499,1935,1967
Aleks5d,501,2116,2101
353cerega,502,1970,1992
gauss148,506,1975,1996
greencis,510,2331,2263
Origenes,511,1994,2009
posij118,516,2107,2092
donentseto,517,2048,2048
Andres_Alumets,520,1846,1899
IceKnight1093,521,1824,1882
aryanc403,524,1793,1859
qkoqhh,530,1920,1951
budalnik,536,2505,2392
little_misfortune,541,1845,1894
wjli,543,2021,2023
KeNaj712,546,1843,1892
nana7mi_channel,549,1982,1994
boba5551,559,2060,2050
dredwerkz,562,1939,1960
bvd,563,1996,2002
Tanzir5,566,1940,1960
ArshiaDadras,568,1960,1974
HCPS42,569,1957,1972
MathAlex,575,1901,1930
Adhami,580,1770,1833
kalinov,588,2609,2465
FelixMP,604,1764,1825
edenooo,605,1886,1914
Narut,609,1867,1899
Lawali,611,1813,1860
kalimm,612,2425,2321
Wielomian,622,2026,2015
awoo,625,2202,2148
leaf1415,628,2160,2116
risujiroh,629,2129,2092
abhishek_saini,631,2041,2025
DatVu,633,1995,1991
bktl1love,635,1772,1826
IvayloS,639,2016,2006
dantrag,642,1900,1919
---Grigor---,646,1824,1862
negativez2,651,1745,1804
babin,653,1886,1907
farmerboy,656,1930,1939
RobeZH,656,2238,2172
Ashkan_Zarkhah,660,1803,1845
dmkz,664,1774,1823
Alpha_Q,664,2068,2042
nitixkrai,671,1741,1798
Aeon,674,2436,2322
Kallaseldor,683,2149,2100
eidan,684,1783,1827
tnowak,691,1956,1954
JovanB,696,1800,1838
Tokyo_Drift,699,1846,1871
Night,711,1525,1638
ssor96,714,1965,1957
Degalat57,718,1886,1898
codelegend,720,2135,2085
divanik,726,1859,1877
Ari,728,2013,1992
vpike,729,1991,1975
Farhod,737,2224,2151
TonySnark,737,2161,2103
JATC,740,1901,1906
fhlasek,741,2572,2419
modestas_,742,1496,1613
cjtoribio,745,2201,2133
Akulyat,747,2145,2090
Lukij,750,2024,1998
Plurm,754,1952,1943
dorijanlendvaj,757,2174,2111
SAeed,759,2034,2004
RUSH_D_CAT,762,2187,2120
sokian,763,2282,2193
Tashiqi,764,1500,1613
mohamedeltair,783,1963,1947
QAQAutoMaton,784,2242,2160
Kerpoo,786,1951,1938
_no0B,788,1792,1820
BSBandme,791,2170,2104
Fly_37,799,1881,1884
AkiLotus,801,2165,2099
kzyKT,808,2224,2143
lebeg,809,1919,1912
vbobrov,813,2040,2003
Usu,819,1835,1848
jvmusin,820,1968,1947
Osama_Alkhodairy,823,1933,1920
ILoveBitches,827,1743,1779
AliShahali1382,834,1655,1714
Vax,835,2036,1997
trueshogun,841,2016,1981
Bruteforceman,844,2141,2076
Warawreh,845,1816,1831
GustavK,853,1618,1685
thatprogrammer,855,1808,1824
SUN.LOVE,866,1960,1936
DimmyT,881,1604,1672
sazzach,881,1893,1884
andrew,881,1861,1860
devid,890,1824,1832
ivanilos,903,1999,1962
hearthewsong,911,1793,1806
Gassa,929,2392,2262
meooow,943,1908,1889
Shaad7,945,1739,1763
qiangbao,950,1790,1800
Dmitriy.Belichenko,958,2248,2147
sarkar,959,2192,2104
jk89,976,1438,1544
vishal4556,987,1888,1870
Mirbek,1000,1718,1742
..vince,1006,2054,1994
balakrishnan,1017,2103,2030
Andycipation,1018,1804,1803
okwedook,1021,1859,1844
ankeet,1035,1950,1912
hiromi_ayase,1035,1917,1887
pedrohlf,1044,1924,1891
fsshakkhor,1048,1993,1943
Rutvik_Kothari,1053,1846,1831
AST_TheCoder,1063,1529,1598
Road_to_Candidate-master,1065,1505,1581
physics0523,1068,1894,1867
Uzumaki_Narutoo,1078,1688,1711
Rvess,1078,1341,1468
Nagrarok,1114,1500,1572
cuom1999,1116,2136,2047
PopescuMihai,1121,1651,1680
wleung_bvg,1132,1940,1896
Rafaelcs,1136,1817,1802
Scayre,1142,1685,1703
mh755628,1148,1624,1658
Brovko,1156,1588,1631
nghethuat102,1173,1827,1807
_Kee,1190,1738,1738
kefaa,1208,2582,2389
titia,1211,1715,1719
Kapt,1232,1815,1793
wh_ZH,1253,1781,1765
tonyli00000,1263,1828,1800
brandonzhang,1271,1953,1894
revpro,1278,1613,1638
BenniKartefla,1286,2181,2069
Timonnable,1297,1590,1620
alireza_kaviani,1298,1654,1667
atodo,1309,1565,1601
srikkanthr,1317,1713,1709
real.emerald,1336,1546,1585
JasonZhan,1342,1443,1511
jaguar1996,1352,2103,2004
kzvd4729,1358,1790,1764
antoshkin,1360,1582,1609
iscsi,1371,1786,1760
luciocf,1378,1791,1763
TadijaSebez,1382,2253,2119
MForest,1388,1704,1697
binpaw,1393,1517,1559
RubenAshughyan,1394,1918,1858
YouKn0wWho,1401,1884,1832
wery0,1408,1726,1712
dasdull,1423,1927,1863
adamant,1427,2161,2044
tdas,1452,1976,1899
Heibor,1459,1986,1906
natofp,1470,1733,1713
madhav_1999,1479,1838,1791
myx12345,1506,1527,1557
Mdominykas,1506,1729,1707
ghost_of_sparta1,1522,1479,1521
Sorting,1535,1920,1850
MarcosK,1548,1701,1683
vhnvn,1555,2147,2025
LUV,1562,1461,1505
demoralizer,1577,1535,1557
golions,1602,1467,1506
DanielixS,1642,1314,1397
12tqian,1652,1621,1615
gupta_samarth,1652,1518,1539
AcPlusOne,1660,1900,1827
vanvector,1667,2047,1940
s20b1_chernikov,1678,1534,1549
tauhrick,1701,1557,1564
Stanislau,1732,1458,1490
Nson,1734,2150,2017
Siberian,1758,1677,1651
Crabby_Maskiv,1758,1457,1487
jdurie,1762,1547,1553
Zandew,1762,1394,1443
solvemproblr,1775,1648,1628
Imenkey,1794,1593,1585
Yurushia,1801,1411,1452
donbasta,1847,1351,1406
qdd,1856,1708,1668
pacha2880,1860,1644,1619
limabeans,1862,1389,1432
irri,1911,1664,1631
I.Gleb,1951,1516,1517
JulianFernando,1974,1505,1508
catforces,1994,1517,1515
Wandoka,2011,1601,1577
Programmer,2021,1777,1711
Lucina,2029,1536,1527
Lemur95,2055,1609,1581
Riladavin,2145,1464,1466
Karavaiev,2171,1605,1571
Fugtemypt,2195,1524,1508
M1v1savva,2229,1573,1543
Nurlykhan,2362,2115,1959
apostoldaniel854,2362,1697,1631
Kripton2005,2372,1405,1409
PMPuns,2372,1399,1404
shinbay,2378,1477,1462
Khozhaev,2399,1604,1558
cmorax,2401,1563,1526
fishy15,2410,1413,1412
cr8,2413,1613,1563
zundamochi_1117,2413,1552,1517
hocky,2413,1664,1603
Sixpathsguy,2419,1387,1393
vntshh,2419,2075,1925
krasav4ik,2451,1668,1604
Evocation,2501,1791,1697
woshiluo,2576,1396,1389
mtnshh,2605,1397,1388
Juanzhang,2617,1325,1335
PineapplesOnPizza,2632,1497,1462
curly_braces,2652,1385,1376
-rs-,2664,1384,1375
Robsob,2739,962,1084
beemax,2808,1339,1332
Patwari26,2827,1225,1249
joaom,2858,1559,1499
Fype,2995,1371,1345
Bedoo,3007,1144,1180
dinesh_barri,3163,1450,1397
dungdq,3185,1505,1440
bogorodniy,3193,1196,1202
ajit,3212,1371,1333
realcomplex,3220,1856,1719
heyuhhh,3277,1220,1212
swapnil159,3324,1297,1267
Mohammad.H915,3423,1232,1211
Bruteforcer101,3528,1299,1255
saprykin,3553,1500,1416
555,3702,1011,1025
DIvanCode,3846,1561,1454
vintage_Vlad_Makeev,4354,2108,1885
