handle,rank,oldRating,newRating
TLE,3,3137,3181
whzzt,4,2679,2826
bmerry,6,2824,2907
ugly2333,9,2551,2681
Radewoosh,10,2899,2931
yfzcsc,13,2525,2639
Golovanov399,18,2547,2634
cz_xuyixuan,20,2776,2797
lyx_cjz,21,2023,2245
fmqjpt,25,2206,2363
Wild_Hamster,27,2283,2414
chenjb,28,2355,2464
ksun48,30,2991,2933
BledDest,32,2520,2575
Um_nik,37,3237,3104
applese,44,2320,2407
craborac,46,2619,2624
TripleM5da,46,2097,2241
izban,49,2925,2853
FizzyDavid,50,2903,2835
Subconscious,51,2363,2430
cdkrot,55,2446,2486
neal,56,2569,2577
nocriz,57,2211,2311
gisp_zjz,59,2506,2526
blatuitorulmlc,62,2089,2216
junie,66,1964,2124
Roundgod,67,2109,2226
memset0c,68,1596,1869
HIR180,72,2472,2488
mmkh,76,1942,2098
yzyyyIx,77,1723,1945
MrDindows,79,2596,2575
Emma.Yin,81,1878,2049
Merkurev,82,2677,2633
panole,85,1500,1788
RDDCCD,87,2280,2332
irkstepanov,91,2441,2449
hohomu,92,2355,2384
greencis,93,2318,2356
Elegia,97,2361,2385
Timsei,99,2230,2287
adamant,101,2128,2211
xuanquang1999,105,2395,2404
LJC00118,107,2142,2217
BigBag,108,2515,2493
OMG_link,117,2022,2123
kimden,119,2234,2277
yybyyb,121,2238,2278
KDTree,123,1541,1784
jiangshibiao,125,2250,2284
budalnik,125,2416,2408
zbww,129,2130,2195
Anadi,131,2462,2440
I_love_tigersugar,133,2245,2277
baluteshih,134,2163,2216
KungA,137,2239,2270
riantkb,145,2217,2250
AndreySergunin,151,2712,2619
jonathanirvings,152,2601,2534
newbiegcz,154,2248,2269
bzh,156,1938,2042
Jiangkangping,161,2019,2097
superguymj,166,2358,2346
Sugar_fan,168,2229,2248
Dilute,176,1613,1804
sarkar,179,1984,2064
cwy,180,2472,2426
athin,183,2278,2279
PinkRabbitAFO,184,2158,2189
Ilya_MSU,188,2362,2340
sunsiyu,190,2241,2248
fyy2603,194,2151,2180
hloya_ygrt,199,2400,2365
tfg,201,2221,2229
Belalabella,204,1718,1864
N.E.R.O,211,1992,2057
zhouyuheng,215,1971,2040
the_Despair_,218,1833,1940
dgklr,220,1491,1702
williamswu2002,222,2187,2197
YaKon4ick,223,2244,2238
cxt,223,2239,2235
DRA,225,1502,1707
JHSN,228,2064,2104
Plurm,231,1820,1926
Luqman,232,2116,2141
hahahahaha123,245,2066,2100
qingczha,247,2030,2073
hitman623,249,2233,2222
djm03178,250,2098,2122
Anachor,251,2235,2223
Antoine,264,2013,2055
Sulfox,266,2164,2166
kostka,275,2452,2381
SoSad,276,2152,2154
yarinaosu,278,2019,2055
math957963,279,2082,2101
nuip,279,2442,2372
Reyna,281,2249,2226
risujiroh,284,2057,2081
GT_18,286,2137,2140
pedroteosousa,290,1793,1887
vntshh,293,1986,2027
yashChandnani,296,2317,2273
lyk248289469,301,2188,2175
noimi,310,1922,1975
200815147,312,1958,2001
zhed,313,2121,2121
skylinebaby,317,2051,2068
lumibons,318,2232,2204
YxqK,319,2163,2151
6ziv,320,1884,1945
awoo,327,2012,2037
.I.,338,2101,2100
-imc-,343,2542,2434
Dance_Of_Faith,351,2012,2031
YLWang,355,1449,1630
chenmark,360,2237,2198
ShadowLight,362,2233,2195
Timur_Sitdikov,366,2323,2262
ehnryx,371,2289,2235
psc233,376,1920,1958
SongC,378,1926,1962
tkj,387,1776,1850
donentseto,388,2045,2047
HolyK,390,1624,1741
vhnvn,392,2028,2034
Hasan0540,402,2104,2089
Joker_23,405,1979,1995
CYJian,407,1633,1743
kissgergely,410,1885,1925
balakrishnan,411,2043,2041
Arigato,422,1843,1891
interestingLSY,429,1861,1903
sinus_070,439,2073,2059
sagitta,441,1991,1997
AsleepAdhyyan,447,1883,1916
misztsu,449,2148,2114
tamref,450,1876,1910
ngkan,454,2060,2046
Jatana,455,2265,2201
Umi,461,2031,2023
TheFallenOne,466,2001,1999
Ashishgup,470,2174,2130
Egor.Lifar,471,2289,2217
kagarii,471,1358,1543
F0_0H,473,1755,1817
RUSH_D_CAT,474,2133,2098
Dreamless_Dreams,476,2099,2072
Roberio,480,2012,2005
Nero,482,2147,2107
espr1t,495,2194,2141
_LeMur_,496,2093,2064
teja349,506,2529,2396
allllekssssa,512,2165,2116
lebowski998,514,2196,2139
Ali.Kh,521,2089,2057
imslavko,523,1614,1706
2018szb,537,1881,1898
LeCaRiBoU,546,2123,2078
physics0523,551,1853,1875
Tokyo_Drift,554,1912,1918
Barichek,563,2185,2123
brandonzhang,565,1912,1916
PeregudovSergey,572,1949,1943
killer_god,574,1997,1979
paula,580,2118,2070
cjrzn,584,1736,1784
triveni,587,1994,1975
Bashca,600,1923,1919
neko_nyaaaaaaaaaaaaaaaaa,610,2136,2079
txingml,613,2108,2058
PugachAG,619,1920,1914
Kallaseldor,626,1930,1921
Lawali,626,1898,1897
copyright,628,1641,1708
houzhe,632,1920,1912
Vladik,634,2010,1980
kizen,635,1749,1785
DW_Zhouyu,636,1898,1895
Soul_Full_Of_Thunder,646,1972,1950
lrvideckis,651,1874,1875
upobir,653,1618,1688
Andreasyan,654,1684,1735
Learner99,655,1843,1852
titia,658,1638,1701
PuRpLe_FoReVeR,661,2041,2000
ATSTNG,663,1950,1931
Akatsuki_,680,1884,1879
gop2024,683,2349,2235
Mustang98,687,2143,2075
cy1999,688,1869,1867
Joey_W,690,1500,1599
KurisuMakise,696,1474,1580
isaf27,700,2567,2402
SPatrik,703,1851,1851
Democy,704,1922,1905
EnjoyCallen,720,1932,1910
MarcosK,729,1804,1813
wygzgyw,732,1827,1830
Logey,743,1406,1527
Fortin,752,2094,2030
YouKn0wWho,753,1760,1777
qdd,758,1694,1728
xxxxxxmk,760,2151,2072
kzvd4729,772,1850,1842
Jackie1578,780,1639,1685
vstrimaitis,795,1744,1760
Moon1125666900,795,1820,1816
jvmusin,799,1992,1946
Kerpoo,812,1717,1738
gohan123,815,2087,2017
edenooo,819,1801,1799
hankeke,835,1593,1645
fetetriste,848,2182,2087
ankeshgupta007,872,1921,1884
ManasG,886,1717,1729
LTL_td,890,1500,1572
xiaowuc1,902,2338,2204
Sumeet.Shirgure,907,1764,1762
arnold518,909,1630,1663
Farhod,916,2300,2173
RobeZH,917,2148,2054
Dalgerok,924,1877,1846
TranLeHiep,934,1784,1774
gold1103,935,1676,1694
okwedook,935,1904,1865
TianyiChen,943,2017,1950
Grzmot,944,1977,1920
bibibibi,948,1875,1842
radoslav11,951,2245,2127
a.nogikh,976,1820,1797
babin,981,1750,1744
IceKnight1093,984,2038,1963
wjyyy,990,1791,1774
helThazar,998,2068,1985
Temirulan,1021,2406,2247
Wallbreaker5th,1028,1506,1560
ILoveBitches,1032,1645,1661
Eunha,1039,1396,1482
Karry5307,1049,1420,1498
Zain,1058,1904,1853
congthanh123,1061,1877,1832
nikolapesic2802,1067,1783,1761
gravito12345,1069,1789,1765
harshit15,1075,1665,1671
AkiLotus,1077,1819,1787
irri,1078,1713,1706
BEAR0131,1083,1255,1385
omikad,1098,1464,1523
wasa855,1109,1509,1554
ItsLastDay,1110,1885,1834
Myrcella,1115,1530,1568
firi.,1117,1610,1626
RockyB,1163,1802,1766
amanbol,1165,1870,1818
Narut,1170,1927,1861
Evocation,1203,1669,1662
SUN.LOVE,1207,1875,1818
srikkanthr,1208,1700,1685
pufanyi,1213,1525,1555
sky3141,1226,1672,1662
HCPS42,1256,1793,1752
skytyf,1278,989,1202
AngrySeal,1292,1538,1557
BenniKartefla,1295,1829,1776
meooow,1307,1977,1889
Rahul,1334,1626,1619
Scayre,1335,1712,1684
bvd,1371,1951,1864
hat,1391,1668,1646
Kotoblepass,1412,1506,1523
_no0B,1416,1870,1798
Randoming,1422,1815,1756
mohamedeltair,1459,1929,1841
dlwocks31,1477,1877,1800
woshiluo,1498,1156,1277
aryanc403,1524,1923,1832
flyFeather,1531,1500,1509
GStnt,1536,1842,1769
solvemproblr,1554,1311,1373
Ran,1559,1815,1746
DimmyT,1567,1747,1693
Bakry,1586,1500,1504
PopescuMihai,1597,1535,1529
AQT,1617,1905,1812
sgc_KrySF,1617,1469,1479
Uzumaki_Narutoo,1621,1663,1625
Obsidius,1628,1485,1490
Verly,1628,1594,1572
AST_TheCoder,1664,1437,1452
gigabuffoon,1673,1891,1798
nghethuat102,1741,1707,1650
Anastasia_Yun,1761,1571,1545
Evlampiy,1764,1730,1666
Starman_,1800,1216,1286
CHENRUIJIE,1818,1322,1357
tauhrick,1822,1516,1498
QieziMin,1848,1439,1438
mh755628,1864,1561,1530
Sadra,1884,1500,1482
ravik1,1897,1439,1435
h4rdlyfunc710n4l,1921,1447,1439
revpro,1949,1488,1468
EternalAlexander,1976,1672,1608
add10k,2067,1476,1451
Baraa_Armoush,2071,1560,1515
limabeans,2301,1331,1323
gupta_samarth,2358,1331,1319
-rs-,2477,1357,1329
Igor_2017,2484,1172,1192
Bedoo,2501,1500,1440
Shirley_lf,2631,1316,1286
pi37,2710,1652,1551
klimoza,2738,1446,1380
evildanlapokin,2738,1476,1405
asuldb,2828,1437,1366
Kirito,3076,1306,1240
gustavoleal,3315,1171,1101
tiger2005,3334,1500,1377
2019_BecameMaster,3334,1162,1064
