handle,rank,oldRating,newRating
N.E.R.O,3,1975,2209
Ashishgup,5,2081,2259
bibibibi,7,1765,2028
stefdasca,8,2037,2207
BenniKartefla,11,2022,2181
Kilani,15,2000,2151
Roberio,17,1940,2103
hychyc,18,1900,2073
retcarizy,25,1500,1794
AkiLotus,27,2062,2165
Dalgerok,33,1917,2055
Makcum888,36,1974,2091
mxzf0213,44,1986,2089
ShadowLight,53,2089,2151
HatanoKokoro,65,1741,1900
wjli,66,1918,2021
gazelle,74,2012,2082
Aleks5d,75,2060,2116
JustInCase,76,2060,2115
killer_god,79,1952,2035
Ari,87,1930,2013
nweeks,91,1815,1932
Ali.Kh,93,2077,2117
FoodSheep,93,2040,2090
UnstoppableChillMachine,100,2065,2105
reeWorld,101,1907,1991
anil9717,108,2011,2060
Rebelz,108,1882,1968
Mahdi_Hajibeygi,112,1843,1939
vladmart,115,1921,1994
darkkcyan,118,1985,2038
sansen,123,1790,1896
klimmek55,123,1671,1814
noimi,130,2038,2071
tinca_matei,150,2029,2057
wh_ZH,153,1640,1781
nikolapesic2802,153,1885,1951
SUN.LOVE,158,1899,1960
pajenegod,160,1913,1969
Alpha_Q,168,2054,2068
Jhamra,168,2021,2044
Kerpoo,174,1895,1951
Flavius,174,1936,1981
sonhv3112,180,1651,1779
sas4eka,180,2060,2070
ssor96,187,1919,1965
PinkRabbitAFO,188,2045,2057
Sorting,193,1858,1920
Mamedov,202,1965,1994
AminAnvari,202,2093,2088
fshp971,212,2018,2030
fsshakkhor,212,1968,1993
pedroteosousa,218,1887,1933
AcPlusOne,223,1842,1900
mredigonda,236,2071,2063
Silver_Fox,256,1833,1885
HCPS42,264,1934,1957
congthanh123,268,1777,1841
AngrySeal,275,1691,1779
Sumeet.Shirgure,281,1862,1899
vbobrov,299,2057,2040
gigajet,323,1333,1532
ch_g,326,1733,1799
reshke,328,1509,1643
lungualex00,334,1811,1853
vanvector,336,2074,2047
average_frog_enjoyer,343,1972,1969
edenooo,351,1861,1886
SAeed,356,2061,2034
Baraa_Armoush,359,1513,1641
Stasana,366,1755,1807
IgorSmirnov,370,2091,2054
vstrimaitis,375,1918,1924
Astralpirate,381,1874,1891
GioChkhaidze,384,1822,1852
DeD_TihoN,394,1713,1771
Lukij,401,2056,2024
Ran,403,1854,1872
titia,408,1636,1715
xxxxxxmk,412,2056,2022
VladProg,414,2084,2043
HanaYukii,426,1676,1741
TianyiChen,444,2076,2033
Vax,445,2080,2036
Lixoskywalker,449,2093,2045
Ahmed-,454,1968,1950
bktl1love,455,1726,1772
Degalat57,468,1885,1886
Kotoblepass,475,1445,1574
sinus_070,480,2050,2008
Goorkiewicz,487,1910,1902
Lawali,495,1791,1813
YouKn0wWho,501,1889,1884
antoshkin,504,1464,1582
imslavko,504,1807,1823
74TrAkToR,528,1444,1565
nagpaljatin1411,540,1930,1910
alexxx998,540,2020,1978
lsantire,540,1957,1931
nghethuat102,546,1820,1827
meooow,551,1929,1908
natofp,571,1694,1733
ltf0501,574,1886,1873
gauss148,580,2021,1975
Warawreh,588,1812,1816
jam1729,588,1741,1764
little_misfortune,594,1851,1845
IF_IR_A_1_IR,594,1902,1883
_Solenya_,603,1890,1873
aman28rwt,620,1714,1741
Ivang,624,1446,1552
srikkanthr,643,1679,1713
radaloshara,648,1850,1838
ILoveBitches,648,1721,1743
_Ash__,653,2047,1987
mahdi.hasnat,697,1503,1582
Mohamed.Sobhy,709,1522,1594
Scayre,709,1650,1685
CrazyDiamond,709,1816,1806
Bakry,751,1571,1624
oToToT,762,1991,1935
IMRUN,796,1444,1532
Shaad7,806,1738,1739
Lucina,824,1455,1536
Andres_Alumets,832,1883,1846
Shtef,841,1633,1659
gold1103,851,1719,1721
Poimidorka,851,1493,1559
MaksymOboznyi,861,1932,1881
Rahul,875,1745,1738
Nakagawa.Kanon,898,1321,1440
PopescuMihai,927,1632,1651
Fugtemypt,927,1453,1524
VLamarca,927,1884,1840
AquaBlaze,967,1476,1537
Narut,981,1925,1867
negativez2,1019,1767,1745
czsnb,1032,1525,1566
Zain,1044,1918,1858
Evocation,1044,1831,1791
---Grigor---,1072,1876,1824
kimoyami,1077,1617,1628
andrew,1077,1925,1861
gratus907,1099,1463,1517
mh755628,1129,1616,1624
p1rattttt,1134,1431,1492
r57shell,1144,1632,1635
dlp__302,1151,1569,1588
myx12345,1159,1485,1527
cocktail,1164,1454,1505
sys.,1235,1693,1674
DIvanCode,1261,1542,1561
IceKnight1093,1272,1892,1824
Rutvik_Kothari,1276,1921,1846
dungdq,1286,1468,1505
thenymphsofdelphi,1286,1707,1681
babin,1286,1973,1886
Prostoegor239,1298,1861,1798
alireza_kaviani,1298,1673,1654
okwedook,1298,1939,1859
abisheka,1311,2003,1908
revpro,1311,1620,1613
Night,1311,1499,1525
tgritsaev,1311,1849,1787
kzvd4729,1331,1855,1790
arman_ferdous,1331,1784,1736
cheissmart,1331,1372,1434
Tokyo_Drift,1331,1926,1846
Imenkey,1331,1595,1593
NoAnguish,1331,1818,1762
lrvideckis,1331,1824,1766
nnv-nick,1359,1544,1553
MarcosK,1359,1741,1701
tusharjape007,1359,1573,1575
GT_18,1389,2099,1980
Ekler,1389,2020,1917
blyat,1416,1679,1650
divanik,1416,1949,1859
Mdominykas,1416,1783,1729
solvemproblr,1416,1676,1648
Rafaelcs,1482,1900,1817
_no0B,1482,1868,1792
LUV,1518,1430,1461
Nickir,1518,1893,1810
smtcoder,1549,1746,1694
AST_TheCoder,1579,1529,1529
Uzumaki_Narutoo,1645,1744,1688
pacha2880,1677,1689,1644
Sixpathsguy,1677,1340,1387
F0_0H,1677,1866,1781
Adhami,1711,1853,1770
omikad,1711,1646,1609
Enkognit,1711,1538,1527
Verly,1711,1592,1568
irri,1742,1720,1664
_Kee,1880,1823,1738
tauhrick,1880,1589,1557
Nikhil_Medam,1880,1451,1453
status_coding,1880,1191,1274
wery0,1880,1807,1726
QieziMin,1955,1447,1447
cmorax,1955,1601,1563
Maxzz,1955,1474,1467
Anastasia_Yun,2012,1578,1543
bogorodniy,2035,1083,1196
mat_v,2035,1707,1641
s20b1_chernikov,2035,1568,1534
ibrahim001,2064,1486,1470
Road_to_Candidate-master,2110,1536,1505
shinbay,2110,1499,1477
cr8,2154,1678,1613
donbasta,2179,1331,1351
HiedanoAkyuu,2198,1434,1424
eidan,2198,1893,1783
demoralizer,2250,1583,1535
-rs-,2276,1386,1384
catforces,2309,1563,1517
gustavoleal,2337,1379,1376
vishal4556,2337,2029,1888
JUSSIAR,2396,1289,1308
Smokey_Days,2418,1668,1595
Riladavin,2438,1502,1464
Astronomax,2438,1376,1369
coder_pulkit_c,2462,1410,1393
Kotehok3,2514,1281,1296
Timonnable,2630,1672,1590
IsaacMoris,2645,1331,1325
Mohammad.H915,2645,1200,1232
PedroBigMan,2706,1486,1440
VladHaivas0205,2731,1417,1386
atodo,2774,1648,1565
DimmyT,2802,1697,1604
Rvess,2823,1364,1341
beemax,2941,1369,1339
__cucumber__,2953,1462,1410
ExplodingFreeze,2958,1310,1293
curly_braces,2968,1431,1385
Sadra,2994,1427,1381
555,3261,930,1011
lyzqs,3290,1423,1364
Gurban,3383,1020,1059
heyuhhh,3398,1245,1220
Java,3431,989,1035
mban259,3432,1511,1430
blobugh,3468,1500,1419
kkite_gk,3513,1409,1343
Ooops_no,3526,1022,1050
Bedoo,3588,1161,1144
quocnguyen,3612,1325,1270
DilshodbekX,3633,1303,1251
rt3,3656,1525,1433
Yurushia,3683,1500,1411
TurboYarik,3805,1053,1048
BaluconisTima,3892,1138,1105
ilya_kuzmin,3898,647,777
Arayi,3934,1327,1255
romi_sahari,3942,1386,1304
parsa333111,4018,1500,1398
gmusya,4073,1541,1431
yahia,4120,1124,1077
Hugin,4136,1420,1298
cxhscst2,4136,2080,1878
ajit,4136,1500,1371
Fype,4136,1500,1371
Prateek,4136,1382,1263
Evirir,4136,1500,1371
