handle,rank,oldRating,newRating
atacan,2,1861,2106
Nyaan,6,1865,2058
Fly_37,12,1853,2018
LUL____SEPLED1305,25,1780,1933
ibrahim001,26,1787,1936
lucas3h,28,1519,1753
Noam13,30,1707,1874
Yurushia,40,1720,1868
MateoCV,44,1768,1897
Kniaz,45,1866,1965
ioane_kapanadze,47,1875,1969
vladvlad00,47,1849,1950
2qbingxuan,50,1892,1979
thatprogrammer,56,1797,1906
Astrea,60,1783,1893
harshhx17,62,1815,1913
hipo,65,1872,1952
brunomont,68,1794,1894
PedroBigMan,88,1583,1737
David-M,100,1721,1824
hkyiitd,102,1795,1875
Artyom123,111,1730,1824
dixitgarg,119,1486,1656
tem_shett,129,1713,1805
Eramoni,131,1845,1898
KalasLavas,132,1856,1905
Robsob,132,1385,1586
DiegoGarcia,140,1766,1838
Sadra,164,1592,1709
torisasami,172,1618,1724
AcPlusOne,173,1856,1892
2Nor22,176,1555,1680
mbalsells,178,1749,1813
Owmicron,180,1672,1759
csegura,191,1832,1869
Igor_2017,198,1662,1746
curly_braces,202,1829,1864
bhatnagar.mradul,205,1622,1716
sevlll777,210,1770,1819
popashka,225,1826,1856
sievra,241,1876,1889
magga,255,1368,1535
Enkognit,258,1858,1872
ravik1,260,1793,1824
FFFFFFFHHHHHHH,270,1659,1727
michao,276,1584,1673
Fortitude,283,1885,1887
otbitiy_serb,284,1611,1690
solvemproblr,291,1850,1860
revpro,292,1876,1879
AlexReformed,296,1839,1851
Riladavin,297,1724,1767
nishant403,300,1857,1863
seduneon,303,1732,1772
SorahISA,306,1832,1844
ExplodingFreeze,321,1518,1619
Igorbunov,331,1539,1632
Tlatoani,332,1876,1872
dimdum,335,1843,1847
Patwari26,337,1442,1565
AST_TheCoder,353,1649,1704
AlexThunder602,358,1822,1828
gupta_samarth,362,1577,1652
nishkarsh,363,1871,1864
fried-chicken,378,1675,1718
impermanence,398,1896,1877
ayk16,402,1768,1782
Wibo,413,1633,1683
I_LOVE_ANTON_DONBASS,418,1712,1739
srikkanthr,425,1733,1753
andr1y,426,1535,1613
_Seyed37_,427,1878,1860
madhav_1999,439,1861,1846
swapnil159,447,1661,1698
cmorax,454,1877,1855
moonshine,454,1656,1693
ChrisT,459,1627,1672
great_fortune,468,1537,1608
mahdi.hasnat,469,1799,1796
Nikhil_Medam,473,1703,1725
qxforever,475,1718,1736
gratus907,477,1819,1809
JulianFernando,480,1840,1825
joylintp,482,1671,1701
bcollet,501,1517,1590
FEDIKUS,515,1544,1607
Prateek,517,1583,1634
Kotehok3,525,1709,1723
ahshafi,537,1826,1808
joseacaz,547,1883,1850
EZiganshin,560,1351,1471
mh755628,563,1854,1827
AwakeAnay,567,1827,1805
Uzumaki_Narutoo,574,1817,1797
Dragnoid99,598,1460,1539
shinbay,604,1837,1810
beemax,621,1525,1581
siddhugzp,637,1379,1480
RohitRKS,658,1500,1559
egge,678,1428,1508
atakanysr,686,1262,1399
kostia244,712,1715,1708
N.N_2004,724,1431,1505
BurnoutAg7,730,1634,1647
islingr,732,1407,1488
Starman_,777,1636,1645
kai824,790,1701,1691
tonyli00000,798,1868,1817
Undying,823,1442,1503
rafaelgo,826,1795,1760
ajit,877,1444,1499
coder_pulkit_c,887,1808,1765
Stanislau,898,1434,1491
antoshkin,910,1876,1815
RetiredPlayer,940,1428,1483
Bedoo,965,1672,1657
bufftowel,973,1467,1507
_greedy,977,1867,1804
jakao,981,1624,1620
vlatko,986,1404,1463
Mohammad.H915,1024,1843,1783
Scayre,1052,1637,1625
JoseSoto,1055,1834,1774
Bartol,1058,1618,1610
evildanlapokin,1060,1522,1540
galen_colin,1118,1631,1616
CUCO,1134,1882,1807
ilia-ivanov,1152,1449,1481
CodigoL,1163,1757,1709
jam1729,1165,1811,1750
Anastasia_Yun,1168,1800,1741
Imenkey,1172,1723,1682
madlad,1193,1600,1588
ema,1201,1741,1694
luciocf,1226,1807,1744
Sixpathsguy,1264,1522,1526
Astronomax,1273,1600,1583
nnv-nick,1273,1591,1576
Charbel,1284,1518,1522
smtcoder,1309,1827,1755
ansisgustavs2,1347,1573,1558
Karavaiev,1347,1737,1683
lukamosiashvili,1353,1766,1705
2020akadaver,1391,1458,1472
TsukikoTsutsukakushi,1414,1399,1428
HynDuf,1426,1438,1455
Newtech66,1451,1513,1508
phyzzmat,1460,1754,1691
Zandew,1461,1629,1595
vrooooom,1530,1294,1348
4qqqq,1543,1310,1358
purp4ever,1557,1435,1445
DJeniUp,1570,1357,1389
VladHaivas0205,1586,1609,1573
VivekUchiha,1609,1453,1455
Roham,1627,1136,1238
gmusya,1680,1505,1489
pseudocoder10,1708,1542,1516
caoash,1712,1506,1489
Pazio,1780,1490,1473
mars4,1793,1500,1480
Olerinskiy,1804,1247,1299
Dormi,1874,1640,1584
GioChkhaidze,1930,1765,1679
AwesomeHunter,1985,1390,1389
-messi-,2035,1507,1474
xpov1LL,2060,1567,1519
GLAYS,2090,1771,1678
mip182,2093,1385,1380
Iftekhar_Hakim_K,2132,1688,1611
Kalashnikov,2134,1292,1311
Valters07,2225,1147,1205
generic_placeholder_name,2225,1483,1446
Son,2225,1898,1775
mban259,2225,1665,1588
Ivre,2260,1131,1190
Mike4235,2260,1249,1271
pengin_2000,2260,1619,1549
Orange_JuiCE,2260,1408,1386
_rey,2404,1500,1448
kiomi,2404,1273,1277
vok8,2404,1500,1448
Arnob,2524,982,1075
DilshodbekX,2756,1284,1267
ligaydima,2878,1372,1329
BabaVoss,2987,1194,1189
DeadlyCritic,2987,1382,1331
Alfeh,3119,1285,1252
Rayo,3215,726,874
Vectors_Master,3308,1428,1357
brenner1,3461,1246,1207
BERNARD,3530,1068,1071
xyz.,3530,1315,1258
Mprimus,3863,1161,1122
Abbess,4076,1225,1162
eggag32,4094,1235,1169
I_HATE_CONSTRUCTIVES,4131,1523,1411
ElyesChaabouni,4140,1282,1205
RaresFelix,4426,1500,1382
Kirill22,4454,1846,1681
KKT_89,4850,1370,1252
tokitsukaze,4864,1606,1459
Kizuna_AI,5063,1500,1363
