handle,rank,oldRating,newRating
Warawreh,6,1875,2088
QCFium,7,1500,1832
Savior-of-Cross,10,1883,2066
wasa855,15,1835,2018
crackersamdjam,19,1607,1854
tirlimster,23,1722,1921
Nikhil_Medam,37,1767,1929
mhy908,42,1750,1912
qxforever,43,1894,2011
Scayre,50,1625,1818
Harry_bh,62,1873,1979
WA_King,65,1711,1863
jjang36524,79,1782,1903
Imenkey,85,1604,1779
reiracofage,89,1771,1890
phyzzmat,90,1885,1970
John_zyj,96,1632,1792
beacon_cwk,110,1696,1828
candlestick,117,1500,1695
jjaworska,117,1828,1916
daniel14311531,119,1865,1942
reshke,129,1812,1900
k24,136,1794,1885
YouKn0wWho,139,1851,1925
SorahISA,140,1898,1958
HiedanoAkyuu,152,1864,1929
pufanyi,153,1606,1750
VinstaG173,155,1480,1667
Hugin,158,1696,1809
AC_sahER,160,1692,1806
Vingying0,166,1774,1861
ahshafi,172,1717,1819
alexxx998,173,1895,1945
m_99,179,1710,1813
Tavern,183,1842,1904
1946037404,184,1500,1671
SuperJ6,186,1716,1815
achvanov,209,1746,1830
Tgiwx,212,1843,1898
sunyx,220,1724,1811
bvd,225,1891,1929
kostia244,241,1800,1860
gratus907,253,1839,1886
Iftekhar_Hakim_K,262,1654,1753
Jhamra,282,1851,1889
howardyang,283,1780,1837
Retired_Isaunoya,286,1764,1826
PineapplesOnPizza,295,1792,1844
Dragon_in_Bed,302,1411,1585
askd,302,1689,1770
popashka,304,1800,1848
VladHaivas0205,307,1581,1695
lahlah,309,1649,1741
sevlll777,336,1855,1883
RedLycoris,343,1899,1914
QwertyPi,386,1739,1792
shurongwang,398,1777,1817
Grieg,410,1710,1768
add10k,414,1655,1729
fishy15,416,1755,1799
Logey,421,1716,1771
TheFallenOne,447,1843,1859
I.Gleb,458,1479,1604
RinkaSnow,461,1816,1837
Ufowoqqqo,466,1869,1876
installb,467,1873,1879
chenxiaoyan,470,1811,1833
joylintp,471,1722,1769
bktl1love,477,1890,1890
bcollet,486,1827,1842
cmorax,496,1826,1840
dvdg6566,514,1826,1838
beemax,514,1819,1833
Linqi05,520,1516,1620
hieu_2004,520,1599,1676
qsmcgogo,527,1749,1781
2Nor22,538,1738,1772
Flamire,538,1679,1730
Owmicron,548,1751,1780
bhatnagar.mradul,548,1617,1685
Peasant,562,1887,1878
gabrielwu,562,1787,1805
asdkjc,562,1718,1755
BEAR0131,578,1787,1803
lucasxia01,598,1722,1754
gs17005,604,1670,1717
frogcatcher,609,1839,1838
shinbay,609,1772,1789
coder_pulkit_c,609,1825,1828
Mahmoud_Haddad,627,1519,1610
IsaacMoris,633,1717,1747
YahiaSherif,642,1534,1618
M1v1savva,653,1766,1781
Pechalka,653,1730,1755
Starman_,675,1571,1641
yulik.daniel,675,1626,1679
dlp__302,680,1795,1800
GioChkhaidze,680,1641,1689
Nanako,704,1586,1648
mahdi.hasnat,735,1777,1782
swapnil159,735,1765,1773
omikad,751,1788,1789
vladmart,760,1877,1854
galen_colin,775,1895,1867
jakao,786,1747,1756
EternalAlexander,793,1834,1820
catforces,803,1709,1727
vito1036,827,1700,1719
Khozhaev,835,1787,1782
Arayi,855,1871,1844
tonegawa,855,1718,1730
skydogli,855,1680,1702
0wuming0,879,1685,1704
kai824,879,1728,1735
atakanysr,879,1493,1569
magnified,893,1441,1533
0-jij-0,893,1610,1649
kshitij_sodani,906,1391,1499
Igor_2017,922,1592,1635
lukamosiashvili,922,1743,1744
curly_braces,932,1772,1765
ibrahim001,962,1784,1771
Verly,994,1756,1749
bogorodniy,994,1572,1616
qdd,1002,1895,1853
Spheniscine,1002,1587,1626
zzpcd,1012,1800,1780
Zain,1012,1852,1820
TimeLimitExceed,1025,1786,1769
tgritsaev,1025,1853,1820
martins,1025,1891,1849
BurnoutAg7,1059,1876,1835
Lolboyyyy,1059,1571,1610
antoshkin,1076,1784,1764
I_HATE_CONSTRUCTIVES,1076,1619,1643
ZADaCHI,1076,1285,1418
Alexdat2000,1094,1502,1560
aZvezda,1094,1696,1698
MagentaCobra,1094,1685,1690
WiwiHo,1133,1636,1652
yudedako,1147,1500,1556
Sprdalo,1154,1608,1631
thunderbird001,1154,1516,1566
Shirley_lf,1154,1743,1730
kohandy,1154,1882,1835
ghost_of_sparta1,1154,1886,1838
bufftowel,1168,1506,1558
ZCKevin,1168,1683,1684
LincolnYe,1196,1500,1552
He_Ren,1196,1603,1625
fcw,1220,1500,1551
profi,1220,1877,1828
Lavine,1234,1562,1593
abc864197532,1263,1515,1559
watemus,1287,1828,1787
TranLeHiep,1287,1804,1769
generic_placeholder_name,1287,1321,1427
muhammadhasan01,1287,1703,1693
nprakhar0411,1321,1408,1482
Monazo1997,1321,1608,1622
ChrisT,1335,1899,1840
Dalenator,1379,1746,1721
Jerry__Jiang,1379,1409,1479
PMPuns,1394,1541,1570
islingr,1419,1470,1518
gupta_samarth,1436,1640,1639
mip182,1447,1663,1656
ilaburkov,1447,1441,1497
Uzumaki_Narutoo,1497,1620,1622
I_LOVE_ANTON_DONBASS,1497,1623,1624
ema,1511,1763,1728
156250lcy,1517,1749,1717
madlad,1549,1672,1657
qiuzx,1549,1500,1533
artem3605,1588,1438,1488
dantaxyz,1588,1440,1489
Agnimandur,1600,1505,1534
Astronomax,1615,1643,1633
ComplexPug,1677,1822,1766
Sugarii,1677,1831,1773
Meatherm,1677,1493,1521
Prateek,1677,1566,1574
_chess_,1707,1530,1547
Java,1707,1543,1556
caoash,1726,1493,1520
azberjibiou,1752,1698,1669
Ina,1766,1602,1596
OMG_wc,1779,1887,1813
ExplodingFreeze,1805,1707,1674
ChaosAngel,1805,1615,1604
Bruteforcer101,1820,1523,1536
QwQcOrZ,1837,1523,1535
Agnus,1862,1399,1447
grandesonnerie,1862,1405,1451
Priyank,1887,1520,1532
Davoth,1898,1502,1518
Raiden,1937,1529,1536
alocytus,1937,1709,1670
st1vdy,1937,1699,1663
fbabic,1937,1613,1597
Jaydeep999997,2013,1584,1573
verngutz,2013,1812,1747
junseo,2029,1578,1568
brenner1,2043,1418,1452
Imperfect,2043,1833,1762
neihcr7j23,2061,1614,1593
N.N_2004,2061,1480,1495
Naseem17,2086,1770,1712
PhanDinhKhoi,2101,1520,1522
smax,2101,1515,1519
marcOS,2101,1567,1557
kunj017,2124,1541,1537
vrooooom,2156,1525,1524
Jackylkk2003,2201,1703,1656
michao,2317,1628,1596
z7z_Eta,2325,1628,1595
robivirt,2364,1282,1345
Lucina,2364,1749,1687
kumaraditya1999,2381,1526,1516
--tofu--,2398,1663,1620
Roll_Num_56,2407,1560,1541
joaom,2456,1683,1633
derrick20,2521,1514,1502
Robsob,2573,1524,1508
hieplpvip,2604,1781,1705
sweetsc,2612,1692,1635
ansisgustavs2,2639,1490,1481
__Watcher,2648,1704,1644
Orange_JuiCE,2656,1774,1698
skicean,2662,1429,1436
BilyHurington,2672,1543,1520
DilshodbekX,2683,1313,1353
Charbel,2721,1560,1531
cmwqf,2726,1603,1563
abhinavvv306,2745,1282,1330
LTb,2755,1341,1370
nghethuat102,2766,1668,1612
krasav4ik,2836,1820,1730
Mr_Programmer_98,2844,1734,1662
Flower_On_Stone,2855,1424,1425
555,3031,1594,1547
HelloImTuan,3061,1426,1419
Roham,3108,1239,1286
KJGKMTZB,3142,1489,1464
FFFFFFFHHHHHHH,3176,1699,1626
Y_is_sunshine,3243,1456,1435
Abbess,3274,1484,1456
Drew_,3302,1463,1439
lqx2005,3348,1481,1452
JianfengZhu,3365,1496,1463
romi_sahari,3381,1507,1470
rama798,3388,1609,1549
ScarletS,3399,1364,1363
DavitMarg,3436,1667,1594
fried-chicken,3475,1797,1697
gzchenben,3539,1518,1474
ajit,3584,1691,1609
Purple_wzy,3615,1669,1591
yltx,3639,1500,1458
vok8,3663,1306,1312
CHHC,3670,1661,1583
ijxjdjd,3683,1191,1231
RetiredPlayer,3692,1586,1523
Alice_Synthesis,3719,1561,1503
marton.antoni,3742,1751,1654
Ibrahim_Khandakar,3750,821,1001
AvinashKartik,3760,1298,1303
Programmer,3778,1839,1725
xuezhe,3786,1500,1453
Mprimus,3797,1404,1380
lexiyvv,3920,1281,1285
Alfeh,3962,1291,1291
a.stepanov281005,4027,1324,1312
Valters07,4063,1414,1379
anhkha1004,4184,1228,1238
wenhao801,4264,1409,1370
JoseSoto,4269,1769,1658
Wibo,4300,1598,1518
Mr_Wu,4300,1780,1667
CQXYM,4334,1403,1363
-messi-,4365,1671,1576
Dukkha,4451,1506,1441
AugustinasJucas,4467,1509,1443
rafaelgo,4490,1864,1733
kizen,4496,1789,1671
AhmedEzzatG,4496,1768,1653
Son,4508,1611,1524
Ivre,4523,1025,1086
oldherd,4653,1500,1431
EasonTAO,4653,1346,1309
ruogu,4687,1740,1627
MAKMED1337,4752,1500,1428
Bedoo,4805,1633,1536
Kalashnikov,4830,1144,1153
parsa333111,4845,1538,1457
Dremix10,4853,1500,1426
KKT_89,4886,1486,1413
Arnob,4899,1113,1129
luciocf,4932,1828,1696
BabaVoss,4995,1472,1399
limabeans,4995,1551,1464
lanhf,5034,1375,1320
VivekUchiha,5051,1440,1372
xyz.,5071,1640,1536
uuku,5083,1500,1420
brown_toad,5092,1212,1192
Stanislau,5153,1496,1415
Nutella3001,5249,1500,1416
Elaina,5298,1375,1313
GsjzTle,5341,1300,1251
Kausal,5455,1783,1650
AmShZ,5528,1263,1216
Olerinskiy,5599,1446,1363
shinigami11,6129,1356,1273
Rayo,6206,793,842
Mike4235,6261,1266,1192
Yellowgood,6261,1083,1044
H8_8Q,6368,1279,1199
pac-man21,6391,1500,1390
Kawaii,6740,997,948
Ahmadsm2005,6890,1419,1306
rainboy,7059,1765,1607
