handle,rank,oldRating,newRating
rainboy,1,1764,2122
QwertyPi,2,1916,2192
Atalasion,3,2085,2292
Arayi,5,1940,2167
SPatrik,8,2095,2248
Sorting,12,2081,2225
hzwer,14,2048,2194
yudedako,20,1936,2099
cr8,21,1930,2092
mahdi.hasnat,26,1770,1973
Rvess,27,1852,2026
shogier,28,1785,1979
abhishek_saini,38,1976,2096
Ferume,41,1974,2090
wangziji,46,1962,2077
Rubikun,47,2012,2111
guyan,49,2040,2128
Ashot_27,49,1695,1889
martins,58,1958,2063
Stelutzu,60,2012,2099
armoking,64,1943,2046
NinjaDoggy,67,1772,1926
MrLolthe1st,68,1878,1998
David-M,76,1680,1857
DimmyT,77,1881,1994
cxk0707,79,1946,2038
L0TUS,80,2094,2144
taran_1407,83,2065,2122
bktl1love,85,1953,2040
BenniKartefla,87,1970,2051
sazzach,90,1920,2012
alexxela12345,96,2086,2129
tobias.glimmerfors,98,1612,1797
irri,100,1988,2057
mahmoudbadawy,107,1992,2056
icpc_loser,110,1903,1991
EgorShibaev,113,1723,1864
Z3L5M,114,1955,2026
Potassium,115,2037,2085
TheFallenOne,116,2065,2105
fsshakkhor,122,2062,2100
Akatsuki_,129,1896,1977
dlwocks31,132,2020,2065
GLAYS,133,1737,1864
kobor,134,2016,2061
Nson,140,2028,2068
eisen_shinzou,142,1689,1827
bupt_magicstar,151,2029,2065
titia,152,2063,2089
cmorax,154,1949,2006
reeWorld,159,2074,2095
kzyKT,159,2063,2087
Bashca,162,2000,2040
2qbingxuan,164,1808,1902
qxforever,164,1929,1988
Ekler,167,2034,2063
triple__a,167,2057,2080
DDUDUDDUDU,169,2072,2091
ssor96,177,1870,1941
ILoveBitches,177,1989,2027
jhhope1,183,1881,1947
congthanh123,186,1911,1968
He_Ren,194,1858,1927
chaitanya,203,1768,1861
hkyiitd,206,1862,1927
edenooo,222,2040,2052
catforces,225,1809,1885
-rs-,225,1986,2012
atakanysr,232,1712,1814
mnaveenkumar2009,235,1943,1979
Alexxx,236,2012,2028
destination,240,1711,1811
Plurm,244,1904,1947
bktl4ever,253,1925,1961
maxflow,262,1627,1748
Enkognit,265,1992,2008
Agnimandur,275,1794,1862
se1ka2,275,1757,1835
JustInCase,280,2025,2029
_Oogway_,282,1744,1824
mtnshh,288,1897,1933
evildanlapokin,288,1763,1837
tute7627,294,2074,2062
thenymphsofdelphi,294,2052,2046
dantrag,294,1944,1966
QieziMin,300,1922,1949
firi.,308,2082,2066
emthrm,308,2088,2071
FFFFFFFHHHHHHH,311,1704,1791
romi_sahari,318,1638,1743
hocky,324,1977,1985
Maliniarz,328,2049,2038
TranLeHiep,333,2007,2006
ZCKevin,340,2042,2030
abisheka,340,1937,1953
shuashuawan,347,2014,2009
RTnF,352,1795,1848
Fugtemypt,356,1892,1917
YouKn0wWho,362,1949,1958
Pccc,362,1574,1691
lahlah,368,1743,1808
NoAnguish,371,2037,2022
PineapplesOnPizza,371,1707,1781
tuihuademing2,378,1676,1759
jam1729,378,1756,1816
geckods,381,1921,1935
Stepavly,388,2036,2019
Charbel,388,1620,1718
kai824,388,1894,1914
achvanov,399,1889,1909
RetiredPlayer,401,1664,1747
andreumat,406,1719,1785
farmerboy,410,1968,1965
pengin_2000,410,1768,1819
amanbol,421,1972,1966
Sugarii,421,1951,1951
Naseem17,421,1666,1744
stefanbalaz2,421,1972,1966
Adhami,429,1997,1984
Mahmoud_Haddad,429,1538,1655
wyyxhjth,434,1749,1802
ajaybgunjal,434,1565,1673
bbmirbek,434,1790,1831
serotonin,445,1912,1919
gleb.astashkin,456,2009,1991
candlestick,463,2023,2000
kupriyanov,463,1702,1764
Igorjan94,466,1957,1950
Owmicron,468,1634,1716
sievra,471,1859,1877
Andres_Alumets,475,2006,1986
sevlll777,481,1898,1904
CQXYM,481,1710,1767
reshke,481,1772,1812
mh755628,492,1881,1890
Supermagzzz,499,1905,1907
SW2000,507,1814,1839
curly_braces,521,1727,1775
dlp__302,539,1933,1923
DQ9911,539,1841,1855
Son,543,1815,1836
LZDQ,546,1703,1754
vanvector,556,1953,1937
impermanence,572,1865,1869
Dalenator,575,1864,1868
nor,577,1634,1702
Dilhao,589,1779,1804
humbertoyusta,593,1603,1678
Karavaiev,620,1739,1772
uryuuu,628,1617,1684
myx12345,633,1719,1756
madn,636,2037,1993
shinbay,636,1844,1847
sstrong,646,1960,1934
Meijer,650,1951,1926
0-jij-0,653,1703,1743
takumi152,656,1959,1932
edsa,656,1911,1895
sheercold,660,1776,1795
Mucosolvan,666,2019,1976
Juney,700,1952,1923
EZiganshin,703,1769,1785
srikkanthr,705,1907,1888
HadyKo,707,1836,1835
YeongTree,718,1933,1906
profi,724,2090,2026
WiwiHo,724,1886,1870
nweeks,727,1853,1845
jakao,727,1661,1705
cheissmart,737,1915,1891
Karuna,737,2027,1976
Flamire,747,1655,1699
Normie28,749,1683,1718
xyz.,757,1629,1679
limabeans,757,1674,1711
nishkarsh,761,1877,1860
DeD_TihoN,766,1929,1899
TigerStar,774,1670,1706
Scayre,780,1672,1707
Qingyu,780,1860,1846
JUSSIAR,789,1736,1753
r57shell,804,1726,1745
Imakf,820,1700,1724
Rip_robot,823,1643,1683
kshitij_sodani,829,1699,1723
Nutella3001,829,1658,1693
ChaosAngel,835,1770,1774
Zain,843,2067,1999
swapnil159,851,1840,1825
Honey_Badger,851,1614,1659
Lolboyyyy,867,1661,1692
solvemproblr,867,1648,1682
coder_pulkit_c,879,2029,1967
TheodenOLE,879,1666,1694
hltk,902,1834,1817
DeadlyCritic,907,1472,1555
robotolev,914,1658,1686
I_HATE_CONSTRUCTIVES,931,1757,1757
abdu.srazh,931,1385,1494
vsinitsynav,942,1510,1578
Kotehok3,942,1741,1744
generic_placeholder_name,949,1501,1571
abhinavvv306,958,1409,1507
rek,958,1830,1809
KKT_89,974,1730,1733
AugustinasJucas,974,1453,1536
artem3605,996,1484,1556
fried-chicken,1030,1635,1660
yz_,1038,1759,1751
vito1036,1058,1879,1840
GsjzTle,1077,1461,1534
rafaelgo,1084,1843,1811
2Nor22,1104,1830,1800
Prateek,1104,1661,1674
Ijf007,1104,1500,1559
joylintp,1118,1801,1778
bufftowel,1161,1749,1735
Iftekhar_Hakim_K,1170,1604,1628
Patwari26,1170,1640,1654
huangzirui,1170,1496,1551
Valters07,1181,1495,1549
WeakestTopology,1209,1501,1552
gupta_samarth,1218,1630,1644
siddhugzp,1218,1610,1629
anonymous_Bunny,1261,1894,1840
faresbasbas,1275,1721,1708
Deep_Kevin,1297,1691,1684
binpaw,1310,1819,1780
FEDIKUS,1331,1630,1636
Thallium54,1331,1663,1661
Alexdat2000,1331,1788,1755
Tatsuyaaaa,1363,1578,1597
Caed,1376,1491,1534
hata_saa,1376,1298,1402
grandesonnerie,1376,1575,1594
platter,1400,1488,1530
HynDuf,1400,1698,1683
shinigami11,1421,1312,1408
DavitMarg,1453,1860,1804
tanus_era,1453,1660,1652
Roll_Num_56,1478,1679,1665
dakshgarg,1478,1306,1401
AmShZ,1493,1612,1614
chill_coder,1499,1357,1433
beemax,1514,1685,1668
dinesh_barri,1514,1719,1694
I_Love_Trott,1530,1493,1526
tgritsaev,1530,1990,1902
moonshine,1594,1790,1744
great_fortune,1617,1800,1750
BabaVoss,1648,1546,1558
Raiden,1662,1497,1522
magga,1699,1499,1521
muhammadhasan01,1741,1780,1729
Galebickosikasa,1762,1488,1510
balakrishnan,1774,1914,1832
holdit,1794,1500,1517
AmirhosseinAssar,1808,1302,1378
_Enigma__,1817,1352,1411
ILLENIUM,1843,1623,1606
magnified,1906,1717,1674
hieplpvip,1911,1945,1852
yongwoods,1939,1671,1638
abc864197532,1960,1742,1691
Astronomax,1975,1657,1625
Jackylkk2003,1987,1656,1624
ansisgustavs2,1998,1558,1550
Justice_Hui,2013,1620,1596
DilshodbekX,2047,1297,1361
mip182,2130,1819,1744
AvinashKartik,2157,1647,1610
Doru,2184,1438,1453
Lokeo,2246,1586,1560
Elo,2272,1437,1448
ijxjdjd,2292,1585,1557
Abbess,2292,1365,1395
parsa333111,2304,1617,1581
Fidisk,2304,1483,1480
mc._cari,2341,1386,1408
Ahmadsm2005,2349,1235,1303
Sixpathsguy,2357,1687,1633
madlad,2399,1815,1732
Mprimus,2420,1378,1398
Gheal,2476,1566,1536
Nelson_loh,2512,1449,1446
Alfeh,2526,1357,1379
TheScrasse,2552,1500,1483
ExplodingFreeze,2588,1695,1631
Anastasia_Yun,2599,1683,1621
ngpin04,2654,1561,1525
buyolitsez,2725,1569,1529
lukameladze1,2738,1464,1448
Ibrahim_Khandakar,2750,1120,1207
ZADaCHI,2776,1508,1480
CrayonKe,2785,1500,1474
mars4,2885,1472,1449
Qwerty1232,2986,1403,1392
vok8,3096,1461,1433
BERNARD,3188,1025,1124
De-Bug,3202,1500,1459
VladHaivas0205,3214,1656,1581
pavement,3222,1381,1367
bogorodniy,3222,1649,1575
meme,3226,1908,1783
page_fault,3226,1532,1483
.-O_O-.,3267,1447,1416
muoshuo,3321,1412,1386
PhanDinhKhoi,3321,1612,1542
ybw051114,3370,1690,1603
Mike4235,3419,1140,1186
SinaSahabi,3487,1161,1196
zenman,3487,1326,1314
kiomi,3545,1462,1416
aryan12,3663,1480,1427
nguyenhoangminh318,3736,1351,1324
FelixArg,3766,1357,1327
EN_SA,3989,1435,1380
Java,3989,940,1025
LTb,4058,1700,1593
Arnob,4074,1393,1344
BitHashTech,4548,1828,1688
Koosha_Mv,4969,1301,1238
Dukkha,5261,1600,1459
Millad,5261,1090,988
Shigen,5261,1254,1143
manizare,5261,1500,1369
lanhf,5261,1099,997
Soumya1,5261,1331,1215
