handle,rank,oldRating,newRating
Gilwall,13,1933,2157
chasedeath,14,2029,2220
12tqian,16,1830,2078
caidzh,23,1857,2079
OTTFF,25,1958,2144
kissgergely,29,2072,2217
_no0B,30,1881,2082
yaoR,34,1500,1828
jhzjk,35,1928,2107
MylnikovNikolay,39,2003,2155
GsjzTle,42,1944,2110
sinus_070,45,2043,2176
Fly_37,48,2045,2174
SSRS_,52,2010,2146
Berbi,54,2090,2201
alocytus,55,2084,2196
Aeon,59,2081,2190
LeoPro,64,2013,2138
Jostic11,65,1739,1949
TimothyW553,68,2019,2140
osladky,70,1698,1918
errorgorn,76,2081,2179
tem_shett,77,1942,2079
ghost_of_sparta1,83,1920,2060
Retired_Isaunoya,89,2079,2170
arman_ferdous,90,2005,2116
p1rattttt,93,2051,2147
lsantire,93,2042,2141
guyan,95,2081,2168
_Yuru_,98,2057,2149
Juney,101,2070,2157
achvanov,102,1965,2082
Yzm007,104,1827,1984
cute_hater,107,1904,2037
RTnF,112,2085,2163
kimoyami,115,1968,2077
blobugh,126,1952,2062
Dart-Xeyter,129,1993,2090
Huah,129,1916,2035
BurnedChicken,131,2002,2096
LeCaRiBoU,132,2088,2157
fezjo,137,1963,2065
156250lcy,140,2016,2102
RahulChugh,141,1820,1964
ILoveBitches,142,1957,2059
FlameDragon,142,1884,2008
I.Gleb,148,2019,2102
greenmile220,148,1747,1912
nweeks,151,1860,1988
Kausal,152,1853,1983
XiaoZhan,153,1910,2022
MoonPie,153,1924,2032
cabessa,155,1729,1897
pengin_2000,156,1932,2037
Eramoni,158,1926,2032
abisheka,158,1834,1968
johutha,160,1949,2048
cjj490168650,161,1972,2064
qxforever,166,2070,2133
hat,166,1882,1999
Mr.Robot_28,169,2052,2119
Maliniarz,170,1870,1989
takumi152,171,2048,2115
kupriyanov,173,1998,2079
realcomplex,174,2091,2146
pepelats,178,1843,1968
testing_123,179,1931,2029
antonis.white,188,1911,2013
toxic_hack,194,1976,2057
Rvess,194,1883,1991
Gravekper,199,1763,1907
Sergey.Bankevich,201,2084,2134
Magi,202,1656,1834
vladvlad00,205,1881,1987
Fugitive,213,1847,1961
ibrahim001,217,1861,1970
shurongwang,218,2057,2110
rniya,222,1500,1726
kostyamyasso2002,222,2009,2074
jhhope1,224,2021,2082
ImmortaLimit,231,1803,1926
Osama_Alkhodairy,238,2087,2127
XeQuadF,242,1967,2039
yzc2005,244,2006,2067
F-Mu,248,1954,2029
Plurm,251,2030,2083
ku-haku,265,1852,1953
Kotoblepass,267,2037,2085
sonhv3112,269,1886,1976
Shtef,276,2026,2075
QCFium,278,2072,2109
GLAYS,281,2009,2062
Imenkey,285,1967,2031
HIT_Zero,286,1998,2053
Sugarii,287,1869,1961
lzoilxy,288,1995,2051
PineapplesOnPizza,296,1845,1942
OInfly,298,1797,1908
Lolboyyyy,307,2023,2068
vipghn,316,2049,2085
Irkutsk_ISRU,316,1823,1923
ExplodingFreeze,321,1887,1967
TheScrasse,324,1882,1963
volkov179,329,1963,2021
aman28rwt,331,1725,1852
Kaey,336,1934,1999
bhatnagar.mradul,338,1950,2010
otbitiy_serb,340,2099,2118
martins,342,2092,2113
Koosha_Mv,352,1952,2009
Flandre_495,367,1739,1856
joseacaz,370,1940,1998
QwQcOrZ,380,1821,1911
Lucina,391,1932,1989
tonyli00000,392,1838,1922
Asuka,393,1863,1939
add10k,394,1895,1962
balakrishnan,399,1885,1954
demantarnir,399,1650,1790
KaphI,401,1885,1954
crazyilian,406,1973,2017
Lieska,408,1662,1797
jam1729,411,1963,2009
mjtai,414,1844,1923
Asagami,419,1943,1993
anonymous_Bunny,426,2005,2037
parsa333111,430,2027,2053
dannyboy20031204,430,1626,1769
mkawa2,434,1618,1763
TravellingSalesman,442,1792,1882
SuperJ6,445,1903,1961
gyh20,446,1992,2025
Shaad7,450,1884,1947
revpro,460,1937,1984
LightningUZ,463,1738,1842
Crz_Willis,465,1655,1784
_Enigma__,466,1705,1818
czjxyz,469,2093,2097
Distractions,476,1785,1873
a.nogikh,477,1969,2005
Kubic,479,2033,2052
candlestick,485,1978,2011
Calculatelove,488,1845,1914
conan1412yang99,490,2053,2065
Timonnable,492,1782,1869
k291061,495,2030,2048
real.emerald,504,1793,1875
jjaworska,506,2043,2056
Flavius,507,1982,2011
thunderbird001,509,1867,1927
pit4h,513,1981,2010
watemus,514,1935,1976
srikkanthr,519,1970,2001
mcfr,521,2082,2084
toothbrush,523,2044,2055
ttklwxx,525,2066,2071
junseo,530,1772,1857
popashka,531,2034,2047
Rajdeep,531,1830,1898
He_Ren,536,2043,2053
EgorShibaev,537,2023,2038
KalasLavas,541,1929,1969
4fecta,546,1932,1970
k1nval,547,2072,2074
2sozx,548,1608,1742
FFFFFFFHHHHHHH,550,2027,2040
Vladithur,555,1689,1797
alegsandyr,556,1709,1810
luiz_oda,560,1931,1968
ligaydima,561,1751,1839
Mangooste,561,1881,1932
vaaven,565,1735,1828
Ashot_27,568,1920,1959
apostoldaniel854,570,2017,2030
DimmyT,572,1937,1971
gs17005,578,1810,1879
gleb.astashkin,579,1990,2010
ub33,588,1989,2008
DeadlyCritic,589,1952,1981
loK10,592,1644,1762
potatmen,593,1941,1972
MrLolthe1st,598,1848,1904
Artyom123,600,1929,1963
gmusya,601,1949,1978
JUSSIAR,609,1975,1996
lightseba,611,1940,1970
-messi-,611,1972,1993
YunGoon,613,1986,2004
geckods,618,1990,2006
kshitij_sodani,634,1841,1896
AugustinasJucas,638,1754,1833
bufftowel,638,1871,1917
BurnoutAg7,642,2034,2036
ssor96,647,1950,1974
AhmedEzzatG,651,1908,1943
GreatEagle,652,2099,2085
adamjamil,654,1835,1889
DeD_TihoN,654,2010,2017
ajit,654,2022,2026
PedroBigMan,660,1949,1972
rafaelgo,662,2007,2015
KKT_89,664,1753,1830
lucasxia01,665,2053,2049
Zain,665,1935,1961
Dragnoid99,670,1738,1819
sevlll777,670,2022,2025
plourde27,675,1835,1888
Leonardo_Blanger,676,1842,1893
bruno.iljazovic,681,1950,1971
pill,684,1902,1936
I_LOVE_ANTON_DONBASS,685,2057,2050
dXqwq,687,1767,1838
uryuuu,689,1719,1804
evildanlapokin,692,2001,2008
tanus_era,692,1755,1829
MyK_00L,692,2037,2034
sievra,701,1950,1969
Rutvik_Kothari,701,2048,2042
mban259,705,1761,1832
TigerStar,706,1933,1957
RedStone,707,2024,2024
solvemproblr,710,1855,1899
hkyiitd,715,2061,2051
FelixArg,715,1807,1864
MateoCV,719,2077,2063
555,726,1935,1956
Linqi05,726,1982,1991
muhammadhasan01,730,2031,2027
chervovn04,732,1623,1733
Goshkata,738,2086,2068
JulianFernando,740,2018,2017
ujju_sucks,743,1760,1828
Agnus,744,1742,1815
dixitgarg,751,1946,1962
fqwmc,751,1599,1715
fried-chicken,758,1819,1869
0-jij-0,761,1756,1824
Flower_On_Stone,763,1949,1964
asdkjc,767,1884,1916
bogorodniy,771,1653,1751
irri,775,2007,2006
Brovko,775,1846,1887
CodigoL,778,1835,1879
GioChkhaidze,789,1863,1899
Handsome2004,796,1906,1930
madlad,798,1925,1943
Hemose,804,2024,2017
ArtNext,806,1879,1909
bntti,807,1931,1947
Virv,809,1756,1820
Misha100896,809,1778,1836
makacha,812,1860,1895
Rahul,821,2022,2014
harshit15,830,1991,1990
magnified,832,1988,1988
pseudocoder10,837,1830,1871
Gheal,837,1718,1791
egge,847,1769,1826
Kotehok3,853,2006,2000
syl123456,866,1891,1914
Kukarekus,866,1911,1928
robotolev,871,1696,1773
tokitsukaze,874,2057,2037
Tzak,875,1878,1903
andrei_boaca,875,1708,1781
joylintp,878,2002,1995
MagentaCobra,882,1850,1882
Turkey,882,1816,1858
0icq,892,1647,1737
Changyu,900,1944,1951
xuezhe,905,1747,1807
Hakiobo,905,1888,1909
The_Original_Popeye,913,1577,1687
Olerinskiy,913,1828,1864
lebeg,917,1833,1868
reiracofage,919,1995,1987
kunj017,929,1949,1952
Charbel,942,1750,1806
EN_SA,948,1691,1764
joaom,950,1906,1919
Tatsuyaaaa,952,1721,1785
GeoCalibur,957,1875,1896
qiuzx,971,1802,1842
ChaosAngel,973,1843,1871
Theo830,976,1747,1802
box,976,1871,1892
AlternatingCurrent,981,2001,1988
Raiden,984,1774,1821
beemax,986,1756,1807
bary,989,1755,1807
FairyWinx,998,1793,1834
attempt0,1007,1657,1736
tgritsaev,1007,1979,1970
AnimeshSinha1309,1011,1853,1876
AvinashKartik,1011,1875,1893
heyuhhh,1020,2034,2011
Agnimandur,1020,1921,1926
smjleo,1026,1569,1673
black__hole6,1026,1500,1626
rivalq,1042,1623,1710
ajpiano,1045,1679,1749
Justice_Hui,1052,1806,1840
Patwari26,1059,1914,1919
ngpin04,1061,1742,1793
Astrea,1063,1733,1786
JOliva,1068,2027,2003
csegura,1071,1843,1865
StandNotAlone,1074,1727,1781
miss_robot,1077,1511,1630
FEDIKUS,1082,1870,1885
hltk,1086,1973,1962
UnstoppableMathMachine,1094,1692,1755
AST_TheCoder,1094,1696,1758
crackersamdjam,1099,2041,2012
momohara,1103,1727,1779
MatesV13,1108,2060,2026
DestinHistoire,1111,2099,2056
JhonnyZaz,1113,1989,1972
Uzumaki_Narutoo,1124,1803,1833
kai824,1124,2053,2020
jskhirtladze,1124,2043,2012
Ran,1132,1815,1841
ace_loves_xq,1140,1353,1522
HynDuf,1144,1769,1807
LTb,1146,1692,1752
Dremix10,1149,1678,1742
vioalbert,1153,1674,1739
Eunha,1161,1823,1846
jhdonghj112,1162,1996,1975
ahshafi,1176,1908,1908
gupta_samarth,1186,1677,1739
Riladavin,1186,1668,1732
MarcosK,1192,1934,1926
Mtaylor,1197,1974,1956
SPD_9X2,1207,2017,1989
fakeMatrixCascade,1210,1935,1926
Qwerty1232,1213,1722,1769
yur3k,1224,1812,1834
dapingguo8,1224,1547,1645
Wandoka,1228,1681,1739
TeaTime,1229,1766,1800
Meloric,1229,1636,1707
4qqqq,1237,1649,1716
vsinitsynav,1245,1781,1810
Igorjan94,1254,1961,1944
FeTieTer,1260,1698,1750
artem3605,1272,1726,1769
kartel,1290,1720,1764
Galebickosikasa,1294,1734,1774
Wibo,1295,1824,1839
Roll_Num_56,1300,1741,1778
jzp,1307,1514,1618
tauhrick,1317,2033,1996
Jorge213,1319,1609,1683
Arnob,1319,1679,1733
Valters07,1326,1767,1796
arbuzick,1328,1543,1637
George1123,1345,1680,1732
CHENRUIJIE,1380,1623,1690
AngrySeal,1382,1919,1906
andreumat,1389,1963,1939
Naseem17,1397,1930,1914
YahiaSherif,1419,1979,1950
topovik,1445,1599,1670
humbertoyusta,1460,1971,1942
prins,1466,1868,1864
nathanlee726,1470,1723,1757
Priyank,1474,1817,1826
Grieg,1474,1704,1743
I3J03RN,1483,1710,1747
CrayonKe,1494,1618,1681
bernardo_amorim,1497,1490,1591
jasen_2005,1503,1674,1720
abhinavvv306,1503,1894,1882
Dalenator,1521,1934,1912
sher_wu,1529,1737,1764
snacache,1553,1912,1894
page_fault,1557,1624,1682
vito1036,1560,2013,1970
ChinmayKarnik,1560,1728,1756
yongwoods,1564,1764,1783
Ahmadsm2005,1564,1641,1693
m.shreyansh,1588,1601,1664
Kon567889,1597,1733,1759
Colorless,1600,1799,1807
emaneru,1610,1820,1822
Alfeh,1625,1647,1695
HeIIoWorId,1633,1793,1801
Astronomax,1642,1746,1766
SorryNaCN,1647,1670,1711
Thallium54,1669,1737,1758
uux,1674,1693,1726
yash_daga,1680,1681,1717
Omnicrow,1688,1769,1781
suyiheng,1692,1727,1750
Dukkha,1697,1859,1848
ScarletS,1703,1672,1710
ZzQf,1713,1704,1732
bbmirbek,1713,1827,1823
Karavaiev,1724,1783,1790
psoet,1732,1562,1630
forget__it,1743,1609,1663
limabeans,1749,1795,1798
yulik.daniel,1751,1818,1815
purp4ever,1771,1809,1807
I_Love_Trott,1789,1655,1694
nprakhar0411,1794,1807,1805
dinesh_barri,1794,1733,1750
txingml,1806,1876,1857
Prateek,1809,1919,1889
golions,1812,1850,1837
grandesonnerie,1832,1676,1707
SomethingNew,1837,1634,1677
Warawreh,1838,1980,1935
Pandemic,1838,1697,1722
cmorax,1842,1886,1863
Kerpoo,1861,1820,1812
mwen,1867,1486,1571
katsurap_,1872,1634,1675
vrooooom,1874,1695,1719
Be_dos,1889,1639,1678
daubi,1913,1719,1736
yz_,1926,1873,1850
swapnil159,1928,1849,1832
moonshine,1943,1772,1774
ZADaCHI,1943,1681,1707
caustique,2010,1627,1665
shinbay,2010,1838,1821
andr1y,2013,1851,1831
geyanlu2,2016,1726,1737
Honey_Badger,2046,1996,1940
BlackAnt,2081,1507,1577
chuan_huhai,2086,1759,1759
YCKC_LCJ,2088,1735,1741
jakao,2092,1775,1770
lx_zjk,2110,1692,1708
zggf,2124,1720,1729
prostochill,2144,1738,1741
PhanDinhKhoi,2161,1739,1741
Mr.Plotva,2170,1463,1543
Resende,2174,1742,1743
goodred,2221,1941,1893
DJeniUp,2223,1689,1702
robivirt,2225,1710,1718
UET_VietCT,2234,1744,1743
smax,2235,1681,1696
wind_cross,2252,1672,1689
mollnn,2254,1719,1723
Bazoka13,2257,1681,1695
Bedoo,2266,1749,1745
Loveforever,2308,1627,1654
emorgan,2312,1715,1719
QieziMin,2338,1968,1910
Imdie,2343,1602,1635
tostes,2346,1750,1744
t4c0,2355,1799,1781
Mahmoud_Haddad,2377,1761,1751
Abbess,2383,1606,1636
hipo,2384,2014,1945
timmyfeng,2385,1954,1898
muoshuo,2396,1704,1708
Ji_Kuai,2413,1815,1791
HollwoQ_Pelw,2432,1678,1687
TsukikoTsutsukakushi,2437,1784,1767
JeevanJyot,2452,1786,1768
DavitMarg,2456,1839,1808
-1e11,2457,1739,1732
Irmuun.Ch,2488,1523,1573
dakshgarg,2490,1419,1501
n0sk1ll,2500,1566,1604
Golden,2509,1830,1800
Mr_Programmer_98,2523,1723,1718
Ihave4fish,2540,1545,1587
Y_is_sunshine,2542,1714,1711
BenjaR,2551,1741,1731
wabadabakalakaboo,2557,1365,1462
CQXYM,2563,1941,1883
CallmeChallenger,2567,1594,1622
A_Wallaby,2569,1458,1525
Gurban,2581,1445,1516
interlude,2623,1717,1711
Anonymous_Noob,2638,1569,1601
basebillions,2679,1361,1455
man_of_learning,2682,1652,1661
AmShZ,2684,1906,1853
Java,2693,1742,1728
vdv09,2700,1126,1306
IceL_,2718,1703,1697
SZMSZBH,2753,1706,1699
saprykin,2763,1557,1589
Newtech66,2772,1582,1607
curly_braces,2776,2007,1929
DarkestNightmare,2796,1465,1522
hieu_2004,2848,1626,1637
asafiul,2866,1355,1445
Jami_CSEDU,2899,1790,1759
Forever_Pursuit,2934,1574,1596
registeretsiger,2945,1953,1883
Everule,2945,1517,1555
Tom66,2961,1599,1614
derrick20,2966,1608,1620
VladHaivas0205,2978,1658,1657
toruneko,2991,1661,1659
Micchon,2996,1500,1541
Dorost,2996,1625,1632
Robsob,3019,1537,1567
Sprdalo,3045,1821,1779
MikhailKapitov,3062,1403,1471
S2speed,3090,1745,1720
t.kwiatkowski,3104,1608,1616
Vectors_Master,3123,1583,1597
quydang,3123,1565,1584
noobiesAG,3132,1478,1521
samnever,3186,1379,1451
Valera_Grinenko,3194,1538,1563
Yellowgood,3201,1581,1594
hata_saa,3201,1619,1622
AhmetKaan,3218,1718,1696
NguyenDangQuan,3231,1603,1609
Renedyn,3247,1378,1448
ElyesChaabouni,3261,1647,1641
sare,3263,1401,1463
_RED__,3300,1374,1444
aryan12,3318,1615,1616
EasonTAO,3323,1692,1674
Bucketsmith,3347,1594,1599
Dmi34,3382,1440,1487
michao,3428,1870,1808
Kira_1234,3481,1636,1627
Rehappy,3589,1480,1510
Hank2019,3649,1391,1446
AA_Surely,3660,1261,1358
lorenzoferrari,3707,1450,1486
timav,3709,1630,1618
GoatTamer,3816,1482,1506
Priyansh31dec,3852,1528,1538
hackerbhaiya,3894,1327,1395
vectorwyx,3897,1253,1345
islingr,3902,1734,1693
status_coding,3989,1712,1674
brenner1,4004,1634,1614
DanielixS,4029,1800,1741
GStnt,4065,1680,1648
_andyli,4079,1607,1592
Jerry__Jiang,4117,1523,1528
fahimcp495,4124,1510,1519
mishanya_stulov,4141,1665,1635
amsraman,4206,1776,1719
ButterCake,4217,1946,1853
yahia,4234,1620,1599
AHappyPotato,4261,1459,1478
dongdziz,4269,1648,1619
nguyenhoangminh318,4274,1733,1684
vok8,4281,1770,1713
Sofapuden,4298,1481,1493
Piccolo,4316,1989,1885
Mike4235,4327,1404,1437
towrist,4347,1584,1569
shadow9236,4376,1498,1504
-45,4415,1616,1592
Alx,4492,1500,1503
brkdnmz,4593,1537,1528
2018liuzhiyuan,4611,1607,1581
Sapphire162,4627,1500,1500
ShlokG,4675,1352,1392
zrt0704,4792,1587,1562
anil9717,4796,2028,1909
pikel_rik,4836,1400,1422
Farhan132,4853,1386,1412
nador.benedek,4859,1387,1412
chill_coder,4864,1572,1549
sohsoh,4891,1408,1427
Vin__ar,4963,1572,1547
JvThunder,4988,1339,1375
smalyarovsky,5067,1564,1539
hardikkapoor,5181,1431,1437
anhkha1004,5281,1372,1392
Monazo1997,5312,1733,1666
mars4,5319,1564,1534
High_Score,5369,1183,1259
AmmarDab3an,5420,1264,1312
1024mb,5616,1588,1547
Lihwy,5644,1395,1401
DanTheMan.,5665,1348,1366
feecle6418,5767,1500,1477
KseniaShk,5825,1243,1288
Temmie,5934,1358,1367
MetalPower,5988,1381,1383
lookcook,6144,1476,1452
dshindov,6146,1733,1653
Missyou,6161,1826,1727
ArsenGotov,6161,1431,1417
bruhify,6161,1439,1423
FSTAutoMaton,6176,1890,1779
bleh0.5,6223,1815,1717
SinaSahabi,6223,1596,1543
icosahedron,6371,1499,1465
RomkaRS,6484,1420,1401
MaSkA05,6484,1396,1383
dsolunov,6752,1551,1499
rui_er,6865,1559,1503
TTNhan,7024,1655,1577
De-Bug,7190,1248,1260
StrawHatWess,7509,1473,1425
RakibJoy,7632,1235,1241
opPO,7680,1257,1256
Rayo,7719,1130,1164
LZDQ,7867,1755,1648
ArvinCiu,7973,1500,1439
nooooob_KiFaH_HeLaL,8095,1149,1168
Celtic,8349,1423,1371
syrtin,8362,1369,1328
urosk,8497,1246,1230
lexiyvv,8666,1486,1416
xiaruize,8864,1017,1052
dino_merlin,8864,1367,1315
Ayalla,8864,1224,1202
sam571128,8973,1420,1307
thisIsMorningstar,8973,1388,1278
bnkalya1502,8973,1424,1310
ducati,8973,1341,1234
_Rise,8973,1270,1169
MahmoudAshour,8973,1364,1256
smtcoder,8973,1685,1544
I_HATE_CONSTRUCTIVES,8973,1903,1733
Ertugrul28,8973,1170,1075
