handle,rank,oldRating,newRating
Nachia,1,1706,2076
confeito,8,1777,2030
yz_,13,1880,2079
couplefire,23,1706,1934
AhmetKaan,28,1872,2039
fanfly,29,1877,2041
KKT_89,41,1841,1999
tianxiawoyou,48,1703,1897
DeadlyCritic,61,1865,1997
pankuleczka,82,1872,1989
omikad,83,1896,2005
solvemproblr,85,1861,1979
AvinashKartik,101,1869,1977
PMPuns,107,1503,1728
Dragnoid99,110,1827,1943
asdkjc,113,1860,1965
xuezhe,114,1807,1927
tdas,121,1825,1937
Abbess,124,1603,1785
LTb,125,1786,1908
Turkey,134,1898,1984
geyanlu2,137,1737,1870
4eT_llpuyHblJl,138,1722,1859
George1123,143,1858,1952
nanatoday,150,1650,1806
Charbel,157,1723,1853
Igor_Parfenov,159,1820,1920
balakrishnan,163,1875,1958
AmirhosseinAssar,167,1856,1943
ngpin04,172,1880,1959
anmichi,177,1864,1946
potatmen,183,1894,1966
golions,185,1807,1904
tonyli00000,190,1821,1912
.-O_O-.,210,1838,1919
romi_sahari,217,1805,1894
derrick20,221,1746,1852
Magi,226,1871,1939
arvindr9,228,1880,1945
poikniok,230,1895,1956
Nanored,231,1796,1885
Operation27,234,1728,1836
DJeniUp,240,1802,1887
magga,244,1860,1927
DanielixS,260,1898,1952
VietCT,262,1804,1884
Grieg,272,1814,1889
Saya_Alter_,283,1801,1878
attempt0,283,1820,1892
siddhugzp,286,1782,1864
Fidisk,289,1780,1862
Roll_Num_56,291,1730,1827
abhinavvv306,299,1859,1917
Valters07,303,1878,1930
Forever_Pursuit,307,1712,1812
BenjaR,317,1741,1830
RetiredPlayer,323,1875,1924
hiva_,325,1674,1782
shdut0901,331,1815,1880
Dukkha,331,1568,1709
TravellingSalesman,342,1877,1923
ChaosAngel,350,1881,1924
tloinuy,356,1842,1895
RockyB,362,1853,1903
pavement,365,1792,1859
zrt0704,367,1691,1788
Tatsuyaaaa,369,1730,1814
n0sk1ll,390,1626,1740
ToanLe,400,1787,1850
muoshuo,412,1621,1733
yongwoods,413,1800,1858
grandesonnerie,414,1882,1917
purp4ever,437,1843,1886
hieu_2004,437,1807,1860
Astronomax,437,1734,1808
reiracofage,441,1895,1923
Lokeo,462,1782,1839
lebeg,474,1802,1852
Golden,477,1841,1880
0-jij-0,477,1755,1818
Ji_Kuai,481,1802,1851
vioalbert,484,1718,1791
nprakhar0411,498,1768,1825
Priyank,521,1860,1889
ExplodingFreeze,525,1679,1760
Capitan,538,1720,1787
999,544,1385,1562
andreumat,550,1789,1835
Thallium54,552,1852,1880
Nika_Tamliani,557,1811,1850
yash_daga,557,1745,1803
Nikhil_Medam,559,1790,1835
caustique,566,1665,1745
katsurap_,575,1619,1713
YCKC_LCJ,583,1741,1797
lindongli2004,591,1680,1754
toruneko,595,1786,1828
zhezhengsong,604,1447,1595
prins,605,1810,1845
Peppa__Pig,607,1853,1876
N_hara,624,1630,1716
0icq,637,1737,1789
arbuzick,660,1761,1805
_Enigma__,667,1779,1817
bhatnagar.mradul,671,1866,1880
dragon_bra,690,1862,1875
Omer223,705,1553,1656
I3J03RN,709,1757,1798
miss_robot,739,1729,1775
Karavaiev,742,1768,1803
smax,750,1732,1777
Anonymous_Noob,755,1605,1687
Pandemic,759,1716,1764
zzfzzfzzfs,763,1662,1726
LZDQ,774,1836,1850
TsukikoTsutsukakushi,786,1767,1799
DarkestNightmare,802,1571,1660
xyz.,810,1761,1793
jakao,814,1746,1782
nathanlee726,817,1716,1760
vrooooom,831,1679,1733
amsraman,835,1725,1766
TeaTime,848,1819,1833
ButterCake,873,1853,1856
vaaven,873,1806,1821
gupta_samarth,883,1811,1825
Java,884,1777,1800
Mr_Programmer_98,886,1816,1828
tobias.glimmerfors,897,1714,1754
_andyli,911,1709,1749
FairyWinx,914,1850,1851
Ahmadsm2005,938,1729,1762
ElyesChaabouni,948,1768,1789
Hakiobo,1007,1865,1857
ZADaCHI,1017,1787,1799
Wibo,1031,1723,1752
Bazoka13,1032,1813,1817
The_Original_Popeye,1037,1895,1878
mkawa2,1040,1766,1782
VladHaivas0205,1069,1567,1639
Roham,1069,1615,1673
Da7doo7,1084,1549,1626
Rehappy,1113,1594,1655
samnever,1116,1588,1651
Retucl,1145,1763,1775
yuanyuan1024,1150,1542,1617
Lieska,1161,1735,1753
zggf,1161,1817,1813
momohara,1168,1855,1841
vkgainz,1192,1500,1586
ChinmayKarnik,1196,1705,1730
vok8,1198,1660,1697
N.N_2004,1216,1815,1809
plast,1232,1835,1823
alegsandyr,1233,1835,1823
emaneru,1239,1804,1800
kumaraditya1999,1243,1815,1808
yuto1115,1245,1527,1602
dshindov,1247,1506,1587
Gheal,1254,1757,1765
robotolev,1264,1804,1799
NToneE,1272,1431,1535
eyangch,1278,1512,1590
ace_loves_xq,1282,1541,1609
goncharovmike,1283,1681,1708
Iftekhar_Hakim_K,1283,1890,1863
IIT_kr_lo_fir_life_set_h,1287,1605,1654
Robsob,1295,1593,1645
toor,1305,1764,1767
limabeans,1308,1756,1761
nador.benedek,1313,1289,1442
cabessa,1316,1895,1865
brianlee.lck,1333,1722,1735
gheorghe_armand,1333,1781,1779
Millad,1338,1718,1732
qpwoeirut,1344,1752,1757
bary,1347,1675,1701
bleh0.5,1363,1745,1751
Sadra,1377,1861,1837
Mohamed.Sobhy,1404,1819,1804
BERNARD,1437,1359,1479
slah007,1444,1840,1818
Y_is_sunshine,1468,1870,1840
pakhomovee,1476,1879,1846
Priyansh31dec,1530,1619,1652
hipo,1561,1742,1740
Galebickosikasa,1564,1824,1801
FelixArg,1574,1791,1776
TTNhan,1580,1438,1524
Dmi34,1603,1577,1619
I_HATE_CONSTRUCTIVES,1623,1857,1824
ScarletS,1645,1854,1821
Imdie,1662,1663,1678
coxie,1668,1534,1586
Gravekper,1676,1799,1778
Sedmoklasnikut,1706,1599,1630
disjointset,1706,1462,1535
Tri_Phan,1711,1763,1750
Qwerty1232,1733,1842,1809
Dremix10,1784,1613,1637
woshiluo,1790,1631,1650
__cucumber__,1793,1829,1797
bogorodniy,1867,1898,1847
erray,1871,1541,1583
rainty7,1900,1727,1716
HynDuf,1900,1891,1840
zhabo,1917,1818,1785
Kalashnikov,1933,1808,1777
Resende,1994,1687,1684
daubi,2016,1786,1757
Lihwy,2122,1506,1549
vdv09,2146,1351,1442
BaluconisTima,2191,1671,1665
Mr.Plotva,2223,1606,1617
minmise,2231,1779,1746
Vectors_Master,2236,1505,1544
erekle,2260,1589,1603
jasen_2005,2268,1781,1746
edchen,2276,1342,1431
CallmeChallenger,2304,1591,1603
uwu,2349,1663,1655
michao,2368,1783,1745
syrtin,2375,1475,1518
TechNite,2396,1399,1465
JeevanJyot,2402,1843,1790
DavitMarg,2427,1876,1814
lorenzoferrari,2427,1479,1519
Valera_Grinenko,2476,1472,1513
louhao088088,2486,1497,1530
nooooob_KiFaH_HeLaL,2556,1391,1454
Jerry__Jiang,2567,1577,1585
plourde27,2611,1831,1775
lookcook,2622,1714,1686
Bedoo,2626,1787,1741
pepelats,2626,1873,1807
EN_SA,2626,1538,1555
topovik,2637,1707,1680
chill_coder,2658,1606,1604
Vin__ar,2670,1528,1547
Arnob,2672,1626,1618
lukameladze1,2740,1575,1579
lgswdn,2766,1505,1527
anhkha1004,2782,1509,1530
armish_123_retired,2801,1447,1485
DanTheMan.,2813,1440,1480
UltiMadow,2815,1500,1522
ilaburkov,2854,1708,1675
CHENRUIJIE,2871,1810,1753
hardikkapoor,2887,1445,1481
Jami_CSEDU,2989,1783,1729
noobiesAG,2992,1584,1578
timav,3032,1535,1541
Kevin114514,3070,1625,1607
SomethingNew,3077,1708,1670
BitHashTech,3098,1668,1639
prostochill,3098,1669,1640
kiomi,3124,1723,1680
dino_merlin,3144,1315,1384
basebillions,3154,1506,1517
surgutti,3226,1541,1541
Vitaly503,3265,1531,1533
DilshodbekX,3325,1619,1597
agul,3341,1834,1761
RaresFelix,3380,1351,1402
Farhan132,3410,1464,1480
mars4,3421,1639,1610
man_of_learning,3429,1594,1575
Ihave4fish,3441,1514,1516
robivirt,3446,1738,1685
sedev57,3468,1517,1517
S2speed,3540,1878,1792
status_coding,3645,1747,1688
Meloric,3670,1788,1719
dakshgarg,3707,1453,1465
Sakuyalove,3733,1784,1715
Htmt,3817,1457,1465
PhanDinhKhoi,3862,1882,1790
AHappyPotato,3902,1474,1476
Dorost,3942,1534,1519
hata_saa,3984,1697,1642
VHTung,4012,1372,1400
asafiul,4033,1498,1490
m.shreyansh,4050,1740,1674
Ecrade_,4067,1449,1453
__jk__,4087,1435,1443
Alx,4125,1390,1410
yahia,4140,1662,1612
CrayonKe,4154,1732,1666
AaronHe,4167,1440,1445
page_fault,4233,1675,1621
Yoav,4262,1532,1510
Bruteforcer101,4325,1646,1596
franfill,4336,1500,1485
towrist,4398,1608,1566
dantaxyz,4418,1685,1625
Gurban,4425,1541,1514
Alexander_Kozhevnikov,4480,1627,1579
Boboge,4508,1572,1536
StandNotAlone,4566,1779,1696
_Rise,4702,1169,1245
ajpiano,4722,1667,1606
nghethuat102,4725,1746,1668
smtcoder,4790,1619,1567
Mprimus,4806,1730,1654
lunchbox,4872,1495,1471
_RED__,4876,1344,1359
JvThunder,4999,1298,1324
rickbaishuak,5019,1351,1361
JohnVictor,5051,1500,1471
kartel,5135,1769,1680
Raiden,5148,1845,1740
plagues,5167,1647,1582
MetalPower,5180,1352,1358
Newtech66,5206,1742,1657
-45,5213,1592,1538
Ina,5223,1818,1718
8e7,5250,1761,1671
Misuki,5250,1536,1495
shadow9236,5282,1336,1345
surajchip2,5294,1673,1601
Renedyn,5301,1508,1472
Micchon,5307,1670,1598
Irmuun.Ch,5471,1447,1423
Rayo,5516,1154,1213
ArminAzimi,5537,1427,1406
Nasko,5549,1670,1594
urosk,5571,1169,1222
sohsoh,5588,1563,1509
shuba400,5710,1500,1459
erankyun,5722,1037,1133
StrawHatWess,5887,1446,1414
Ertugrul28,5949,1285,1293
sare,6021,1518,1467
lexiyvv,6050,1480,1437
CaMOUFlage,6130,1339,1329
Cegax,6219,1425,1392
Wandoka,6265,1729,1631
mafailure,6310,1447,1407
lelbaba,6338,1513,1458
shade34,6703,1311,1296
UshanGhosh,6768,1260,1257
dapingguo8,6783,1621,1537
wabadabakalakaboo,7072,1509,1443
DaNeK0201,7072,1132,1160
ShlokG,7097,1391,1350
Luca,7140,1278,1263
vectorwyx,7306,1397,1351
smalyarovsky,7511,1539,1460
GALA,7625,1280,1255
Ayalla,7660,1246,1228
Kawaii,7788,1283,1254
RakibJoy,7842,1283,1252
princebelkovetz,7876,1320,1280
ArsenGotov,7920,1595,1500
Daniel_lele,7949,1313,1273
fahimcp495,7994,1557,1468
RomeoFantastik,8071,1825,1690
GreenHanHan,8098,1351,1300
a.nasretdinov,8314,1287,1246
brenner1,8579,1678,1561
abhidot,8639,1172,1150
n3_,8835,1500,1408
SpadeZ,8891,1500,1407
GoatTamer,8891,1513,1418
Jarif_Rahman,9108,1271,1216
bnkalya1502,9875,1196,1139
thisIsMorningstar,10074,1227,1160
lanhf,10275,1082,1038
valeriu,10659,1500,1384
Temmie,10935,1548,1423
mily,10945,880,855
sumon123,11015,1083,977
MahmoudAshour,11015,1254,1139
Alfeh,11015,1820,1652
