handle,rank,oldRating,newRating
Igorjan94,15,1889,2081
TechNite,16,1781,2004
mhhmkht,26,1756,1963
Ztin,39,1775,1958
mexomerf,50,1832,1985
8e7,53,1825,1977
Imagine076,54,1746,1922
Guoyh,55,1882,2014
Pccc,62,1667,1861
2018liuzhiyuan,66,1595,1812
uux,91,1892,1998
Drice,110,1839,1951
sohsoh,122,1827,1938
AST_TheCoder,126,1891,1982
HollwoQ_Pelw,129,1795,1913
Raiden,136,1724,1862
Robsob,171,1886,1964
islingr,172,1806,1906
jakao,184,1692,1825
ChthollyNotaSeniorious,215,1890,1955
slah007,222,1857,1930
the_computer_jock,228,1006,1422
kumaraditya1999,231,1770,1867
t.kwiatkowski,257,1858,1924
MochaLatte,260,1803,1884
Mboker0109,265,1885,1941
panda211panda,267,1769,1859
BaluconisTima,268,1776,1863
inder128,271,1861,1924
skittles1412,275,1532,1696
wabadabakalakaboo,278,1671,1789
Luca,288,1749,1841
michao,302,1738,1831
gzchenben,315,1882,1930
Ruki,321,1833,1895
Astrea,332,1818,1882
HoshimiOWO,334,1798,1867
sleep__,345,1484,1652
luciocf,349,1659,1768
FHVirus,353,1486,1652
Tatsuyaaaa,355,1818,1878
Vince729,358,1795,1861
fractal,389,1844,1892
Hatsuyuki,403,1829,1880
_Kamikaze_,423,1670,1766
volkov179,439,1804,1857
Kinon,460,1721,1796
ScarletS,469,1755,1819
nathan_luiz,519,1560,1678
tuihuademing4,535,0,670
Hile_Meow,542,1769,1821
RedLycoris,550,1874,1896
LTb,556,1870,1892
aryan12,561,1858,1884
nok0,565,1184,1494
EzikBro,576,1641,1727
Zars19,583,1837,1866
psoet,586,1858,1881
asafiul,594,1651,1732
ToanLe,604,1788,1828
ace_loves_xq,606,1639,1723
interlude,614,1690,1758
sunzh,623,1807,1841
2020akadaver,626,1755,1803
fahimcp495,634,1577,1678
gdb_18,638,1678,1748
kevinxiehk,643,1765,1809
zggf,679,1808,1837
Overstep,691,1786,1857
Resende,692,1721,1773
coxie,694,1823,1847
EN_SA,698,1847,1864
Scintilla06,704,1677,1741
purinliang,711,1238,1520
katsurap_,732,1740,1784
Pandemic,742,1892,1893
lebeg,745,1848,1861
Forever_Pursuit,753,1856,1866
mars4,758,1867,1874
psruk,760,1657,1723
towrist,764,1773,1805
vioalbert,768,1840,1854
ZADaCHI,777,1856,1865
kkite_gk,784,1402,1548
Valera_Grinenko,790,1753,1789
0icq,794,1733,1774
VivekUchiha,796,1771,1802
KDVinit,804,1663,1724
Farhan132,805,1849,1857
Java,827,1853,1859
kiomi,832,1656,1717
I_love_geom,867,1753,1783
Ramzel,884,1756,1784
-messi-,891,1866,1865
p3rfect,908,1847,1849
Giga_Cronos,925,1493,1597
Dremix10,925,1838,1841
timreizin,931,1819,1827
Newtech66,933,1701,1741
Roham,947,1800,1812
Scarlet_Hypoc,972,1426,1549
mariowong,981,1877,1867
pac-man21,985,1795,1807
Kalashnikov,1018,1737,1762
shadow9236,1021,1678,1720
idontreallyknow,1060,1843,1837
vrooooom,1063,1715,1743
Renedyn,1099,1526,1608
abhidot,1099,1512,1598
dakshgarg,1117,1735,1755
smtcoder,1135,1828,1822
jli505,1172,927,1256
bary,1181,1847,1834
shuba400,1192,1380,1504
rishit3234,1208,1615,1663
shiven,1223,1788,1788
ITO,1262,1431,1534
fairy_lettuce,1320,1798,1790
eepsilon,1320,1751,1756
Alfeh,1320,1712,1728
chenkehan,1374,1734,1741
muoshuo,1385,1714,1726
codicon,1432,1624,1659
Kira_1234,1470,1799,1785
_andyli,1484,1770,1763
kevinyang,1484,1784,1773
AlanSkarica,1507,1776,1767
Dukkha,1521,1731,1732
brkdnmz,1525,1774,1764
Kon567889,1565,1869,1834
Dallby,1577,1749,1743
mafailure,1655,1522,1576
CSQ31,1674,1626,1650
ArminAzimi,1686,1668,1680
JUSSIAR,1751,1776,1757
nghethuat102,1802,1882,1836
bernardo_amorim,1836,1800,1772
MetalPower,1849,1807,1778
aprohACk,1872,1447,1515
Spitfire_F_Mk_IX,1899,0,582
Ahmadsm2005,1922,1830,1792
rgnerdplayer,1922,1548,1584
yltx,1932,1600,1621
wind_cross,1952,1650,1657
flyFeather,1967,1758,1737
De-Bug,2043,1236,1366
Ertugrul28,2107,1235,1363
t98slider,2317,1491,1529
brenner1,2362,1643,1638
UET_VietCT,2366,1661,1651
nnv-nick,2373,1872,1812
MvKaio,2397,1537,1560
IMRUN,2403,1883,1819
misorin,2411,1626,1624
rui_er,2429,1515,1543
Lacheck,2450,1648,1639
lookcook,2479,1840,1784
quydang,2498,1590,1595
Wandoka,2506,1809,1760
Millad,2560,1648,1635
Agnus,2570,1852,1791
disastah,2607,1702,1675
huikang,2613,1817,1763
pnm1384,2657,1521,1540
turkhuu622,2668,1382,1441
noobiesAG,2708,1630,1618
Dorost,2723,1660,1641
AHappyPotato,2738,1604,1598
Gurban,2745,1691,1663
JvThunder,2754,1629,1617
andrei_boaca,2788,1694,1664
SinaSahabi,2796,1756,1712
jhkoh,2830,1674,1648
Priyansh31dec,2851,1670,1645
DilshodbekX,2870,1552,1556
CIXTEEN,2908,1607,1596
Rafi22,2922,1761,1712
apgpsoop,2939,1642,1621
_rey,2966,1663,1637
vsinitsynav,2987,1804,1744
bnkalya1502,3033,1590,1580
UshanGhosh,3088,1544,1544
cjj490168650,3094,1888,1807
Uzumaki_Narutoo,3111,1824,1757
ArhN,3153,530,910
eggag32,3179,1737,1688
Wonsei,3204,1724,1678
VasyaMer,3219,1635,1609
EJOI_Gold,3237,1708,1664
coding_sword,3245,1436,1462
princebelkovetz,3309,1776,1715
GreenHanHan,3366,1658,1623
priyanshu_x,3462,1377,1414
thisIsMorningstar,3500,1085,1216
Irmuun.Ch,3572,1535,1525
liqingyang,3627,976,1217
Vin__ar,3705,1676,1629
visho33,3705,639,975
1024mb,3713,1688,1638
flamestorm,3798,1502,1496
BabaVoss,3885,1616,1580
h_squared,3892,1047,1228
retah,3898,1527,1512
GoatTamer,3944,1654,1608
socpite,4127,1331,1364
__jk__,4169,1720,1654
stepanov.aa,4192,1457,1453
suyiheng,4306,1879,1778
juraws,4516,1649,1593
_RED__,4564,1428,1424
lotato,4665,1650,1591
lukameladze1,4692,1794,1704
vok8,4830,1734,1654
ilovemymind,4878,1590,1540
Jami_CSEDU,4984,1861,1753
CaMOUFlage,5040,1244,1281
Boboge,5053,1675,1604
Pazio,5074,1657,1589
Vectors_Master,5100,1658,1589
czhang2718,5256,1280,1301
anhkha1004,5266,1637,1570
vectorwyx,5345,1421,1402
Boredom,5540,1671,1593
RakibJoy,5674,1336,1334
saprykin,5676,1646,1571
GlowCheese,5888,1214,1276
P500,5896,1505,1457
swiftqwq,5910,673,960
umezo,5950,1433,1401
tkacper,6129,970,1165
erray,6162,1703,1610
mily,6270,912,1032
aniketjain0317,6291,1434,1396
snowysecret,6553,1648,1560
KurisuMakise,6569,1566,1494
kitsune,6680,873,1081
MahmoudAshour,6687,1259,1257
ast123,6783,1100,1212
AmirrzwM,6803,857,1067
Piokemon,6864,1328,1306
sam571128,7029,1572,1492
Kawaii,7078,877,990
Tsovak,7174,1057,1104
Rosaya,7191,402,730
Ayalla,7206,1482,1418
VenomInVein,7432,1038,1086
erankyun,7524,1297,1271
Rayo,7659,988,1047
JYJin,7939,944,1073
Cooper233,7960,1370,1319
TheAshenWitch,8060,0,446
sreesh_56,8149,449,750
Riblji_Keksic,8176,431,736
oursaco,8317,882,1020
iamnifer,9097,1631,1515
cyh_toby,9192,1712,1582
kartel,9669,1715,1580
jeroenodb,9760,673,910
DreadArceus,10053,403,685
SlavicG,10057,1108,1083
Mike4235,10161,1327,1252
XaRDKoDblCH,10255,1278,1210
10circle,10377,887,1038
woshiluo,10650,1649,1513
Daniel_lele,11104,1277,1196
Jarif_Rahman,11849,1543,1411
qilby,12010,1103,1038
zseefvhu12,13193,906,955
NHiL,13434,401,635
gruntov_dima,13739,1721,1552
aimoon,14008,947,844
