handle,rank,oldRating,newRating
queria.ser.arthur,2,2008,2318
AsleepAdhyyan,4,2090,2309
thai9cdb1,5,2087,2282
Hemose,9,2040,2237
Everule,13,2017,2205
tgritsaev,15,2067,2233
gyh20,23,2091,2230
cuom1999,26,2079,2216
Dalenator,28,2031,2179
Mboker0109,32,2024,2168
verngutz,34,1933,2103
Clownpiece,35,2012,2156
Nutella3000,36,2067,2194
achvanov,39,2004,2144
Bedoo,39,1907,2077
Astrea,45,2009,2141
Mohamed.Sobhy,49,2004,2132
WiwiHo,52,2091,2191
Zain,57,2024,2139
Ji_Kuai,60,1958,2091
Raiden,60,1996,2118
sunzh,65,1952,2084
crashed,66,1926,2064
luciocf,69,1974,2096
M1v1savva,70,1923,2059
SuperJ6,75,2097,2180
installb,80,2066,2154
Mprimus,82,1902,2036
Shtef,82,2005,2108
nprakhar0411,82,1920,2049
Uzumaki_Narutoo,85,1754,1933
srikkanthr,85,2062,2147
YLWang,85,2093,2169
ybw051114,89,1882,2019
chinerist,89,2087,2163
HeIIoWorId,91,2023,2117
lsantire,97,2013,2107
Tzak,110,1949,2054
CQXYM,110,2018,2103
Markadiusz,114,1900,2020
ligaydima,115,2046,2122
.-O_O-.,119,1791,1942
dongyc666,123,0,782
ziad_abdelkader,124,1929,2035
DW_Zhouyu,127,2075,2137
serotonin,132,2010,2090
muhammadhasan01,136,2048,2116
Vince729,137,1925,2028
vladmart,144,2078,2134
Olerinskiy,146,2007,2082
joaom,151,1899,2004
DarkestNightmare,155,1984,2063
arbuzick,160,1904,2005
Flower_On_Stone,164,2015,2081
smtcoder,164,1666,1839
smax,177,2044,2098
snacache,185,1957,2034
thatprogrammer,185,2096,2135
eudanip,187,1866,1970
bleh0.5,191,1858,1962
shiven,200,1980,2046
Jorge213,203,1861,1962
SxyLimit,204,0,751
geckods,221,2055,2096
Theo830,233,2018,2066
Dremix10,237,1976,2035
Luca,242,1906,1984
purinliang,246,1886,1969
mhhmkht,250,1944,2010
klimoza,253,2064,2096
VivekUchiha,263,1864,1950
Tikhon228,263,2063,2092
hieu_2004,268,1806,1909
Ooops_no,271,1905,1978
HighDxDSchool,278,2073,2097
Emilan,281,2009,2050
nghethuat102,285,1922,1987
Pandemic,285,1962,2016
Ruki,289,1971,2021
DashaGnedko,291,1740,1858
coxie,291,1755,1868
Abbess,294,1836,1924
__cucumber__,294,2051,2078
vrooooom,305,1796,1895
StrawHatWess,312,1777,1878
brkdnmz,319,1836,1919
iceyishandsome,325,2014,2045
Sugardorj,331,2069,2085
arman_ferdous,331,2071,2086
fried-chicken,344,1989,2025
humbertoyusta,344,2086,2095
skittles1412,349,2034,2054
Kira_1234,349,1801,1887
Flavius,349,2044,2062
Drice,349,1983,2017
hamath,349,1972,2009
nok0,369,1976,2011
qpwoeirut,375,2005,2031
HollwoQ_Pelw,381,1713,1822
dakshgarg,405,1838,1907
gohan123,405,2001,2024
Wall_breaker,422,1942,1977
Kalashnikov,435,1860,1918
Valters07,435,2025,2038
IRC,443,1512,1733
Golden,454,2053,2056
Gheal,454,1847,1906
VladHaivas0205,454,1865,1919
Karabutsa,454,2009,2024
penguinhacker,462,2043,2048
huaji035,462,1690,1795
45muillaht,469,1446,1629
TigerStar,469,1817,1883
edchen,473,1958,1984
lookcook,473,1900,1941
Forever_Pursuit,481,1945,1974
Fidisk,481,1932,1965
Hugin,498,2032,2036
Sedmoklasnikut,498,1768,1845
jhkoh,502,1620,1741
Newtech66,502,1743,1827
mexomerf,502,2073,2065
kiomi,508,1630,1747
8e7,513,2053,2049
mafailure,513,1699,1795
moonshine,521,2031,2033
_andyli,521,1662,1768
n3_,521,1777,1848
Reanap,529,1648,1757
Loveforever,529,2009,2015
reiracofage,529,2056,2050
r57shell,539,1998,2006
5ab,539,1401,1590
LTb,548,1966,1981
Wibo,548,1847,1895
dusty.and.rusty,548,2067,2056
pac-man21,548,1924,1951
surgutti,548,1733,1814
sare,558,1724,1806
LUL____SEPLED1305,558,2044,2038
ManasG,572,2006,2009
kumaraditya1999,577,1937,1957
kartel,577,1704,1790
arvindr9,588,1841,1886
-23333,597,1920,1943
limabeans,597,1925,1946
mkawa2,605,2036,2027
GioChkhaidze,605,1910,1934
KurisuMakise,625,1453,1613
danya111,636,1500,1643
fedimser,666,2089,2062
Periquito,666,2045,2029
TTNhan,675,1800,1849
b6e0,701,1466,1613
cr8,701,1918,1932
Bazoka13,711,1925,1935
Kon567889,722,2059,2035
Karavaiev,732,1968,1966
grass8sheep,734,1354,1589
stefanbalaz2,734,1923,1932
_hikari_,746,1731,1793
anhkha1004,753,1624,1716
Zars19,763,1889,1905
Java,773,1876,1895
Millad,773,1788,1831
LincolnYe,810,2049,2021
bhatnagar.mradul,810,1843,1868
brenner1,820,1745,1797
tauhrick,820,1926,1928
gheorghe_armand,830,1973,1962
IIT_kr_lo_fir_life_set_h,842,1868,1884
Bellalabella,842,796,1210
demantarnir,851,1929,1927
nnv-nick,851,1719,1775
0icq,851,1999,1980
MatesV13,878,2021,1995
robotolev,878,1697,1757
pasa3232,887,1629,1775
Jackylkk2003,896,2047,2014
SGColin,907,1937,1930
hata_saa,907,1445,1580
polinarria,915,2095,2049
plourde27,915,1910,1909
Overstep,928,1888,1893
ScarletS,941,1852,1864
glancing_back,941,1570,1662
Boredom,941,1888,1891
zrt0704,955,1869,1876
2020akadaver,955,1753,1792
robivirt,966,1773,1806
Killer250104,966,1656,1721
caoash,966,1830,1847
CrazyMurky,991,2014,1983
YCKC_LCJ,996,2001,1972
lx_zjk,1009,1711,1758
vok8,1009,1847,1857
status_coding,1018,2096,2044
artem3605,1018,1891,1888
Roll_Num_56,1027,1902,1896
gzw2005,1052,595,1053
p__ce1052,1052,1564,1650
STommydx,1075,2006,1972
bogorodniy,1084,1910,1899
ducati,1110,1815,1827
panda211panda,1110,1827,1835
chervovn04,1121,1858,1858
nguyenhoangminh318,1121,1684,1731
Honour_34,1131,2073,2020
mars4,1150,1853,1852
I_HATE_GEOMETRY,1161,1998,1961
Sakuyalove,1171,1857,1854
Sofapuden,1171,1939,1916
hopesanddreams,1188,1685,1728
Arnob,1195,1732,1761
sohsoh,1201,1990,1953
zggf,1201,1732,1761
real.emerald,1208,1912,1893
KalasLavas,1236,2031,1982
tanus_era,1236,2034,1985
the_computer_jock,1258,1743,1766
codicon,1281,1602,1663
DeMen100ns,1288,1219,1402
BLUESKY007,1294,1955,1922
Vin__ar,1294,1692,1726
Alx,1294,1825,1823
HelloImTuan,1304,1626,1679
De-Bug,1312,1507,1594
Karuk,1349,1142,1423
andreumat,1365,2079,2014
Priyansh31dec,1372,1905,1880
AFOier,1379,1541,1671
Khozhaev,1379,2002,1953
romi_sahari,1409,1936,1902
DDima,1446,1768,1774
Dallby,1472,1678,1707
jhknmj,1487,2069,2001
Wandoka,1502,1905,1874
chen_zexing,1502,1960,1916
Vectors_Master,1534,1526,1595
attempt0,1542,1964,1918
zhaohaikun,1547,1622,1663
FEDIKUS,1547,1862,1840
Galebickosikasa,1558,1878,1852
Agnus,1596,1912,1876
Forza_Ferrari,1612,1729,1738
tusharjape007,1636,1838,1818
Hello_zoka,1640,2017,1954
i209M,1650,581,1008
gs17005,1658,2043,1974
lndjy,1659,1113,1360
Temmie,1677,1718,1727
shinbay,1682,1927,1884
Yomapeed,1683,1697,1711
firefoooox,1685,1666,1688
iterater,1686,1746,1747
kupriyanov,1687,2069,1993
solvemproblr,1687,2043,1973
Vladithur,1691,2083,2004
balakrishnan,1692,1973,1918
ShlokG,1696,1792,1781
ilia-ivanov,1700,1795,1783
michao,1704,1899,1861
Verly,1718,1871,1840
Maxzz,1725,2024,1956
potato167,1725,0,597
Mitsubachi,1742,959,1273
I.Gleb,1742,2059,1983
shojin_pro,1750,1558,1607
Pccc,1750,1869,1837
lightseba,1750,1883,1847
bary,1760,1797,1782
minmise,1777,1943,1892
eggag32,1777,1749,1745
I_love_geom,1815,1890,1850
bnkalya1502,1829,1613,1643
volkov179,1829,1832,1805
lebeg,1829,1840,1811
yahia,1843,1592,1627
Dorost,1852,1629,1653
Kaey,1862,1829,1802
MetalPower,1881,1726,1723
KDVinit,1899,1722,1720
EN_SA,1915,1867,1829
parkky,1928,1808,1784
Tatsuyaaaa,1960,1920,1868
nathan_luiz,1987,1860,1821
towrist,2005,1878,1834
icosahedron,2005,1606,1630
hardikkapoor,2020,1794,1769
egge,2020,2054,1970
minhnguyenxuan60,2047,1648,1660
yash_daga,2059,2051,1966
erekle,2131,2090,1995
Nelson_loh,2167,1778,1752
shadow9236,2202,1667,1668
EasonTAO,2225,1713,1701
liqingyang,2260,1498,1578
GALA,2260,1639,1644
__jk__,2274,1646,1649
kevinxiehk,2293,2010,1927
plagues,2321,1816,1775
jimm89,2321,1004,1280
AHappyPotato,2359,1463,1513
mishanya_stulov,2372,1689,1678
Resende,2441,1785,1749
man_of_learning,2498,1910,1843
stepanov.aa,2498,1453,1501
P500,2511,1598,1606
BenjaR,2542,1851,1795
WeakestTopology,2560,1844,1790
MahiruShiina,2560,1283,1380
apgpsoop,2618,1633,1628
huikang,2631,1821,1770
123thunderbuddie,2681,1870,1806
ITO,2698,1839,1782
Stefan2417,2824,1382,1439
ast123,2849,1632,1620
GreenHanHan,2902,1691,1663
dranjohn,2946,1560,1564
pikel_rik,2965,2084,1969
Kinon,3062,1847,1779
GoatTamer,3107,1578,1572
ivatopuria,3150,1478,1497
BabaVoss,3177,1575,1568
shuba400,3226,1629,1608
moo.,3265,1606,1588
khuepr123,3303,947,1206
czhang2718,3320,1395,1432
AST_TheCoder,3344,1910,1822
lexiyvv,3428,1654,1621
sedev57,3428,1577,1563
abhidot,3472,1504,1508
coding_sword,3488,1602,1581
BaoJiaoPisu,3551,961,1181
sweet_hope25,3566,1457,1471
oldherd,3596,1561,1547
yan_qiu_ynlchrz,3639,0,529
rainboy,3689,2003,1889
iamnifer,3705,1465,1473
snowysecret,3733,1602,1574
FelixArg,3733,1990,1876
wabadabakalakaboo,3762,1750,1686
rishit3234,3807,1644,1603
m.shreyansh,3807,1822,1741
pnm1384,3807,1649,1607
CIXTEEN,3807,1527,1515
pepelats,3859,1910,1810
visho33,3859,975,1212
Yoav,3859,1759,1691
jasen_2005,3922,1857,1766
MahmoudAshour,3922,1396,1415
mwen,3922,1886,1789
Drew_,3922,1496,1488
noobiesAG,3997,1527,1509
NToneE,3997,1592,1559
AwesomeHunter,4087,1677,1622
Irmuun.Ch,4171,1466,1459
lotato,4171,1655,1602
erankyun,4281,1414,1418
Fyind,4390,1212,1327
YPK,4390,1613,1566
Ertugrul28,4490,1380,1387
urosk,4490,1119,1204
VenomInVein,4490,1226,1277
asafiul,4619,1675,1608
Giga_Cronos,4619,1603,1553
Rayo,4619,1059,1160
MvKaio,4619,1421,1414
127.0.0.1,4619,1428,1420
ODD-EYES,4619,498,847
priyanshu_x,4987,1351,1355
Ecrade_,5108,1437,1416
Farsh_LE,5108,1218,1256
fork,5244,0,489
Error-42,5244,1610,1546
turkhuu622,5371,1505,1463
kevin,5371,1520,1513
EricQian,5484,1456,1423
jimmyywang,5608,1246,1264
UshanGhosh,5608,1571,1509
Valera_Grinenko,5608,1623,1550
Mike4235,5841,1482,1436
oursaco,5841,1128,1175
WillTheBill,5841,1617,1541
RakibJoy,5965,1284,1284
_martynas,6076,1484,1434
umezo,6076,1659,1570
BlueBlisteringBarnacles,6076,992,1130
oadey89,6181,874,1085
little_aurora,6427,1051,1109
shiomusubi496,6547,1338,1396
_RED__,6647,1529,1459
Piokemon,6749,1108,1141
MarioPariona117,6749,806,1023
TheAshenWitch,6847,1333,1387
HeartBreakKid,6847,1510,1440
djs100201,7072,507,807
ToniB,7247,1173,1177
L3ungj,7530,506,798
marvenlee,7625,1467,1395
thisIsMorningstar,7625,1252,1229
JYJin,7625,1621,1518
kitsune,7692,1544,1455
Jarif_Rahman,7914,1433,1364
sam571128,7983,1673,1555
_HiImNotMeoMeo,8060,915,1043
KseniaShk,8060,1219,1196
XaRDKoDblCH,8265,1184,1165
NHiL,8344,1037,1092
radal,8458,1394,1324
ntdung,8693,1463,1376
dino_merlin,8929,1294,1239
AmirrzwM,8929,1305,1247
catforces,9156,1850,1688
10circle,9256,1529,1422
jli505,9382,1540,1429
Theresa_Apocalypse,9465,0,420
TurboYarik,10051,1191,1138
fahimcp495,10274,1697,1549
DreadArceus,10374,1127,1082
vodacbaoan,10403,1211,1148
welleyth,11501,775,925
trainerherp,11621,0,391
voidXD,11678,732,886
UET_VietCT,11691,1706,1543
Aus21,12017,0,385
AsunderSquall,12204,1490,1355
yangjz,12215,1326,1320
YunQian,12322,423,662
555,13018,1818,1620
