handle,rank,oldRating,newRating
Benq,1,3406,3549
yosupo,2,3228,3369
ksun48,3,3395,3465
Um_nik,4,3441,3479
ecnerwala,5,3380,3420
maroonrk,7,3447,3447
SirShokoladina,9,2808,2955
244mhq,11,2902,3012
lumibons,12,2624,2799
tatyam,13,2734,2875
jiangly,15,3126,3158
Endagorion,16,2876,2967
dreamoon_love_AA,17,2902,2982
duality,20,2990,3037
tourist,22,3629,3509
Maksim1744,24,2711,2816
Golovanov399,25,2918,2968
snuke,26,2983,3014
Radewoosh,28,3245,3205
Farhod,29,2705,2799
Petr,30,3268,3217
krijgertje,31,2812,2874
gop2024,35,2916,2944
Noam527,36,2706,2781
whzzt,36,2992,2995
noimi,39,2662,2747
ainta,40,3246,3182
cookiedoth,41,2850,2883
alexxela12345,43,2211,2412
fedoseev.timofey,44,2582,2679
Andycipation,45,2180,2387
neal,47,2800,2837
uwi,49,2690,2751
Marcin_smu,51,2970,2959
Amoo_Safar,52,2789,2822
Rafbill,53,2511,2614
KAN,54,3025,2996
Swistakk,55,2866,2875
krismaz,56,2628,2696
nikgaevoy,56,2534,2626
nuip,59,2645,2706
tmwilliamlin168,61,2902,2895
AndreySergunin,62,2807,2823
TadijaSebez,64,2602,2668
tabr,66,2402,2519
Motarack,69,2625,2680
satashun,70,2555,2627
paula,71,2318,2453
Rubikun,72,2484,2572
fastmath,74,2649,2693
BaaaaaaaaaaaaaaarkingDog,75,2265,2410
saketh,77,2661,2699
jtnydv25,78,2312,2441
Jimanbanashi,78,2432,2528
anodaram,80,2132,2312
Wild_Hamster,81,2429,2524
353cerega,82,2208,2363
timmyfeng,83,2516,2586
conqueror_of_tourist,85,2563,2620
SomethingNew,87,2199,2353
BigBag,88,2521,2585
galen_colin,88,2519,2583
nigus,88,2472,2548
amnesiac_dusk,91,2553,2607
Toxel,92,2650,2679
Egor,93,3235,3116
emthrm,95,2550,2602
Egor.Lifar,96,2400,2491
Nutella3000,97,2054,2243
RobeZH,98,2444,2521
_h_,100,2763,2758
orz,101,2606,2640
Roundgod,102,2646,2668
platter,102,2324,2430
hos.lyric,105,3048,2968
JettyOller,106,2581,2618
KostasKostil,109,2481,2541
Alex_Wei,110,2442,2512
kimjihoon,111,2463,2526
cerberus97,111,2530,2576
errorgorn,115,2549,2588
TonySnark,117,2350,2440
jschnei,118,2329,2424
nathanlee726,120,2205,2332
ugly2333,120,2860,2817
Septimelon,120,2299,2399
lucasr,124,2166,2303
fetetriste,126,2184,2315
Nezzar,128,2712,2702
lessmeaning,129,2294,2392
Thienu,130,2315,2407
Martin53,131,2675,2672
KevinWan,133,2500,2541
kalimm,134,2212,2330
tfg,136,2786,2754
SSerxhs,137,2221,2335
skywalkert,137,2262,2364
eidan,139,2135,2273
izban,140,2725,2706
Night,142,2001,2178
Ormlis,143,2377,2445
atacan,144,2196,2314
enot110,145,2821,2775
SSRS_,145,2645,2643
Xellos,147,2570,2586
gyh20,148,2205,2318
Volkov_Ivan,151,2446,2492
StickBuerak,152,2140,2269
olliH,155,2273,2363
Aeon,156,2297,2380
Heart_Blue,157,2294,2378
lucasxia01,158,2200,2309
..vince,158,2447,2489
PavelKunyavskiy,160,2922,2845
codelegend,161,2270,2359
wangziji,162,2359,2423
WaterColor2037,164,2295,2375
ne4eHbKa,165,2126,2253
ShadowLight,168,2353,2416
Ilya_MSU,169,2474,2505
Kostroma,170,2659,2643
demoralizer,172,2300,2375
He_Ren,173,2366,2423
pengin_2000,175,1985,2150
tute7627,176,2576,2578
donentseto,179,2339,2401
jjjjj19980806,182,2107,2233
Sana,184,2614,2604
Savior-of-Cross,186,2311,2378
socho,187,2230,2318
aropan,188,2515,2528
upobir,189,2301,2369
RUSH_D_CAT,190,2287,2359
keko37,191,2389,2433
hitonanode,192,2735,2692
BurnedChicken,193,2359,2410
AnandOza,194,2342,2397
natsugiri,195,2731,2688
bekzhan29,196,2381,2425
oleh1421,197,2634,2614
SHZhang,197,2396,2436
lucaperju,199,2366,2413
hank55663,200,2872,2792
Monogon,201,2487,2502
fr200110217102,203,1788,2056
titia,205,2146,2251
Fly_37,206,2190,2282
DeaphetS,207,2271,2340
Nachia,208,2378,2419
Rahul,209,2281,2347
Anachor,211,2479,2493
abeker,214,2282,2346
zaq1xsw2tktk,216,2104,2217
afterall,217,0,835
4eT_llpuyHblJl,218,2074,2196
2qbingxuan,219,2275,2340
Dormi,220,2375,2413
Nakagawa.Kanon,221,2200,2284
sevlll777,224,2335,2381
TechNite,226,2197,2281
AQT,227,2432,2453
fedimser,228,2104,2213
cn449,231,2258,2323
Gassa,232,2412,2436
rqi,233,2453,2466
craborac,234,2831,2751
gleb.astashkin,236,2343,2384
KrK,237,2560,2546
mnaeraxr,238,2608,2581
Atreus,241,2547,2535
leaf1415,244,2484,2486
Szoboszlai10,246,2545,2531
budalnik,248,2781,2709
risujiroh,250,2517,2509
alireza_kaviani,252,2351,2385
Aleks5d,253,2553,2536
bthero,254,2277,2330
mip182,255,2278,2330
fanache99,256,2564,2543
klimoza,258,2261,2317
realcomplex,260,2337,2372
L0TUS,261,2447,2454
FlakeLCR,262,2084,2189
UnstoppableChillMachine,263,2420,2433
Mr.Robot_28,266,2222,2286
kotatsugame,267,2493,2487
Olerinskiy,271,2133,2221
Kilani,272,2526,2510
Potassium,273,2378,2399
tem_shett,274,2156,2237
knightL,276,2400,2414
FoodSheep,277,2317,2353
Timur_Sitdikov,278,2576,2546
lebowski998,279,2384,2402
Felerius,280,2360,2383
BenniKartefla,280,2294,2335
iakovlev.zakhar,284,2361,2383
-is-this-fft-,284,2434,2437
Degalat57,287,2281,2324
Bruteforceman,289,2196,2260
KeNaj712,291,2413,2421
lrvideckis,291,2230,2285
sava-cska,293,2459,2455
schtamas,294,2197,2260
kostia244,295,2408,2416
Barichek,296,2203,2264
fuppy,299,2489,2476
prins,300,2128,2209
Dragnoid99,301,2196,2257
jacynkaa,302,2493,2478
74TrAkToR,304,2165,2235
edenooo,305,2354,2373
WiwiHo,305,2314,2343
Ferume,305,2014,2126
djm03178,309,2151,2223
QwertyPi,310,2363,2378
oversolver,312,2265,2305
otbitiy_serb,313,2168,2234
jjang36524,316,2112,2193
uwu,316,2149,2220
se1ka2,318,2120,2198
TheScrasse,319,2217,2269
pllk,321,2332,2353
Agua_Podrida,323,2337,2356
teraqqq,326,2316,2339
uuzlovetree,326,2124,2199
_Ash__,328,2393,2396
kshitij_sodani,328,2259,2296
chemthan,328,2417,2414
sas4eka,333,2245,2286
Errichto,334,2832,2726
SW2000,334,2196,2250
Siberian,336,2292,2320
stefanbalaz2,336,2123,2196
qwerty787788,339,2786,2692
Nero,342,2366,2373
krauch,342,2207,2256
veschii_nevstrui,344,2182,2237
Ekler,346,2177,2233
aZvezda,346,2191,2243
hamlet,348,2364,2371
Nika_Tamliani,349,2115,2187
thenymphsofdelphi,350,2248,2284
JeffreyLC,352,2465,2445
never_giveup,355,2866,2749
erekle,356,2123,2192
_LeMur_,360,2265,2294
Noam13,361,2331,2343
darkkcyan,363,2200,2246
Vladik,364,2169,2223
talant,366,2147,2207
Seyaua,367,2296,2315
Marckess,367,2510,2476
Enkognit,370,2113,2182
ajpiano,371,2165,2219
Sert,372,2515,2479
awoo,376,2543,2500
njupt_lyy,376,2216,2254
natofp,380,2233,2267
achi_basadzishvili,382,2253,2281
PinkieRabbit,382,2631,2566
fefe,385,2233,2266
JooDdae,389,2192,2234
blyat,391,2175,2222
tobias.glimmerfors,393,2138,2195
Osama_Alkhodairy,395,2167,2215
mbalsells,397,2352,2351
Akulyat,397,2467,2439
VLamarca,402,2349,2348
Andreasyan,407,2389,2377
arnold518,408,2361,2355
MateoCV,408,2240,2265
VEGAnn,415,2194,2230
pavlekn,417,2225,2253
F0_0H,420,2189,2226
martins,421,1990,2082
rembocoder,424,2372,2361
kissgergely,426,2184,2222
faustaadp,427,2312,2316
maximumSHOT,428,2508,2463
DylanSmith,428,1972,2067
HanaYukii,431,2272,2285
SUN.LOVE,431,2214,2242
gabrielwu,435,2327,2326
m_99,436,2467,2431
cheissmart2,438,2274,2285
kupriyanov,438,2163,2204
marcOS,440,2136,2183
cr8,440,1783,1931
sinus_070,446,2131,2179
physics0523,448,2105,2159
Nson,448,2296,2299
mat_v,452,2214,2239
vlatko,452,2174,2209
chervovn04,454,1977,2066
AaronHe,456,1969,2060
I3J03RN,457,2101,2155
penguinhacker,458,2223,2244
wjli,459,2283,2288
MrBrionix,459,2170,2204
takumi152,463,2276,2282
sys.,464,2137,2180
markysha,466,2127,2172
gravito12345,470,2328,2321
Yongaron,476,2559,2494
Lawali,477,2343,2331
fsshakkhor,478,2062,2123
tonyli00000,478,2136,2176
MysteryGuy2,481,1915,2017
qxforever,483,2214,2233
baqargam,489,2179,2206
rama_pang,490,2426,2392
Goshkata,491,2217,2234
xpov1LL,493,1729,1883
l1ll5,493,2154,2187
rt3,495,2109,2154
Mtaylor,502,2130,2168
danya090699,504,2336,2321
Pandemic,504,1932,2024
CodigoL,504,2260,2263
daniel071292,510,2092,2139
uryuuu,513,2100,2144
antonis.white,520,2169,2194
lsantire,523,2198,2215
SaveVMK,523,2197,2214
Temotoloraia,525,2656,2561
mban259,528,2136,2168
ankeet,532,2096,2138
IvayloS,532,2093,2136
Jael,535,2082,2127
top34051,538,2148,2175
nagpaljatin1411,542,2169,2191
shdut0901,543,1985,2056
dapingguo8,546,2006,2071
Hasan0540,547,2393,2357
CepryH9,547,2272,2266
Hyperbolic,549,2252,2251
reeWorld,552,2270,2264
Ivang,555,2166,2186
lcaonmst,556,1830,1943
AlexThunder602,560,1993,2059
humbertoyusta,561,2251,2248
mnaveenkumar2009,561,2223,2227
wifiiii,567,2312,2293
kzvd4729,571,2248,2244
YxqK,573,2218,2222
Honey_Badger,574,2182,2195
Lemur95,575,2078,2118
lebeg,575,1918,2002
kmjp,579,2714,2598
tonegawa,587,2156,2174
farmerboy,594,2168,2181
RedStone,594,2153,2171
JeanBombeur,597,1460,1736
cheetose,599,2275,2262
glancing_back,601,1707,1849
gs17005,602,1939,2013
ghj1222,604,2161,2175
vpike,604,2092,2124
HCPS42,608,2109,2136
lwn_16,610,2254,2244
soltanmv,615,2307,2284
_Yuru_,617,2101,2129
anpoli99,618,1934,2008
princebelkovetz,619,1849,1946
madn,622,2187,2192
sansen,624,2499,2428
12tqian,626,2204,2204
hychyc,627,2123,2143
Meeena,634,2403,2354
Agnus,645,1964,2024
Tzak,653,2154,2163
mr_swashbuckler,654,2122,2139
PuRpLe_FoReVeR,671,2403,2349
NiceClock,671,2118,2133
edsa,675,2158,2163
SleepyShashwat,678,2246,2229
alocytus,682,2153,2158
azukun,683,2100,2119
ema,683,1757,1870
Tekor,689,2221,2209
lukamosiashvili,691,2200,2193
WCG,694,2054,2083
couplefire,706,1959,2013
brunomont,707,2184,2179
Temmie,714,1785,1886
DestinHistoire,716,2019,2055
JOliva,716,2100,2115
jhknmj,722,2164,2162
Soul_Full_Of_Thunder,724,2105,2117
krasav4ik,732,2104,2116
WeakestTopology,735,2029,2060
bvd,738,1951,2003
Dart-Xeyter,741,2126,2132
Mamedov,744,1895,1961
Rafi22,745,1918,1978
loK10,747,1782,1880
Raiden,751,1954,2003
grandesonnerie,758,2169,2162
MAKMED1337,759,1875,1945
tloinuy,761,2129,2131
prostochill,767,1690,1812
cute_hater,769,2071,2087
potatmen,770,2158,2151
David-M,770,2111,2117
anonymous_Bunny,772,2117,2121
Svlad_Cjelli,774,2248,2220
SuperJ6,774,2085,2096
S2speed,778,1750,1853
Hile_Meow,785,1833,1911
amanbol,789,2083,2094
flukehn,792,2078,2090
KKT_89,794,2037,2059
pikel_rik,797,2191,2174
solvemproblr,800,2001,2032
tranquility,801,2215,2191
east1016,801,2107,2110
Turkey,805,1985,2019
kohandy,809,2009,2037
ilia-ivanov,811,1836,1911
pacha2880,812,2005,2033
Caed,813,1927,1976
rafaelgo,819,1880,1941
coder_pulkit_c,821,2169,2155
chinerist,822,2059,2072
Pccc,823,2076,2084
qpwoeirut,825,2206,2182
thatprogrammer,829,2101,2102
Markadiusz,830,2232,2202
SGColin,836,2046,2061
Bedoo,841,2029,2047
Shaad7,842,2112,2109
Sugarii,849,2115,2111
YCKC_LCJ,851,1972,2004
MarcosK,854,2272,2229
MikhailovBair,855,1951,1989
Owmicron,858,1968,2001
DanielixS,859,2028,2045
AlanSkarica,861,1792,1873
varlevani,862,1680,1792
Emilan,863,2167,2149
boleyn.su,864,2074,2078
ltf0501,866,2098,2096
dannyboy20031204,869,2105,2102
Everule,872,2278,2232
Suckmycode,883,1567,1709
purinliang,883,2051,2060
Andres_Alumets,885,2102,2097
Narut,887,1997,2019
TsukikoTsutsukakushi,889,2216,2183
lucasturci,889,2187,2161
Warawreh,893,2140,2125
JustInCase,901,1998,2019
rabbitsthecat,902,1967,1996
okwedook,905,2254,2210
--tofu--,906,1943,1978
Performanceartist,907,1864,1920
hieu_2004,909,1972,1999
gangpenwang,910,1943,1977
Svyat,912,2215,2180
ILoveBitches,915,1986,2008
impermanence,917,2138,2122
GoogleBot,922,2211,2176
abc864197532,923,2188,2159
mtsd,923,2627,2497
LUL____SEPLED1305,926,2172,2147
ibrahim001,927,1924,1961
Dilhao,929,1966,1991
DeD_TihoN,931,2161,2137
minhcool,932,2129,2113
BlueDiamond,933,2165,2140
M1v1savva,934,1793,1864
ScarletS,941,1933,1966
generic_placeholder_name,941,2273,2222
jdurie,944,2264,2214
kai824,945,2158,2134
FelixMP,946,2171,2143
ub33,950,2223,2182
Omer223,951,2130,2112
yuto1115,951,2228,2187
mjtai,954,2104,2092
crazyilian,960,2272,2220
HackerMonk,967,2293,2235
blackyuki,971,2189,2155
0x3F,976,1902,1940
I_HATE_GEOMETRY,989,2098,2085
Linqi05,993,2110,2093
golions,998,2114,2096
Alexdat2000,1001,2162,2132
RedMind,1005,2128,2105
acraider,1010,2269,2212
Wibo,1012,1972,1988
gauss148,1014,2138,2112
VladProg,1015,2299,2235
YahiaSherif,1022,1935,1960
espr1t,1025,2128,2103
Rvess,1030,2185,2146
abcde34534,1032,1670,1765
vaaven,1034,2153,2121
JustasZ,1035,2193,2152
Mr_Eight,1035,2105,2086
blobugh,1037,2194,2153
Wonsei,1039,1866,1907
BLUESKY007,1041,1845,1892
hamamu,1042,2178,2140
Infinity25,1042,2132,2105
Dremix10,1052,2051,2042
AkaiLemon,1053,2183,2142
-rs-,1056,2146,2114
umezo,1058,1683,1771
curly_braces,1058,1927,1950
kishtarn,1064,2140,2109
limabeans,1064,2108,2085
API,1067,1644,1743
thai9cdb1,1067,2282,2217
2020akadaver,1071,1922,1945
Scayre,1072,2117,2091
Juney,1075,2142,2110
jakao,1081,2100,2077
OTTFF,1084,2158,2121
EN_SA,1086,1890,1920
Pety,1090,2133,2102
catforces,1092,1866,1902
kzyKT,1094,2147,2112
-23333,1096,2100,2076
Lol2004,1101,1524,1654
vito1036,1101,2212,2160
JustAnotherAlt,1110,2047,2035
Giga_Cronos,1110,1739,1807
ymmparsa,1129,2150,2112
Plurm,1130,2141,2104
Dukkha,1135,1590,1697
tkacper,1135,1750,1813
Lieska,1139,2137,2100
Fysty,1152,1975,1977
Ahmadsm2005,1155,1779,1832
nishant403,1157,2233,2173
srikkanthr,1160,2281,2209
Drice,1162,2046,2030
zhabo,1165,1617,1714
czsnb,1167,1847,1880
Valera_Grinenko,1167,1844,1878
DDima,1183,1896,1915
egge,1190,2008,1998
a.stepanov281005,1191,1697,1769
GioChkhaidze,1191,2002,1993
8e7,1198,2163,2116
collares,1200,2270,2198
AlexBurkov,1203,1988,1983
Luca,1206,1837,1870
rishit3234,1206,1830,1865
Lacheck,1209,1831,1865
caoash,1209,1892,1910
askd,1214,2101,2067
vishal4556,1218,1916,1927
FEDIKUS,1221,1975,1971
SPD_9X2,1224,2176,2124
IgorSmirnov,1226,2185,2131
kulpet345,1236,2226,2161
BSBandme,1240,2180,2125
Kude,1240,1782,1864
AquaBlaze,1242,2130,2087
UnstoppableMathMachine,1264,1865,1885
panda211panda,1265,1786,1827
michao,1273,1962,1957
andr1y,1279,1956,1952
donbasta,1285,2115,2072
jimm89,1300,1583,1676
muhammadhasan01,1300,2102,2061
Rewenix,1306,1680,1746
ChaosAngel,1311,2106,2064
bleh0.5,1315,2038,2012
Agnimandur,1316,1850,1871
plourde27,1322,2066,2032
dakshgarg,1330,1932,1930
IIT_kr_lo_fir_life_set_h,1335,2004,1984
psruk,1346,1820,1845
magga,1349,2270,2187
Thallium54,1355,1770,1808
Alfeh,1355,1869,1881
forget__it,1361,2078,2038
firi.,1366,2296,2207
apostoldaniel854,1373,2146,2090
Priyansh31dec,1381,1975,1959
hackcyborg,1385,2171,2108
Hakiobo,1387,2177,2113
andreumat,1391,1761,1798
Resende,1394,1786,1817
r57shell,1399,2060,2022
Ina,1409,1739,1781
Stepavly,1410,2157,2096
edchen,1414,1917,1912
Ra16bit,1420,2445,2320
STommydx,1420,2148,2088
TooTrashyToCompete,1424,1997,1972
uux,1424,1856,1866
Jorge213,1431,1881,1884
hkyiitd,1433,2244,2161
MagentaCobra,1441,1936,1925
vioalbert,1442,2003,1975
Abbess,1445,1688,1741
Verly,1445,1928,1919
Spitfire_F_Mk_IX,1447,1856,1902
PixelCat,1450,2161,2096
mkawa2,1452,1962,1944
Hugin,1452,1811,1830
snacache,1459,2123,2065
Uzumaki_Narutoo,1483,1948,1931
asdkjc,1488,2046,2005
joylintp,1500,2097,2043
WillTheBill,1503,1797,1816
yanire,1507,1225,1409
ChinmayKarnik,1513,1673,1724
myx12345,1522,2009,1974
Kinon,1529,2020,1983
sare,1535,1700,1742
visho33,1540,1431,1584
sharaelong,1544,702,1120
andrei_boaca,1550,2110,2050
Yoav,1557,1699,1740
vok8,1557,2037,1993
Celtic,1565,1710,1748
.-O_O-.,1569,2014,1975
lotato,1579,1524,1611
Gheal,1582,1916,1900
Hell_Eclipse,1586,2270,2172
nathan_luiz,1586,1789,1804
moo.,1594,1760,1782
Vladithur,1602,2098,2037
lukameladze1,1629,1603,1664
pjych1,1629,1546,1660
EJOI_Gold,1633,1656,1703
Arpa,1637,2416,2284
eepsilon,1657,1602,1662
Kira_1234,1658,2018,1973
fbabic,1667,1672,1713
hopesanddreams,1668,1661,1704
little_misfortune,1691,2316,2203
Jarif_Rahman,1702,1813,1814
asdsasd,1720,2007,1961
Igorbunov,1722,2162,2079
yash_daga,1725,2037,1983
Khozhaev,1728,2104,2035
I_love_geom,1729,1793,1798
ZADaCHI,1733,1952,1917
555,1736,1539,1611
status_coding,1737,1916,1890
mexomerf,1740,2139,2060
HollwoQ_Pelw,1744,1932,1902
Jaydeep999997,1746,2131,2054
TravellingSalesman,1756,1918,1890
sohsoh,1766,1992,1946
0-jij-0,1769,2120,2044
Halyavka,1776,1807,1805
Prateek,1783,2045,1985
shuyefan,1797,1681,1771
BabaVoss,1799,1758,1767
Honour_34,1799,2038,1979
abhidot,1806,1531,1600
Roham,1809,1918,1887
harshhx17,1813,2150,2065
ZHUHAORENQaQ,1813,1519,1591
reiracofage,1815,1850,1835
Kalashnikov,1849,1945,1905
kumaraditya1999,1874,1923,1886
brkdnmz,1879,1882,1855
Tima,1888,2328,2201
I_LOVE_ANTON_DONBASS,1888,2114,2033
amano_hina,1888,2027,1965
KDVinit,1901,1826,1812
CIXTEEN,1907,1606,1647
XDEv11,1928,1614,1652
Meloric,1928,1980,1927
Millad,1944,1702,1716
RetiredPlayer,1944,2121,2035
mars4,1956,1981,1927
tanus_era,1966,2109,2025
Error-42,1968,1561,1611
ghost_of_sparta1,1985,2081,2002
LuCpp,1998,1601,1639
Nikhil_Medam,2000,2017,1952
Dallby,2005,1854,1827
DeMen100ns,2012,1589,1629
fishcathu.,2017,1450,1527
swapnil159,2079,2104,2015
De-Bug,2116,1511,1565
Killer250104,2128,1813,1789
basebillions,2128,1729,1726
noobiesAG,2179,1777,1759
lorenzoferrari,2230,1624,1641
Fidisk,2230,2064,1976
czhang2718,2281,1648,1657
mafailure,2302,1800,1770
StrawHatWess,2312,1879,1829
Tatsuyaaaa,2312,1825,1789
AugustinasJucas,2317,1952,1885
aander,2326,487,913
Golden,2326,2135,2028
oadey89,2349,1494,1540
Pichu,2355,1808,1774
Vectors_Master,2355,1607,1622
_no0B,2366,2253,2120
RakibJoy,2370,1502,1544
fahimcp495,2370,1671,1669
Riblji_Keksic,2378,1040,1225
balakrishnan,2427,1969,1893
Onjo,2427,2360,2204
bhatnagar.mradul,2431,2161,2044
TurboYarik,2458,1377,1449
pepelats,2477,1843,1794
krzysztov,2477,1580,1595
I.Gleb,2514,2124,2011
djs100201,2514,1452,1500
MarioPariona117,2529,1500,1534
Robsob,2529,1761,1730
kunj017,2529,2101,1992
bnkalya1502,2570,1827,1777
atodo,2590,2189,2059
VenomInVein,2602,1403,1460
gdb_18,2606,1857,1799
nooooob_KiFaH_HeLaL,2606,1221,1331
dunda,2610,1045,1301
aryan12,2647,1945,1864
pill,2741,1880,1811
MahiruShiina,2755,1743,1706
t98slider,2755,1582,1584
zulk,2766,0,553
AmirrzwM,2776,1400,1449
Ecrade_,2804,1788,1738
Iscream2001,2807,2326,2162
qsmcgogo,2849,2149,2018
BaoJiaoPisu,2865,1598,1591
Karavaiev,2865,1883,1808
Fyind,2902,1578,1574
ilovemymind,2919,1612,1599
codicon,2919,1742,1698
SlavicG,2919,1499,1515
n0sk1ll,2941,1888,1808
_RED__,2957,1646,1623
Zain,2979,2145,2009
ahmad_alghadban,2993,1567,1562
gabriel88766,3077,817,1111
Roll_Num_56,3081,1957,1857
AHappyPotato,3103,1837,1763
sedev57,3103,1634,1608
1024mb,3127,1562,1552
DanTheMan.,3139,1582,1567
Alx,3185,1684,1643
hardikkapoor,3186,1885,1797
Dorost,3201,1754,1695
BenjaR,3223,1939,1838
bobbilyking,3233,1572,1556
_Fake4Fun,3233,1030,1262
059-354-448,3233,1200,1285
kiomi,3241,1938,1836
revpro,3279,2101,1963
DJeniUp,3369,1873,1781
ruhan.habib39,3409,1888,1791
khuepr123,3412,1562,1541
UshanGhosh,3412,1497,1492
_martynas,3428,1571,1547
smax,3437,2073,1936
dark_light,3442,1365,1455
jhkoh,3503,1863,1769
adamjamil,3530,2100,1955
AmShZ,3573,2213,2045
erray,3578,1900,1795
GALA,3629,1619,1576
huikang,3730,1815,1723
Soumya1,3754,1508,1487
Ertugrul28,3759,1511,1489
Yomapeed,3873,1753,1670
vodacbaoan,3897,1480,1461
valeriu,3924,1583,1538
MvKaio,3932,1588,1541
Eramoni,3951,2110,1950
izhang,3955,1355,1364
Ooops_no,4079,1876,1760
I_HATE_CONSTRUCTIVES,4088,2079,1920
sam571128,4088,1583,1532
Ayalla,4088,1611,1553
flamestorm,4088,1537,1496
urosk,4109,1152,1210
zggf,4144,1870,1752
gupta_samarth,4144,2132,1962
mishanya_stulov,4144,1621,1558
Rayo,4181,1106,1175
asafiul,4223,1492,1456
Kawaii,4223,1104,1172
caan_do,4270,1565,1511
DilshodbekX,4359,1655,1577
voidXD,4408,1151,1197
fatemetmhr,4483,1430,1400
nador.benedek,4700,1556,1491
snokes,4700,1230,1305
Ahmed57,4930,792,969
AsukaSaito,4930,1321,1303
oursaco,5000,1219,1224
GreenHanHan,5082,1588,1505
anhkha1004,5092,1693,1587
ToanLe,5116,1845,1706
Mike4235,5136,1498,1433
turkhuu622,5246,1364,1326
trainerherp,5271,1151,1164
alex.kudryashov,5402,1322,1288
jli505,5757,1569,1471
4qqqq,5849,1850,1693
ZergTricky,6025,1067,1074
raztun,6060,1122,1179
MahmoudAshour,6163,1649,1525
syrtin,6227,1429,1347
Tom66,6287,1883,1710
mily,6303,1014,1025
HinanawiTenshi,6355,1032,1072
Ahmed_Salah7,6500,1482,1383
lis05,6705,0,418
MnTm,6725,1252,1188
_HiImNotMeoMeo,6862,1066,959
rainboy,6862,1711,1522
Java,6862,1576,1408
alecs,6862,1440,1292
cage,6862,1263,1137
Apple_Method,6862,1536,1374
ParsaS,6862,766,809
zhiganov_v,6862,0,361
AKJ0811,6862,1979,1746
Alcabel,6862,1031,1014
ace_loves_xq,6862,1791,1589
milind0110,6862,0,361
Kahou,6862,0,361
nanoblob,6862,0,361
