handle,rank,oldRating,newRating
XAXAEBATb,1,2024,2323
ScarletS,7,1961,2197
Ji_Kuai,17,1866,2096
tkacper,18,1986,2175
StrawHatWess,21,1782,2026
I_HATE_CONSTRUCTIVES,23,1804,2036
czsnb,25,1905,2100
Igorbunov,26,1885,2084
mjhmjh1104,27,1978,2146
topcoder815,33,0,845
dsgrekova2,36,1974,2129
Andres_Alumets,39,1870,2052
kunj017,40,2015,2152
daubi,42,2074,2191
himadri765,43,1987,2128
bcollet,44,1958,2107
asd_a,45,1680,1967
Sedmoklasnikut,48,2046,2164
ld_minh4354,49,1879,2046
jimm89,50,1852,2025
-45,55,1799,1983
Alex2184,58,1804,1982
Periquito,62,1918,2059
Alexander_Kozhevnikov,62,1727,1928
LuCpp,66,1830,1995
MagicHust,70,1923,2054
Ran,70,1917,2050
sjcsjcsjc,79,2029,2184
RetiredPlayer,81,2020,2117
Gravekper,83,1984,2089
varlevani,83,1953,2067
BaluconisTima,87,1804,1961
IMRUN,91,1914,2036
Handsome2004,91,2088,2160
yur3k,93,1980,2081
ChessCoder,95,2082,2151
I_love_geom,95,1961,2064
Dremix10,95,2042,2122
TKT_YI,101,1744,1912
shiomusubi496,103,1692,1874
ChinmayKarnik,103,1967,2064
a.stepanov281005,103,1927,2036
OMG_wc,121,1979,2065
jhkoh,121,1922,2024
Riladavin,121,1831,1960
usuyus,121,1916,2020
hat,128,2045,2111
Mamedov,130,1866,1981
aryan12,135,1874,1986
Kira_1234,144,1994,2068
Dallby,144,1994,2068
_Fake4Fun,148,1930,2020
WeakestTopology,148,1853,1965
Yellowgood,152,1912,2006
catforces,154,1855,1965
pnm1384,158,1772,1905
_no0B,163,2078,2120
farmerboy,163,2067,2112
Sugardorj,174,1982,2049
Ooops_no,178,2097,2132
atakanysr,179,2093,2128
balakrishnan,185,1707,1851
Vin__ar,195,1861,1956
dixitgarg,199,2024,2072
p3rfect,204,1744,1871
skittles1412,204,2020,2067
egge,209,1880,1965
fahimcp495,209,1721,1854
mexomerf,213,1914,1988
Guoyh,218,1776,1889
Sakuyalove,218,1784,1895
IvanBorquez,218,1856,1946
Sugarii,223,2096,2119
Galebickosikasa,227,1824,1921
spectrra,240,1919,1985
Pazio,240,1790,1894
.-O_O-.,245,2002,2045
AmirrzwM,256,1881,1955
moonshine,259,2049,2076
IsaacMoris,264,2086,2103
HeartBreakKid,268,1559,1727
Ahmadsm2005,268,1861,1937
martins,268,1982,2026
Tatsuyaaaa,274,1872,1944
lx_zjk,279,2091,2105
AquaBlaze,280,1977,2020
MaddyBeltran,283,1804,1894
123thunderbuddie,297,1843,1919
fishy15,301,2039,2062
congthanh123,318,2092,2098
Raiden,327,1952,1993
lzr010506,328,2034,2053
arvindr9,338,2020,2041
muoshuo,348,1866,1926
GustavoMG,348,1760,1851
heyuhhh,348,2039,2054
dmkz,356,1979,2008
RedMind,356,1936,1977
Killer250104,356,1672,1788
rabbitsthecat,364,1920,1964
Alice_Synthesis,366,1900,1949
Da7doo7,375,1819,1888
plagues,378,1937,1973
czhang2718,378,1639,1760
myx12345,399,1862,1916
vok8,400,1897,1940
555,400,1822,1886
cr8,407,1959,1985
huikang,408,1766,1845
minhnguyenxuan60,411,1726,1817
Nutella3001,420,1846,1901
-messi-,426,1904,1943
dranjohn,434,1847,1900
Prateek,440,2016,2024
DimmyT,440,1925,1956
KarL05,444,1623,1774
luciocf,468,1910,1941
limabeans,473,1712,1798
ilia-ivanov,482,1651,1753
GioChkhaidze,487,1886,1921
AcPlusOne,491,2054,2047
sedev57,492,1608,1722
Goobne,497,1814,1867
M1v1savva,503,1963,1976
Jarif_Rahman,510,1788,1847
mkawa2,513,1904,1931
saftig,516,1691,1776
Arnob,528,1791,1847
Edlue,539,1780,1838
Boboge,543,1827,1871
vito1036,543,2078,2059
nenuybtd,546,1865,1960
qwerasdfzxcl,550,1967,1973
PineapplesOnPizza,558,1855,1890
ttklwxx,561,2015,2009
Roham,571,1806,1853
ILoveBitches,577,1962,1967
brkdnmz,583,1770,1825
HeIIoWorId,599,2050,2031
Magi,611,1890,1910
Nike_VML,633,2019,2005
curly_braces,633,1887,1906
bayashiko,642,1767,1817
dragon_bra,642,1906,1919
CSQ31,642,1864,1888
fcw,649,2038,2018
fishcathu.,655,1864,1886
asafiul,661,1669,1744
iamnifer,667,1735,1791
Jojosus,670,1696,1763
lelbaba,673,1637,1720
Igorfardoc,673,1990,1979
JustasZ,687,2086,2051
Priyansh31dec,699,1720,1777
earl_of_byteland,703,1703,1764
chervovn04,703,2005,1987
Alx,703,1981,1970
towrist,711,1886,1897
Nika_Tamliani,711,1946,1943
Abbess,729,1713,1769
Yomapeed,729,1657,1729
khuepr123,744,1918,1919
hardikkapoor,748,1745,1790
psruk,748,1901,1905
Lukij,756,1874,1885
Igor_Parfenov,756,1996,1976
JYJin,764,1812,1838
JustInCase,768,2028,2000
VasyaMer,780,1576,1666
NaBeleaua,780,1617,1754
Lihwy,780,1612,1691
basebillions,801,1757,1794
Bedoo,801,1864,1874
uux,805,2002,1977
TranLeHiep,813,1991,1969
Hile_Meow,816,1993,1970
--tofu--,825,1879,1883
Mohamed.Sobhy,837,1925,1917
woshiluo,837,1601,1679
Alfeh,837,1767,1799
Sdchr,874,1984,1959
Nozarashi,884,1776,1801
MahiruShiina,884,1683,1733
lukameladze1,884,1610,1681
AlperenT,894,1312,1506
Irmuun.Ch,900,1566,1648
Jaydeep999997,900,1933,1918
CSHwang,907,1995,1965
kumaraditya1999,907,1867,1867
Narut,930,1954,1932
Luca,938,1943,1923
Resende,938,1818,1828
moo.,945,1737,1769
shuba400,950,1727,1761
hamath,957,1882,1876
Andyvanh1,967,1313,1465
Soumya1,967,1617,1679
aimoon,979,1283,1444
CraniXort,979,2007,1969
FatihSolak,1000,1681,1723
DimaTomsk,1000,1611,1673
MAKMED1337,1011,1704,1739
Imagine.2019,1022,1089,1391
Wibo,1034,1838,1837
PAP,1038,2042,1992
XueYJ,1053,1889,1875
UshanGhosh,1053,1575,1642
abhidot,1060,1683,1721
flpt0x,1060,1768,1783
AvinashKartik,1082,2058,2002
brute_forceCE,1088,1675,1713
cebolinha,1097,1630,1679
Lacheck,1126,1871,1857
little_brush,1149,1829,1824
YPK,1153,1638,1681
nathan_luiz,1153,1876,1859
k1sara,1165,1408,1516
r57shell,1165,2032,1977
fatemetmhr,1181,1701,1726
ivatopuria,1185,1452,1545
1bin,1190,1793,1794
ak-group,1190,1230,1392
ArvinCiu,1190,1202,1374
tauhrick,1197,1850,1837
Java,1200,1933,1899
PhanDinhKhoi,1200,1919,1888
KDVinit,1217,2076,2010
apgpsoop,1217,1669,1700
cmwqf,1242,1788,1787
fork,1249,1716,1732
Nzt3,1256,1542,1605
kiomi,1268,1862,1842
GordeyZav,1275,1587,1637
pooty,1341,1555,1646
Ste,1372,1406,1502
4qqqq,1379,1726,1733
DeMen100ns,1396,1815,1799
Shivam_18,1401,1783,1775
andreumat,1407,1709,1719
snokes,1415,1574,1619
dunda,1424,1590,1630
maxflow,1435,1917,1875
Son,1435,1957,1906
Roman_2007,1456,1179,1392
TTNhan,1456,1885,1850
umezo,1473,1601,1635
yan_qiu_ynlchrz,1482,1619,1648
2020akadaver,1482,1858,1827
KseniaShk,1491,1389,1482
kitsune,1503,1663,1679
leukocyte,1545,1968,1910
Fyind,1545,1794,1776
parkky,1557,1730,1727
DilshodbekX,1557,1666,1679
ItsLastDay,1570,1747,1739
Valera_Grinenko,1570,1913,1866
Valters07,1597,1987,1922
EJOI_Gold,1616,1924,1872
fsshakkhor,1624,1971,1908
systy,1639,1015,1271
BERNARD,1657,1514,1562
Nahian9696,1657,1189,1334
Kawaii,1680,1415,1490
GlowCheese,1772,1704,1698
shadow9236,1819,1636,1644
AwesomeHunter,1854,1684,1679
lfw,1908,2084,1987
GoatTamer,1976,1800,1762
bashkort,1976,1267,1370
smalyarovsky,2020,1344,1423
Kirkon,2020,1518,1548
martinius,2059,609,993
aniketjain0317,2069,1605,1610
Mike4235,2093,1608,1611
AmmarDab3an,2118,1296,1384
jsssk,2149,1456,1498
mafailure,2174,1794,1751
Esquire,2186,1162,1289
EN_SA,2186,1684,1666
CallmeChallenger,2208,1890,1823
Mr_Programmer_98,2227,1844,1787
anhkha2003,2227,1717,1690
qsmcgogo,2264,2038,1939
tedi_2.0,2316,1080,1280
ToniB,2346,1476,1504
Rainbow____,2346,1449,1546
Valaki2,2377,1142,1268
Greenscreen23,2403,378,810
nooooob_KiFaH_HeLaL,2463,1580,1577
topovik,2550,1758,1710
edchen,2550,2024,1920
ButterflyDew,2586,1902,1822
marton.antoni,2586,2074,1959
sam571128,2586,1722,1681
Adam_GS,2604,624,980
hxu10,2618,1528,1533
PoPularPlusPlus,2618,1498,1510
AA_Surely,2635,1329,1387
thatprogrammer,2680,2005,1901
ahmad_alghadban,2705,1525,1528
Leonard,2724,1244,1323
Lol2004,2724,1507,1514
Danilo21,2748,1125,1241
lotato,2880,1717,1669
XDEv11,2948,1754,1696
HinanawiTenshi,2948,1389,1419
MagentaCobra,2960,1858,1777
127.0.0.1,2971,1543,1533
priyanshu_x,2971,1540,1531
voidXD,3077,1362,1395
hackerbhaiya,3085,1600,1573
Lam_lai_cuoc_doi,3169,1765,1698
timav,3317,1942,1835
pwned,3406,1165,1244
Sh0,3419,715,1025
bonopo,3429,1675,1661
ace5,3489,1615,1574
Sweezy,3577,1522,1501
ZergTricky,3694,1306,1336
LittleCube,3705,0,510
joelgun14,3705,501,855
laozhu1234,3770,1462,1448
ArtAlex,3770,534,876
fangahawk,3770,1431,1424
Ayalla,3858,1724,1649
milind0110,3858,1210,1260
Pedestrian1,3933,0,503
jli505,4176,1690,1615
draco976,4364,1762,1669
koderkushy,4364,393,757
xuanbac05,4454,1348,1345
islingr,4454,1932,1804
CN_Amuzi,4454,1022,1176
grandahundo,4454,1312,1319
AbdelmagedNour,4560,1161,1206
Tinky-Winky,4603,1303,1308
LeiLeiKunLe,4603,1033,1116
Joler_,4921,959,1118
Riblji_Keksic,4921,1441,1406
t98slider,5000,1600,1528
Nazar,5156,865,1044
snasibov05,5225,1105,1149
jaewoo2009,5331,0,473
WAtoAC2001,5429,1121,1155
misaka18931,5466,1481,1427
VenomInVein,5628,1414,1372
zhiganov_v,5711,639,898
MISM06,5921,358,696
valeriu,6103,1600,1510
Lyamzin_alexandr,6126,1278,1295
volochai,6409,810,974
leeminhduc2,6538,905,1043
ijxjdjd,6653,1992,1824
Tsovak,6801,1105,1112
GALA,7106,1637,1525
RohitRKS,7125,1382,1320
Farsh_LE,7391,1200,1092
I_believe_I_can_fly,7391,412,642
NHiL,7391,1317,1196
little_aurora,7391,763,685
tch1cherin,7391,857,774
Ahmed57,7391,929,842
sumon123,7391,966,877
Runtime-Terr0r,7391,429,657
b6e0,7391,1560,1408
akcube,7391,423,652
MarcosPauloEvers,7391,1247,1134
Ahmed_Salah7,7391,1528,1380
Ush1su,7391,957,915
outfinity,7391,414,644
Dukkha,7391,1364,1238
Alcabel,7391,1334,1211
swapnil159,7391,2076,1853
rainboy,7391,1728,1551
Rayo,7391,1125,1024
MnTm,7391,1209,1100
manizare,7391,851,768
