handle,rank,oldRating,newRating
Mr_Eight,3,2070,2307
asd_a,7,1967,2238
529,8,0,927
wenhao801,11,1907,2157
DoorhandleMahoushoujo,12,1589,1988
AC-Evil,13,1997,2206
Miko35,19,2056,2223
houzhe,21,2012,2187
rainboy,25,1813,2042
The-Out-Land,26,2095,2233
oisdoaiu,28,1961,2137
jiangbowen_,31,2095,2225
Belalabella,32,1696,1953
ykl,35,1687,1974
SxyLimit,36,1608,1937
SorryNaCN,40,1901,2076
AquaBlaze,45,2059,2179
mh755628,46,1917,2079
Luca,47,2067,2182
marcOS,51,2064,2176
Qingyu,52,1984,2119
egneeS,54,2033,2151
osladky,56,1918,2069
Sdchr,61,2052,2159
xcyle,62,1201,1652
leukocyte,63,2027,2139
fezjo,64,2078,2175
eudanip,68,1995,2113
little_brush,72,1987,2105
Wonsei,74,1934,2066
ijxjdjd,77,2085,2170
UltiMadow,78,1877,2024
PurpleCrayon,79,2002,2110
curly_braces,84,1909,2042
bcollet,90,2085,2162
Geekatron99,91,2039,2186
fatemetmhr,93,1999,2099
amano_hina,100,2031,2118
rgnerdplayer,101,1800,1957
Adam_GS,104,1759,1928
Zeyush,109,1960,2099
Hugin,110,1826,1971
oreo816,112,1638,1897
_Andromeda,113,1789,1944
Mirbek,115,1703,1885
Rpd-Strike,117,2025,2106
shuyefan,119,2029,2108
bayashiko,126,1761,1919
SlavaSSU,127,1751,1911
tkacper,130,1820,1956
5ab,130,1917,2023
bit-noob,133,1909,2017
PCTprobability,136,2076,2134
iamnifer,140,1951,2043
WeakestTopology,141,2092,2144
p3rfect,144,2019,2090
HoshimiOWO,147,2007,2080
HuaShanLunJian,152,1857,1973
Prateek,153,2062,2118
erray,154,2070,2123
DilshodbekX,155,1914,2011
Igorjan94,156,1912,2010
Alx,157,2077,2127
MikhailovBair,160,1958,2041
zhanxufeng,164,1608,1800
yur3k,168,1974,2049
mexomerf,171,2005,2070
andr1y,172,2023,2083
bufftowel,173,1929,2015
GustavoMG,176,1712,1865
Enkognit,178,2049,2100
David-M,181,2088,2127
Peppa___Pig,187,1904,1993
Wandoka,191,1933,2013
0wuming0,194,2019,2073
TranLeHiep,196,1786,1909
qqx,197,1653,1870
minhcool,198,2096,2128
tonyli00000,200,2074,2112
KDVinit,210,1955,2023
GrishaIvanenko,213,2082,2114
sam571128,214,1799,1912
myx12345,218,1913,1991
HeartBreakKid,221,1953,2019
ftuknights,222,1859,1952
fishy15,223,1926,1999
Abbess,224,1577,1759
Honour_34,226,1947,2013
wzyeustia,227,1958,2020
kevinyang,229,2054,2090
hiva_,230,1805,1912
lexiyvv,231,1675,1823
ilia-ivanov,232,1674,1822
lgswdn,233,1887,1969
Overstep,234,2068,2099
MrMirotic_is_our_red_sun,235,1148,1537
pac-man21,236,1893,1972
pill,238,1889,1969
huaji035,240,1965,2022
AugustinasJucas,246,2033,2070
pepelats,248,2058,2088
Sugardorj,255,1899,1972
flashsonic,267,1963,2016
hopesanddreams,270,1723,1847
ButterflyDew,271,1844,1930
Pointy,294,1990,2029
Reanap,296,1886,1954
nawa,302,1758,1863
Kira_1234,302,2047,2070
P.Y.Y,307,1798,1890
fjdksla,310,1927,1981
shuba400,319,1785,1878
szdytom,321,1327,1572
vdv09,334,1597,1746
czsnb,347,2092,2095
Zain,351,1958,1996
slah007,355,2098,2098
jpetrovcic,356,1922,1969
Barbatos,362,2069,2076
zoutong,364,2079,2083
hiratai,367,0,706
arvindf232,369,1891,1944
little_misfortune,370,2046,2058
jasen_2005,371,2000,2023
Lam_lai_cuoc_doi,373,1651,1775
flamestorm,375,1642,1769
tkj,377,2082,2083
HellAngel,377,1843,1908
hzr,381,1366,1634
HollwoQ_Pelw,385,1952,1986
Fidisk,386,2072,2074
Celtic,389,1799,1876
Nzt3,391,1717,1818
joaom,396,2033,2043
BaoJiaoPisu,398,1722,1820
beacon_cwk,402,2048,2054
I_HATE_CONSTRUCTIVES,402,1979,2003
shinbay,405,1877,1929
valeriu,408,1819,1886
275307894a,408,2033,2042
Lolboyyyy,417,1966,1992
XueYJ,418,2000,2016
coxie,418,1974,1996
Wibo,426,1915,1953
bonopo,428,1876,1924
FSTAutoMaton,432,1954,1980
swapnil159,432,2045,2048
Uzumaki_Narutoo,437,2004,2017
sleep__,440,1930,1962
madhav_1999,443,2091,2080
JYJin,445,2087,2078
Aria_D,446,1339,1602
Raiden,446,1947,1974
dingdingsb,449,1926,1958
liqingyang,450,1733,1820
DrSwad,452,2033,2036
qsmcgogo,452,2023,2028
Arnob,457,1765,1841
aryan12,472,1690,1786
Dorost,478,1848,1898
MarioPariona117,482,1736,1817
zhaohaikun,483,1692,1786
lotato,490,1681,1778
Sapphire162,492,1646,1753
cyh_toby,497,1932,1956
myau_c,500,637,1126
prins,500,2054,2045
IvanBorquez,504,1988,1996
ruhan.habib39,504,2084,2068
JoJo,509,1980,1990
swiftqwq,510,1732,1810
caan_do,513,1682,1774
_starling_,513,1366,1641
DimmyT,513,2086,2069
GioChkhaidze,519,1938,1958
bleh0.5,522,1838,1884
AFOier,531,2001,2003
wabadabakalakaboo,532,1964,1975
martins,532,1995,1998
suyiheng,534,2060,2047
Crying,536,1099,1429
andreumat,536,1839,1883
hltk,536,1934,1952
AlbertoTDNeto,547,1975,1981
goncharovmike,556,1957,1967
smtcoder,559,1857,1894
DELTARUNE,575,1598,1708
iterater,580,1901,1923
_RED__,587,1833,1873
abhidot,593,1939,1950
usuyus,598,1967,1970
Daas,600,2049,2031
Be_dos,617,2034,2019
zhendelan,617,1733,1833
Mamedov,623,2031,2015
Lemur95,631,2003,1993
GordeyZav,640,1772,1822
0-jij-0,640,1894,1911
grass8sheep,653,1631,1722
Nutella3001,664,1942,1944
lukameladze1,665,1733,1792
abdu.srazh,693,1688,1757
vok8,693,1954,1950
vladmart,702,2065,2034
Retucl,702,1784,1825
QwQcOrZ,704,2029,2007
UnstoppableMathMachine,712,2039,2013
Elo,712,1839,1864
XDEv11,715,1873,1888
hocky,727,2013,1992
shojin_pro,734,1710,1769
I_love_geom,734,1976,1964
alecs,737,1507,1626
buxubailan,738,1770,1811
Mr_Programmer_98,750,1895,1901
Vladithur,753,2059,2025
L_Star_Plus,758,516,1011
khuepr123,761,1716,1770
yan_qiu_ynlchrz,762,1960,1949
pooty,770,2004,1982
GoatTamer,778,1807,1834
Andres_Alumets,778,1897,1900
Carpenters_Cat,785,0,648
ycxtzctietie,791,1189,1458
ttsweet,794,1664,1730
dusty.and.rusty,807,1943,1933
Karavaiev,807,1820,1841
mc._cari,821,1785,1814
DeMen100ns,821,1624,1699
samnever,826,1627,1700
izhang,826,1565,1656
KJGKMTZB,839,1538,1637
MagentaCobra,862,1998,1970
Alfeh,862,1841,1852
Jerry__Jiang,862,1754,1788
ZHUHAORENQaQ,906,1839,1848
JvThunder,918,1857,1860
CodigoL,928,2090,2036
Alan_Zhao,944,1548,1670
TheAshenWitch,950,1829,1836
umezo,958,1736,1768
-1e11,981,1965,1937
dranjohn,981,1840,1842
plagues,990,1856,1854
AST_TheCoder,1012,1994,1957
IgorL,1018,1980,1946
PersistentLife,1029,1586,1654
ISeeDS,1047,1938,1912
Forza_Ferrari,1047,1950,1922
vanvector,1055,2023,1977
shevnin_d,1062,1568,1639
DanTheMan.,1070,1976,1939
Valera_Grinenko,1094,1830,1827
panda211panda,1103,1938,1908
EN_SA,1103,1776,1786
MvKaio,1109,1855,1845
maxwellzen,1109,1434,1541
ScarletS,1117,1969,1931
Gemini7X,1117,1658,1699
jli505,1138,1785,1791
chuchu,1147,1355,1518
huikang,1159,1853,1841
Richelieu,1159,1043,1349
YahiaSherif,1159,2080,2015
ArminAzimi,1183,1829,1821
misorin,1198,1716,1736
nanatoday,1198,1957,1917
Tatsuyaaaa,1211,2009,1957
hackerbhaiya,1234,1625,1668
Imdie,1238,1581,1635
Sweezy,1243,1689,1713
bary,1247,1956,1914
qwerasdfzxcl,1250,1974,1928
Jeuti,1260,1562,1621
Boboge,1302,1799,1791
chervovn04,1302,1995,1941
Kinon,1310,2051,1984
as_dfsdf,1320,1748,1752
CaMOUFlage,1335,1649,1678
vodacbaoan,1350,1672,1694
pnm1384,1357,1953,1906
t98slider,1365,1660,1685
crazy_sea,1368,0,601
Irmuun.Ch,1374,1781,1774
Thallium54,1379,1935,1891
Radin_Zahedi,1390,1722,1729
ntdung,1413,1608,1644
borgar02,1451,1804,1787
Arturo,1451,1310,1432
djs100201,1457,1763,1756
ZergTricky,1473,1337,1449
r57shell,1478,1949,1897
praying_cqf,1481,1738,1773
TKT_YI,1492,1650,1670
minhnguyenxuan60,1495,1862,1829
llzer,1524,991,1223
Sai_t,1545,1369,1466
ArhN,1551,1697,1702
RohitRKS,1559,1608,1636
IBory,1569,1558,1635
Serendipity__,1570,1637,1656
Rings,1589,460,907
Mike4235,1608,1648,1662
katsurap_,1628,2083,1995
KseniaShk,1633,1461,1525
Karabutsa,1635,1966,1903
tdsb,1635,1842,1807
Dallby,1637,1953,1892
walk_alone,1637,1596,1622
jimm89,1646,1956,1894
fangahawk,1650,1700,1699
CSQ31,1669,1681,1683
wjyyy,1671,1943,1883
mkawa2,1675,1947,1886
Artem_Sukharev,1685,1463,1524
ShivanshJ,1686,982,1237
MahiruShiina,1686,1979,1910
-2x9_21-,1705,1703,1698
Nelson_loh,1711,2040,1957
GreenHanHan,1713,1832,1796
Yoav,1724,1709,1702
pacha2880,1730,1962,1895
VivekUchiha,1736,1927,1868
Igorbunov,1736,2020,1941
killer_god,1736,2040,1957
Lyamzin_alexandr,1742,1075,1260
mafailure,1747,1856,1813
rafaelgo,1747,2031,1949
Resende,1750,1745,1728
hardikkapoor,1758,2026,1945
Jarif_Rahman,1765,1861,1816
Deepesson,1765,1197,1388
The_Original_Popeye,1767,2016,1936
rabbitsthecat,1767,1898,1844
RaresFelix,1773,1923,1863
Vin__ar,1773,2054,1966
DimaTomsk,1773,1686,1682
michao,1790,1986,1912
-messi-,1790,2051,1964
czhang2718,1798,1654,1657
bntti,1807,1960,1891
sedev57,1815,1902,1845
uux,1829,1967,1895
mars4,1832,2044,1956
Sh0,1832,1894,1838
nnv-nick,1832,1877,1825
towrist,1845,1953,1883
DmitryLzr,1845,1344,1431
nathan_luiz,1845,1788,1756
Error-42,1857,1606,1619
watemus,1868,2015,1932
Riladavin,1868,1741,1719
jaewoo2009,1877,1753,1728
radal,1877,1806,1768
egge,1877,1892,1834
limabeans,1877,1576,1595
Gorgo,1899,1881,1825
Rafi22,1912,2055,1962
bnkalya1502,1912,1948,1877
noobiesAG,1924,1992,1911
wxy2005,1924,1477,1580
ZSH_ZSH,1950,1800,1761
aimoon,1950,1618,1623
bashkort,1976,1565,1582
priyanshu_x,1997,1539,1563
DesalotAge,2009,1660,1652
Hile_Meow,2033,1921,1851
Flamire,2033,2006,1918
BossBobster,2052,1413,1527
M1v1savva,2066,1947,1870
Roham,2087,1726,1698
asafiul,2098,1974,1890
li0201,2098,1479,1513
Renedyn,2161,1779,1736
Ayalla,2161,1592,1593
ahmad_alghadban,2178,1615,1610
syrtin,2211,1441,1481
NRolly,2225,1897,1825
despair_101,2239,1523,1539
Setsuna,2252,1575,1578
BlueBlisteringBarnacles,2273,1494,1517
kitsune,2273,1801,1749
ace5,2273,1925,1845
SinaSahabi,2298,2048,1942
GALA,2357,1691,1661
Mondeus,2382,1723,1685
DAleksa,2390,1478,1500
bunH2O,2413,947,1213
smjleo,2432,1938,1851
turkhuu622,2487,1359,1410
caoash,2487,1883,1805
Kawaii,2545,1545,1543
059-354-448,2580,1397,1434
rickbaishuak,2592,1677,1642
TurboYarik,2646,1468,1483
goben,2659,1840,1766
visho33,2688,1662,1627
ArvinCiu,2688,1514,1515
s_jaskaran_s,2715,1150,1290
MeGustaElArroz23,2728,1119,1235
Pedestrian1,2746,1506,1507
Lyde,2746,1426,1448
Ahmed_Salah7,2759,1487,1492
nador.benedek,2769,1715,1665
yixiuge777,2843,1233,1363
ChenKaifeng,2843,1858,1775
ETK.,2865,1269,1388
zjjws,2900,1861,1775
Su_Zipei,2931,1238,1374
c.young_sb,3023,1141,1338
H8_8Q,3023,1971,1861
Mohanad_Nahhal,3087,1564,1539
RakibJoy,3101,1462,1462
Teja-Smart,3125,1159,1245
bernardo_amorim,3161,2068,1936
lelbaba,3227,1797,1715
Kolychestiy,3367,1221,1335
ParsaS,3384,1327,1352
Star_Cried,3402,1834,1740
Hank2019,3418,1431,1428
penguin133,3418,590,923
lunchbox,3449,1625,1574
lis05,3462,1332,1354
ArsenGotov,3473,1601,1556
Alaso_shuang,3502,462,824
koderkushy,3599,1453,1439
icosahedron,3653,1626,1570
mechakotik,3668,904,1060
DaNeK0201,3717,1304,1325
geospiza,3758,1012,1173
zenman,3877,1358,1359
naman1601,3918,1384,1377
oadey89,3918,1616,1555
tredsused70,3962,1197,1298
Maezra6,4001,1606,1584
BucketPotato,4132,1489,1451
JustNik77,4142,1108,1172
Valters07,4167,1782,1680
someone__,4225,1291,1299
OG_Matveychick1,4242,980,1084
disastah,4296,1956,1819
RockSnow,4429,1316,1311
NusGhy,4440,1561,1499
milind0110,4586,1409,1377
shaosy,4620,1433,1462
Joler_,4629,1334,1319
culver0412,4664,429,765
manizare,4674,1112,1156
mychecksdead,4776,763,999
The_Hallak,4776,412,749
akcube,4876,1193,1207
Nahian9696,4970,1142,1168
Mprimus,4978,1955,1807
Andyvanh1,5010,1644,1551
AbdelmagedNour,5029,1247,1242
ak-group,5044,1396,1355
AQil,5044,1159,1177
XaRDKoDblCH,5044,1432,1383
jerdno,5091,1946,1796
apgpsoop,5116,1582,1499
jinhan814,5150,1507,1508
fsanitize-undefined,5270,0,460
socpite,5486,1283,1256
satyam343,5563,1357,1311
Phantom_Performer,5563,1242,1223
smalyarovsky,5793,1497,1417
yzy1,5881,1286,1317
Runtime-Terr0r,5932,1366,1310
NK_,5997,1088,1095
alexchist,6122,1478,1395
Aiburito,6246,723,929
qilby,6413,1267,1220
mily,6491,1154,1130
Tsovak,6649,1157,1128
Zimse.,6780,1596,1479
ExpectoPatronum,6786,1456,1364
Good_WeekDay_,6796,0,425
IacobTudor,6853,0,424
Vermeil,6895,1423,1290
Beevo,6895,1144,1084
Alex2184,6895,1674,1508
18o3,6895,1170,1063
555,6895,1872,1679
bruhify,6895,1354,1229
Aestas16,6895,1609,1452
skhan_org,6895,1088,1033
tch1cherin,6895,1199,1090
piyush_pransukhka,6895,0,373
tedi_2.0,6895,1369,1242
Gabp,6895,0,373
alpha_kotenok,6895,1330,1208
outfinity,6895,1149,1043
