handle,rank,oldRating,newRating
jiangly,1,3295,3468
ecnerwala,2,3404,3497
Radewoosh,3,3550,3574
maroonrk,4,3398,3441
Benq,5,3695,3642
Marcin_smu,8,3039,3125
hos.lyric,9,3099,3161
noshi91,10,2533,2726
Rewinding,11,3185,3204
Xellos,16,2698,2818
oleh1421,17,2809,2897
gisp_zjz,18,3187,3177
ivan100sic,19,2777,2865
hitonanode,21,2965,3000
Noam527,22,2670,2774
SSRS_,24,3091,3085
Amoo_Safar,26,2731,2809
PCTprobability,27,2261,2460
BurnedChicken,29,2550,2666
icecuber,32,2770,2824
Subconscious,33,2653,2734
Roundgod,35,2589,2682
kshitij_sodani,36,2599,2688
yzc2005,38,2335,2490
kizen,43,2358,2498
Swistakk,44,3042,3006
Rubikun,45,2580,2658
darkkcyan,47,2211,2386
kotatsugame,48,2843,2850
Nyaan,49,2555,2634
AmShZ,52,2350,2479
-is-this-fft-,53,2454,2554
YeongTree,54,2611,2669
wangziji,55,2641,2690
Kude,56,2254,2405
penguinman,58,2439,2537
wifiiii,61,2575,2634
nuip,62,2563,2623
Savior-of-Cross,62,2678,2708
KevinWan,64,2615,2660
orzdevinwang,65,2592,2642
Kapt,66,2449,2535
nocriz,67,2820,2810
Monogon,68,2645,2678
alireza_kaviani,69,2531,2593
l1ll5,70,2472,2548
_h_,71,2980,2927
physics0523,74,2339,2447
csyakuoi,79,2237,2368
sansen,80,2590,2626
saketh,81,2630,2655
MofK,83,2673,2686
risujiroh,84,2833,2805
yokozuna57,87,2759,2747
zyb,88,2648,2662
riantkb,88,2422,2494
tute7627,90,2648,2662
chinerist,91,2330,2426
Svlad_Cjelli,92,2356,2444
dorijanlendvaj,93,2717,2711
Nachia,96,2540,2577
chemthan,97,2532,2570
Supermagzzz,98,2188,2318
sjcsjcsjc,99,2281,2384
rniya,104,2321,2410
adamant,106,2354,2432
ainta,110,3076,2968
jtnydv25,111,2648,2647
Huah,112,2339,2418
jdurie,114,2518,2548
m_99,115,2505,2538
penguinhacker,116,2267,2363
noimi,117,2826,2777
AliShahali1382,119,2730,2704
Kodaman,120,2443,2489
Barichek,121,2313,2393
hank55663,123,2822,2771
Ali.Kh,124,2562,2575
Tlatoani,125,2892,2822
klimoza,127,2444,2486
fanache99,131,2552,2564
emorgan,132,2583,2587
senjougaharin,133,2209,2311
Peti,134,2181,2290
Dormi,135,2429,2471
TadijaSebez,137,2808,2753
Seyaua,138,2280,2359
Thienu,141,2538,2548
Agua_Podrida,143,2501,2520
yz_,144,2136,2253
Alex_Wei,145,2370,2422
jacynkaa,146,2503,2519
Kaitokid,146,2260,2341
12tqian,149,2397,2440
dasdull,150,2144,2256
peti1234,151,2813,2750
bcollet,153,1911,2089
TripleM5da,155,2345,2399
Onjo,159,2224,2309
Bakry,162,2129,2239
vkgainz,164,2272,2341
S2speed,166,2298,2359
Iftekhar_Hakim_K,168,2224,2304
fuppy,168,2600,2583
alexX512,170,2192,2281
minmise,171,2206,2290
mtsd,172,2534,2532
Millad,176,2119,2226
lsantire,177,2172,2263
Olerinskiy,177,2312,2365
HynDuf,179,2031,2161
jerryfish233,179,2184,2271
MrDindows,181,2563,2549
kimjihoon,183,2317,2366
lucaperju,184,2458,2470
smax,185,2274,2334
kmjp,186,2771,2705
SleepyShashwat,187,2259,2322
Yurushia,189,2421,2441
Lidox1145143344,190,2359,2394
Gassa,191,2317,2363
Septimelon,191,2492,2492
Andycipation,193,2430,2446
gzchenyin,195,2279,2334
IsaacMoris,196,2028,2152
_Ash__,198,2280,2333
_Enigma__,202,2205,2277
gunwo_okim,203,2252,2311
fishcathu.,205,2238,2300
skylinebaby,207,2384,2407
emthrm,208,2389,2410
ykx,210,2208,2277
JeffreyLC,214,2370,2394
1092515503,215,2330,2364
Artyom123,217,2306,2345
fatemetmhr,217,2080,2181
generic_placeholder_name,219,2207,2272
Valera_Grinenko,219,1892,2046
about,221,2262,2312
timreizin,221,1727,1929
Solnechniy_kray,225,2016,2133
Wielomian,226,2118,2205
HeartBreakKid,226,1937,2076
Zoli9,229,2431,2434
MahiruShiina,230,2147,2225
CSQ31,230,2132,2214
SPD_9X2,232,2270,2314
Naseem17,235,2318,2349
natsugiri,236,2833,2735
Hyperbolic,237,2347,2369
Drice,238,2174,2242
Fly_37,240,2272,2313
huikang,242,1808,1978
scli_kws,242,2173,2240
scli_weapon,244,2435,2433
NRolly,245,2063,2160
vladvlad00,246,1921,2058
leinad2,248,2218,2271
Fysty,251,2201,2258
crackersamdjam,253,2414,2415
jerdno,254,1665,1873
nweeks,256,2264,2302
IIT_kr_lo_fir_life_set_h,258,1802,1969
antonis.white,260,2076,2165
aryanc403,262,2208,2259
IraG,262,1791,2025
MateoCV,262,2227,2274
Jojosus,265,2192,2248
Karuna,266,2373,2381
MagentaCobra,267,2179,2237
Ashishgup,271,2438,2428
Nezzar,271,2414,2410
maspy,274,1523,1858
hieplpvip,279,2110,2184
MarcosK,280,2163,2221
enot110,280,2775,2681
PurpleCrayon,280,2155,2215
TheScrasse,283,2447,2432
erray,284,2199,2248
schtamas,288,2341,2350
conan1412yang99,290,2277,2303
Mustang98,291,2233,2271
AlternatingCurrent,292,2299,2319
HCPS42,293,2257,2287
AndersonSilva,295,2237,2273
QAQAQAQAQ,298,2232,2268
natofp,300,2499,2467
Periquito,301,2206,2248
pzc2004,302,2135,2196
Brovko,307,2234,2267
askd,307,2288,2306
tuihuademing4,311,2133,2192
gupta_samarth,317,2016,2105
Asuka,319,2155,2206
mjtai,321,2259,2282
LeoPro,323,2288,2303
gabrielwu,325,2589,2529
mexomerf,326,2128,2184
Noam13,326,2390,2378
kalimm,329,2213,2246
JeanBombeur,330,2117,2176
Arpa,331,2370,2362
afterall,332,2411,2393
Jimanbanashi,334,2274,2290
tkj,334,2113,2171
Be_dos,336,2360,2353
cjj490168650,338,2204,2238
Melania,340,2014,2157
GregFocker,342,2251,2270
Undying,347,1930,2036
gmh77,347,2570,2510
TinkerKing,349,2401,2382
edenooo,352,2262,2277
reeWorld,356,2258,2273
shnirelman,357,2247,2265
tabr,357,2466,2429
WCG,357,2174,2210
nok0,360,2159,2200
jimm89,362,2113,2164
Jackylkk2003,362,2216,2241
titia,362,2201,2229
Hakiobo,367,2243,2260
chaeyihwan,368,2367,2352
tkacper,370,2197,2225
qwerasdfzxcl,370,2390,2370
nothing100,372,2357,2344
mmaxio,374,2625,2546
ajpiano,375,2093,2147
VinstaG173,377,1959,2050
Zeyush,382,2060,2122
I_HATE_CONSTRUCTIVES,382,2162,2197
Prostoegor239,384,2254,2264
baolidakai,387,2074,2132
Ronnie007,388,2262,2270
Igorbunov,391,2216,2235
irri,394,2186,2212
Bellalabella,396,2300,2296
jiufeng,398,2140,2177
DesalotAge,400,2006,2079
cjtoribio,400,2258,2264
flashmt,403,2282,2281
Vladithur,404,2252,2258
mnaeraxr,407,2578,2505
LolNewacc,408,1819,1978
Eramoni,409,2089,2138
olmrgcsi,410,2379,2354
vinfat,416,2236,2244
Bruteforceman,418,2324,2310
Anachor,419,2609,2527
Kira_1234,421,2078,2127
dkhve,425,1109,1523
glebustim,426,2071,2121
dreamoon_love_AA,428,2827,2689
FelixMP,432,2313,2299
YahiaSherif,434,2145,2174
Riladavin,435,1892,1988
vishal4556,437,2043,2098
atodo,438,2255,2255
LTb,438,2096,2137
AwakeAnay,440,2362,2336
Nson,442,2185,2202
hpfdf,443,2267,2263
muhammadhasan01,444,2147,2174
rafaelgo,444,2124,2156
ghj1222,448,2398,2361
Hodobox,454,2068,2113
tranquility,458,2489,2429
BalintR,459,1967,2039
Tgiwx,461,2133,2160
espr1t,462,2198,2208
pooty,462,1943,2020
rgnerdplayer,466,2131,2158
Edlue,469,1860,1959
Rhodoks,473,2364,2331
plourde27,473,2190,2200
Osama_Alkhodairy,475,2148,2169
sarkar,475,2135,2159
status_coding,477,1953,2026
I_HATE_GEOMETRY,478,2150,2170
pikel_rik,479,2246,2241
BabaVoss,481,1961,2031
r57shell,491,2029,2078
Ant_Man,492,2523,2448
emaneru,492,2243,2237
satyam343,494,1727,1858
Arnob,497,1930,2005
Sorting,500,2212,2212
lqx2005,501,2367,2329
shiven,502,2136,2155
LastDance,505,2577,2489
Htmt,508,1898,1979
JovanB,510,2211,2210
czhang2718,514,1997,2051
LZDQ,517,2269,2253
0-jij-0,517,1927,1999
sazzach,519,2101,2127
amano_hina,521,2134,2151
taran_1407,522,2206,2204
ykl,525,2011,2060
huangzirui,528,2144,2157
shenmadongdong.qwq,535,2258,2242
MladenP,537,2117,2136
WaterColor2037,538,2383,2336
ikaurov,540,1628,1778
couplefire,542,2295,2268
Tekor,544,2186,2186
RED_INSIDE,545,2353,2311
khuepr123,549,2246,2231
mbalsells,554,2176,2177
attempt0,555,1872,1953
katikov,555,2307,2275
Grzmot,558,2152,2159
caan_do,560,1896,1970
eidan,564,2096,2115
axs7384,566,2295,2265
lotato,572,1915,1982
_no0B,575,2145,2151
RohitRKS,575,1828,1917
blobugh,577,2155,2158
Ahmadsm2005,581,1902,1971
uux,583,2058,2085
rabbitsthecat,584,2198,2188
mtw,584,2336,2293
Barbatos,584,2110,2123
Karavaiev,587,1852,1933
tatyam,590,2957,2767
dannyboy20031204,591,2157,2158
islingr,592,2105,2118
AkaiLemon,593,2365,2315
Tashiqi,597,2152,2153
swapnil159,598,1921,1982
lunchbox,604,1979,2023
panda211panda,606,2030,2061
THE__BUG,612,1896,1962
_RED__,613,1953,2003
as_dfsdf,617,2120,2126
kyo20111,619,2203,2188
AquaBlaze,626,2186,2174
tloinuy,632,2040,2064
PubabaOnO,634,2443,2368
WLZ,634,2129,2130
1024mb,641,1861,1931
TKT_YI,642,2109,2115
HomuraCat,644,1919,1974
vhnvn,645,2139,2136
humbertoyusta,645,2253,2222
ToanLe,649,1982,2019
Farhan132,649,2085,2096
HoshimiOWO,653,2242,2214
Bedoo,654,2034,2057
xcyle,655,2160,2151
ExplodingFreeze,658,2289,2248
GlowCheese,664,1905,1961
AST_TheCoder,666,1924,1975
w0nsh,668,2637,2514
compiler_101,669,2155,2145
_FireGhost_,673,2067,2079
IgorL,674,2041,2060
HappyPacMan,676,2232,2203
minhcool,683,2247,2214
Artem_Sukharev,686,1796,1878
kartel,692,2020,2042
Narut,694,2147,2137
potato167,702,2312,2261
syzf2222,704,1738,1833
cuom1999,709,2074,2081
chychy,712,2180,2159
Stanislau,712,2170,2152
blyat,716,2403,2328
Noureldin,719,2133,2123
shadow9236,727,1935,1975
Reanap,729,2201,2174
SorahISA,731,2250,2210
Roll_Num_56,732,2141,2128
N.N_2004,733,2216,2184
Hile_Meow,735,2000,2023
HMAXS,736,2073,2077
Nero,736,2351,2287
mars4,741,1837,1901
pacha2880,743,1874,1928
SinaSahabi,748,2143,2128
earl_of_byteland,751,1808,1879
udon1206,751,2319,2261
lelbaba,756,1781,1858
kzyKT,757,2223,2187
vrooooom,760,2054,2059
rishit3234,763,1940,1974
congthanh123,763,1898,1944
Sugarii,767,2229,2190
yyyyyyffffff,768,2500,2398
palilo,769,2009,2025
Nanako,774,2105,2096
Frozencode,780,1858,1912
cage,781,1899,1942
besukohu,784,1562,1696
b6e0,790,1825,1886
ethening,795,2138,2119
shuba400,801,1903,1943
nador.benedek,802,1841,1897
Yomapeed,803,1879,1925
IBory,807,1915,1951
golions,813,2056,2055
HS90R,814,1907,1981
Vectors_Master,817,2134,2113
tostes,819,2104,2090
yuanhaowei,820,1906,1943
Lyamzin_alexandr,822,1673,1772
AmirrzwM,830,2233,2187
moo.,846,1757,1830
rainboy,848,1918,1948
AC-Evil,848,2516,2402
EJOI_Gold,850,1970,1987
Honour_34,852,1824,1879
lucasxia01,853,2271,2214
zhanxufeng,854,1890,1927
ComPhyPark,855,2219,2173
ArvinCiu,857,1687,1777
Crying,860,1888,1925
wleung_bvg,862,2114,2094
Dragnoid99,866,2253,2198
WA_King,867,2206,2162
Adikolon,868,2054,2048
Anastasia_Yun,872,2009,2014
I_love_Michel_Sardou,873,1617,1724
leaf1415,874,2589,2456
AlexLuchianov,878,2272,2212
DmitryLzr,879,1914,1942
SaveVMK,882,2271,2211
iaNTU,883,2558,2432
ttklwxx,884,2060,2051
EasonTAO,887,1856,1898
Timur_Sitdikov,889,2454,2351
chen_zexing,890,2197,2154
Yldar,892,1719,1796
kmyiu,898,2044,2037
Nagrarok,902,2101,2080
pill,905,1985,1993
goodjulian,908,1640,1737
KDVineet,911,2140,2109
AhmedEzzatG,913,1929,1950
GreenHanHan,915,1817,1866
tredsused70,922,1564,1681
Anonymous_Noob,924,2165,2126
Acfboy,924,1853,1893
maomao90,926,1950,1964
Thallium54,931,2090,2069
null_awe,937,1296,1545
kevinyang,939,2294,2223
SPatrik,945,2276,2208
maxwellzen,952,1973,1979
codicon,958,2008,2004
dunda,958,1768,1826
marcOS,961,2086,2063
Boredom,962,2026,2017
Dorost,962,1846,1883
welleyth,965,1775,1831
t98slider,966,1971,1976
WeakestTopology,971,2345,2260
se1ka2,973,2553,2420
aryan12,975,2115,2083
Bruteforcer101,986,1724,1791
Huan_YP2002,987,986,1354
__Salty_,989,2128,2092
Error-42,989,1635,1725
lexiyvv,989,1965,1968
math957963,1008,2251,2184
MTGS,1008,2215,2156
socho,1008,2095,2065
STommydx,1012,2140,2099
Ahmed-,1015,1792,1839
MAKMED1337,1022,1985,1981
minhnguyenxuan60,1027,1983,1979
dsolunov,1029,1705,1772
aymanrs,1034,1640,1724
s_jaskaran_s,1047,1820,1856
k1sara,1047,1868,1891
hocky,1051,2088,2056
BSBandme,1055,2177,2123
qxforever,1057,2270,2194
Alfeh,1059,1736,1792
MetalPower,1070,2206,2144
Unlimited_zero,1070,1823,1856
cr8,1077,1842,1870
NK_,1078,1646,1725
oscar1f_will_win_IOI2024,1082,2258,2183
YLWang,1093,2335,2241
hardikkapoor,1099,1979,1969
coxie,1102,1970,1963
ILLENIUM,1104,2131,2085
I_love_geom,1107,1948,1946
eggag32,1111,1901,1911
geckods,1111,2150,2098
tiom4eg,1113,1164,1385
hamath,1113,1968,1961
ZHUHAORENQaQ,1118,1920,1923
DivQ,1118,2060,2029
abhidot,1118,1974,1964
David-M,1126,1795,1830
Sergey.Bankevich,1128,1952,1947
Irmuun.Ch,1132,1729,1781
SlavicG,1132,1617,1699
ScarletS,1143,1964,1955
akshaykhandelwal,1146,1611,1693
Mohammad.H915,1150,2272,2189
JhonnyZaz,1154,2147,2093
hieu_2004,1154,1891,1899
kissgergely,1170,2316,2222
flashsonic,1172,2023,1998
Mike4235,1179,2194,2126
anmichi,1185,2154,2096
naman1601,1192,1754,1795
ace5,1205,2133,2078
ntdung,1207,1899,1901
DaNeK0201,1213,1666,1728
Radin_Zahedi,1217,1914,1911
Piccolo,1241,1791,1818
xudian,1253,1822,1840
jhkoh,1255,2118,2062
Doru,1261,1624,1693
N_z__,1263,1197,1451
modestas_,1266,2034,1998
Soultaker,1274,1768,1798
JustAnotherAlt,1286,1872,1875
purinliang,1298,2154,2087
AQil,1300,1616,1685
DreadArceus,1312,1505,1602
JustasZ,1316,2148,2081
Richw818,1316,1779,1803
XDEv11,1332,1757,1786
szb,1332,2360,2244
arvindr9,1337,2297,2195
lethan3,1337,1808,1823
asdsasd,1339,2288,2188
Rico64,1346,1795,1851
gigabuffoon,1354,1700,1742
anhkha1004,1363,1644,1700
pavement,1377,2155,2083
SampsonYW,1377,1790,1807
Bungmint,1390,2077,2022
Ina,1396,1793,1808
czjxyz,1399,2127,2060
Abdel-AzizMostafa,1403,1809,1820
zacharychao,1405,1767,1788
BaluconisTima,1416,2220,2130
MohamedAliSaidane,1418,1211,1390
AlperenT,1427,1950,1923
ijxjdjd,1446,2147,2072
outfinity,1446,1435,1543
ElyesChaabouni,1453,1897,1882
kevin,1457,2178,2095
2020akadaver,1461,2114,2046
Ertugrul28,1475,1619,1674
CyberCow,1485,1547,1620
ApraCadabra,1490,1664,1706
new_doubleh,1493,2113,2043
ArminAzimi,1508,2010,1964
PoPularPlusPlus,1516,1730,1753
Atomic-Jellyfish,1533,1626,1674
Tatsuyaaaa,1540,2076,2012
su1c1dalttb,1543,1620,1670
little_aurora,1547,1496,1579
VenomInVein,1550,1710,1736
Roham,1555,2104,2032
Esquire,1566,1812,1810
Tzak,1566,1917,1890
evjeny_23,1594,1668,1702
Tsovak,1596,1525,1597
KING_OF_TURTLE,1618,1810,1806
SharpnessX,1624,2194,2098
jli505,1631,1607,1655
overnap,1631,0,606
yan_qiu_ynlchrz,1633,2123,2043
Vin__ar,1633,1922,1890
Soumya1,1638,1894,1868
mjhmjh1104,1645,2119,2039
Stepavly,1648,1956,1915
lis05,1654,1530,1597
DIvanCode,1670,2196,2096
dusty.and.rusty,1697,2058,1989
eepsilon,1702,2086,2010
ajit,1702,2193,2092
qiuzx,1749,2262,2144
gansixeneh,1756,2027,1962
Kalashnikov,1761,1938,1894
Max_Calincu,1785,1479,1552
Jarif_Rahman,1785,2097,2014
AA_Surely,1795,1788,1779
becaido,1800,1518,1616
YPK,1800,1859,1833
voidXD,1816,1781,1773
ttsweet,1820,1754,1752
fahimcp495,1832,1935,1888
GoogleBot,1872,2124,2031
Ste,1872,1725,1728
nguyenhoangminh318,1889,1933,1883
thanhchauns2,1900,1748,1743
CIXTEEN,1902,1799,1782
refresh888,1920,1942,1889
Teja-Smart,1938,1775,1761
lukamosiashvili,1947,2203,2088
Java,1950,1698,1704
monologue,1954,1238,1372
zundamochi_1117,1962,2255,2128
DELTARUNE,1966,1786,1769
oursaco,1987,1321,1427
umbrella-leaf,1990,1387,1474
EN_SA,1999,1967,1904
oadey89,2011,1762,1748
HeIIoWorId,2011,1961,1899
QwertyPi,2022,2190,2075
anonymous_Bunny,2024,2141,2036
armish_123_retired,2060,1792,1769
RakibJoy,2063,1653,1664
jk-jung,2081,2100,2040
SmolBrain,2094,1406,1482
cdh981009,2109,1688,1725
Honey_Badger,2117,2250,2117
skywalkert,2124,2240,2109
AboAbdoMC,2133,1814,1782
hxu10,2168,1815,1781
Wael_Zaiback,2176,1003,1205
koderkushy,2184,1882,1831
MohammadParsaElahimanesh,2187,1740,1724
cxaphoenix,2191,2420,2249
balakrishnan,2208,2234,2100
shdut0901,2222,1738,1720
ExpectoPatronum,2236,1456,1511
TranGiaHuy,2251,1833,1791
YazanAlattar,2280,1694,1684
andrewtam,2297,1807,1769
djs100201,2309,1773,1743
MvKaio,2324,1908,1845
valeriu,2358,1973,1893
-1e11,2373,1926,1856
turkhuu622,2418,1662,1654
bleh0.5,2443,2002,1911
WonderfulWhale,2474,1869,1809
Lihwy,2494,1562,1577
User_Carrot,2509,1629,1626
namelessgugugu,2515,1859,1799
tch1cherin,2543,1540,1558
houzhiyuan123,2548,1145,1338
thisIsMorningstar,2577,1352,1420
fangahawk,2600,1804,1754
_lbw_,2613,1598,1598
Prateek,2629,2171,2035
sedev57,2635,2105,1983
LetterC67,2641,1716,1687
joaom,2643,2152,2019
vok8,2662,2129,2001
boleyn.su,2667,2106,1983
unordered_map,2683,1929,1847
dark_light,2685,1624,1615
nghethuat102,2700,2155,2019
ingrid,2713,1864,1796
Macesuted-Moe,2720,2161,2023
nikuradze,2735,1273,1357
GALA,2738,1806,1751
leo020630,2742,1832,1770
Gzhibovsciy_Arseniy,2756,1157,1310
LeiLeiKunLe,2772,1818,1758
world_classic,2777,1292,1368
Jeuti,2777,1792,1739
TheRubbish,2820,1680,1652
Kawaii,2827,1627,1612
Santa_Maria,2842,1633,1616
ParsaS,2898,1642,1621
Ahmed_Salah7,2903,1549,1550
RaresFelix,2906,1928,1838
1459007298,2916,1888,1807
Carpenters_Cat,2916,2062,1940
WAtoAC2001,2927,1600,1588
HollwoQ_Pelw,2928,2234,2074
Leonard,2934,1546,1547
Sh0,2967,1796,1735
klimmek55,2987,2227,2066
dutin,2990,1769,1714
despair_101,3070,1500,1508
kingofpineapples,3092,1937,1838
Agnus,3106,1909,1816
XfarawayX,3111,1932,1834
yugurt,3124,1946,1844
idontwannawin,3151,1956,1851
Nika_Tamliani,3155,2117,1975
fairy_lettuce,3163,2040,1915
soltanmv,3169,2339,2150
alecs,3170,1631,1603
Sweezy,3171,1760,1700
Overstep,3173,1883,1794
Tom66,3173,1894,1803
xuanxuan001,3182,541,910
XueYJ,3183,2066,1935
nichke,3186,1715,1666
zhsh,3188,2159,2007
codelegend,3200,2216,2051
Mirbek,3204,1820,1745
tko919,3208,2157,2004
Cross_Ratio,3213,1840,1798
Jerry__Jiang,3220,1562,1549
smalyarovsky,3222,1329,1377
sinus_070,3227,2373,2176
immix,3232,0,532
Newtech66,3244,1548,1538
locsey,3263,1217,1331
junie,3294,2229,2059
alpha_kotenok,3308,1832,1751
bobbilyking,3326,1753,1690
ezraft,3326,1354,1391
cSERAFIMc,3337,1443,1456
bitset,3339,1648,1610
osu,3359,2174,2014
skydog,3362,1758,1693
BRABABABABASHKIR,3380,1297,1349
vladislav11,3402,1719,1662
Imdie,3411,1673,1627
pepelats,3448,1831,1746
Romy67,3485,0,523
hackerbhaiya,3496,1737,1673
Tairitsu_Meow,3505,1652,1607
contestat_al_haiaa,3533,1372,1472
mQfZ,3541,1623,1585
buidangnguyen05,3560,1470,1469
vanwij,3570,1609,1573
volkov179,3576,1953,1836
harsh__h,3606,1786,1707
Mathematiker,3654,1523,1543
Nisanth,3654,1712,1649
18o3,3697,1493,1481
LoboLobo,3762,1545,1519
socpite,3777,1543,1517
Scalm,3807,1515,1495
tht2005,3811,1664,1607
Beevo,3822,1198,1262
RegenFallen,3852,1937,1816
killer_god,3879,1829,1732
qualdoom,3909,1106,1196
dengziyue,3935,1230,1317
wzyeustia,3935,2269,2074
Dmi34,3973,1926,1804
zlxFTH,3988,1246,1291
sum,3995,1337,1418
lorenzoferrari,3995,1827,1728
XaRDKoDblCH,4039,1486,1466
hata_saa,4075,1354,1366
nhuhieu193,4075,1302,1328
hoainiem,4091,1592,1545
Ayalla,4134,1707,1632
Flamire,4171,2157,1979
Warma_Cute,4171,1339,1352
Setsuna,4184,1697,1623
blitztage,4214,1828,1723
sashko123,4320,1247,1281
Dukkha,4357,1365,1366
MtSaka,4422,1636,1570
Grieg,4637,1639,1566
Ahmed57,4736,1127,1183
Yugi.Hacker,4759,0,486
Andycraft,4759,1196,1290
flamestorm,4776,1905,1769
M_bolshakov,4830,1362,1351
dranjohn,5075,2012,1846
OG_Matveychick1,5115,1485,1437
ayush_raj.21,5184,1277,1278
Genius_dream,5325,1343,1388
ShivanshJ,5388,1624,1538
piyush_pransukhka,5466,1458,1408
UET_VietCT,5543,1877,1732
manizare,5588,1346,1320
mily,5588,1383,1348
niike0goood,5700,2131,1928
Taiyaki,5898,2405,2146
KazmetreD,5980,861,1015
Camillus,6010,1689,1575
mafailure,6097,1767,1635
IacobTudor,6204,1260,1277
vodacbaoan,6208,1987,1805
evenvalue,6211,1111,1129
isirazeev,6279,1294,1263
libobil,6287,1619,1516
ETK.,6363,1743,1611
induk_v_tsiane,6383,1194,1249
ulorew,6431,1061,1086
Rayo,6517,1015,1052
peteza,6604,0,443
camc,6619,1077,1154
sumon123,6693,1257,1226
_bLIC_,6693,1191,1175
geospiza,6750,1420,1350
onetap,6770,1238,1209
sdyakonov,6893,1403,1334
Rodionno,7145,1229,1193
misteg168,7260,631,854
Mohammad-Parsa,7317,924,1036
hiennoob,7452,1208,1170
The_Hallak,7480,1556,1444
chenjunxiu,7876,0,418
Nika533,7996,981,986
edogawa_something,8717,865,957
Leasier,9957,1059,1091
amin2022,9992,1343,1227
