handle,rank,oldRating,newRating
Benq,1,3691,3797
tourist,2,3669,3723
Radewoosh,3,3707,3720
Endagorion,4,3011,3186
ecnerwala,5,3565,3579
Pyqe,9,2534,2766
maroonrk,10,3457,3446
ksun48,11,3489,3463
jiangly,12,3457,3432
neal,13,3083,3147
Marcin_smu,14,2947,3039
ko_osaga,15,3286,3287
PinkRabbitAFO,17,2798,2913
Um_nik,18,3533,3457
Maksim1744,19,3155,3171
SSRS_,20,3051,3089
rama_pang,21,2563,2722
ainta,22,3239,3223
antontrygubO_o,23,2848,2927
ugly2333,25,3010,3041
gop2024,26,2996,3028
uwi,27,2817,2892
LJC00118,28,2994,3021
fastmath,29,2597,2723
hitonanode,30,2838,2899
Xellos,31,2633,2744
Siberian,32,2419,2584
Martin53,33,2585,2704
never_giveup,34,3043,3043
noimi,35,2817,2872
dreamoon_love_AA,36,2892,2925
fuppy,37,2488,2623
natsugiri,38,2798,2851
Arpa,39,2293,2476
kostia244,40,2476,2608
EzioAuditoreDaFirenze,41,2109,2426
Rewinding,43,3257,3185
KostasKostil,45,2425,2562
SecondThread,47,2503,2616
tatyam,48,2964,2957
Golovanov399,49,2882,2894
conqueror_of_tourist,53,2707,2758
Misericorde,54,2206,2387
fedoseev.timofey,56,2907,2903
BigBag,58,2766,2795
icecuber,60,2623,2686
Egor.Lifar,61,2747,2777
kotatsugame,62,2839,2843
Rafbill,62,2706,2744
_su1sen,65,2298,2439
qwerty787788,66,2959,2930
SHZhang,67,2503,2588
244mhq,68,3128,3054
isaf27,69,2816,2819
SSerxhs,70,2510,2590
MofK,71,2624,2673
risujiroh,72,2698,2727
Marckess,73,2638,2681
talant,74,2288,2420
KrK,76,2810,2807
tute7627,77,2725,2742
oleh1421,78,2700,2722
Tlatoani,78,2650,2684
ChrisT,80,2393,2492
Swistakk,81,2870,2847
jacynkaa,83,2412,2503
gisp_zjz,85,2892,2860
nikgaevoy,86,2543,2597
receed,86,2978,2923
Amoo_Safar,88,2840,2817
JettyOller,90,2918,2875
edenooo,91,2194,2337
dorijanlendvaj,92,2710,2717
kmjp,94,2801,2784
dmga44,95,2485,2547
AC-Evil,96,2199,2336
Ra16bit,97,2667,2681
Potassium,99,2456,2522
trainwithoutpain,100,2406,2484
tfg,101,2597,2625
Kaitokid,102,2201,2332
okwedook,103,2027,2207
LastDance,104,2507,2556
nweeks,105,2253,2368
TripleM5da,106,2377,2458
Anachor,108,2580,2607
Farhod,109,2946,2881
Savior-of-Cross,110,2563,2593
Ant_Man,111,2470,2523
TechNite,113,2122,2267
353cerega,114,2703,2695
Meijer,115,2436,2494
Agua_Podrida,117,2447,2501
Jimanbanashi,117,2297,2390
pashka,119,2824,2783
TheIceKing,120,1802,2141
Ari,121,2460,2509
alexxela12345,122,2377,2447
MForest,123,2366,2438
Roundgod,127,2177,2297
maximrufed,128,2246,2347
Volkov_Ivan,129,2517,2546
ilyakor,130,2697,2680
The_Original_Popeye,130,2187,2302
KevinWan,132,2564,2579
Xylenox,133,2207,2315
tabr,135,2447,2490
-is-this-fft-,136,2594,2600
MrDindows,137,2516,2541
Monogon,138,2656,2645
natofp,141,2464,2499
daniel071292,143,2001,2161
AwakeAnay,144,2412,2459
se1ka2,146,2323,2392
Mangooste,147,2286,2364
jtnydv25,149,2602,2598
CodigoL,149,2222,2316
emorgan,151,2500,2521
abc864197532,152,2363,2419
ShadowLight,153,2474,2500
4fecta,155,2213,2307
fanache99,156,2681,2654
feecIe6418,157,2536,2545
Rhodoks,158,2283,2356
kalimm,159,2261,2340
Isoeasy,161,2616,2603
Hyperbolic,164,2379,2424
oversolver,165,2182,2279
schtamas,170,2314,2373
Svlad_Cjelli,172,2171,2267
geckods,173,2029,2165
BurnedChicken,174,2535,2535
Nero,176,2456,2476
yokozuna57,177,2735,2684
AnandOza,180,2442,2463
wyyxhjth,181,2202,2286
Zhtluo,182,2288,2348
leaf1415,183,2727,2676
smax,184,2156,2251
mahmoudbadawy,185,2295,2352
kevinyang,186,2198,2280
alireza_kaviani,188,2616,2591
reedef,189,2489,2495
penguinhacker,191,2276,2336
radoslav11,192,2515,2513
Yurushia,193,2505,2505
aander,194,1690,1915
sstrong,196,2502,2501
Subconscious,198,2704,2653
Akulyat,199,2273,2330
ghj1222,200,2288,2341
I_LOVE_ANTON_DONBASS,201,2182,2262
JeffreyLC,202,2329,2370
usuyus,205,2130,2223
xulantu,206,2207,2279
hank55663,207,2906,2802
seiko.iwasawa,208,2179,2257
torisasami,208,2342,2377
peti1234,211,2677,2628
VladaMG98,212,2297,2343
gmh77,216,2531,2516
AQT,218,2369,2393
azukun,221,2240,2297
Lolboyyyy,222,2034,2147
balakrishnan,225,2113,2203
physics0523,227,2274,2320
BaluconisTima,228,2216,2277
lunchbox,229,1957,2089
Vladithur,230,2224,2282
saba2000,237,2444,2443
Naseem17,238,2251,2299
Karuna,239,2292,2329
HollwoQ_Pelw,239,2289,2326
AquaBlaze,241,2279,2319
realcomplex,242,2390,2401
potato167,243,2189,2252
Adikolon,244,2058,2156
Andycipation,245,2353,2372
qwerasdfzxcl,246,2241,2289
mnaeraxr,248,2628,2578
zeliboba,249,2589,2548
scli_weapon,250,2380,2391
VladProg,252,2411,2414
Septimelon,253,2477,2463
tem_shett,253,2251,2294
LUL____SEPLED1305,255,2290,2323
k1sara,256,1692,1891
SaveVMK,260,2222,2271
TheScrasse,263,2281,2313
Svyat,264,2076,2163
lyons,265,2190,2296
Rubikun,267,2658,2596
fishcathu.,268,2271,2304
sansen,269,2681,2613
Gassa,270,2249,2288
math957963,271,2258,2294
-23333,272,2193,2246
YouKn0wWho,273,2272,2303
Rvess,275,2226,2268
yzc2005,276,2420,2413
Fly_37,277,2139,2204
BrayanD,278,2238,2277
YerzhanU,282,1881,2016
Dremix10,287,2103,2175
Barbatos,288,2014,2110
sohsoh,290,2260,2290
MagentaCobra,290,2170,2223
_Ash__,294,2404,2396
Ormlis,295,2870,2749
mjtai,296,2261,2289
IsaacMoris,297,2131,2192
GALA,297,1940,2053
irri,300,2199,2241
Agnimandur,303,2061,2140
Hakiobo,305,2199,2240
bthero,306,2331,2338
MetalPower,307,2147,2201
emthrm,310,2547,2499
VLamarca,311,2265,2287
MateoCV,311,2214,2249
nuip,314,2633,2563
WeakestTopology,315,2385,2375
Olerinskiy,316,2234,2263
keko37,320,2454,2427
Andreasyan,321,2181,2223
-messi-,322,2001,2090
baqargam,324,2122,2179
zidder,326,2119,2175
fetetriste,329,2167,2210
pavlekn,331,2386,2373
kai824,333,2115,2170
mcdx9524,336,2124,2177
HCPS42,338,2326,2325
adamant,340,2421,2397
Honey_Badger,340,2226,2250
catforces,342,1939,2041
UnstoppableChillMachine,343,2327,2325
atodo,346,2309,2311
moo.,350,1833,1962
Narut,351,2089,2147
SUN.LOVE,354,2219,2242
saketh,357,2734,2630
reeWorld,357,2181,2213
Degalat57,360,2454,2417
Seyaua,361,2200,2226
AliShahali1382,363,2763,2651
clfzs,364,2201,2226
BenjaR,367,2109,2158
txingml,369,2200,2224
afterall,370,2617,2537
asdsasd,371,2194,2219
Mr.Robot_28,375,2343,2330
Dragnoid99,376,2255,2263
maximumSHOT,377,2396,2370
gzchenyin,379,2277,2279
pzc2004,379,1936,2028
AlesyaIvanova,382,2484,2435
SPatrik,383,2422,2387
vanogam,387,2086,2136
P.Y.Y,390,2016,2084
Adam_GS,395,1990,2063
eidan,396,2029,2092
shiven,398,2118,2157
anatolik,399,2288,2283
kuzmichev_dima,400,2075,2125
IraG,407,1386,1791
sinus_070,409,2233,2239
Prateek,411,1972,2047
Dalgerok,412,2149,2177
gustavoleal,413,2062,2113
blyat,418,2453,2403
jdurie,419,2501,2440
fr200110217102,421,2074,2120
faresbasbas,422,2172,2191
GustavoMG,425,2010,2071
ajit,426,2175,2193
Nickir,428,2102,2139
tonyli00000,429,2112,2146
prins,430,1908,1996
JovanB,432,2231,2233
AhmedEzzatG,436,1853,1955
beemax,437,2122,2151
JustasZ,438,2136,2162
Jojosus,440,2053,2100
DylanSmith,443,2131,2157
flashmt,444,2505,2438
pavement,445,2129,2155
Lawali,446,2330,2306
wjli,448,2262,2253
sjcsjcsjc,449,2387,2347
mat_v,450,2172,2186
Aleks5d,451,2532,2457
yz_,452,2239,2236
XDEv11,453,1701,1841
flamestorm,455,1677,1824
cuiaoxiang,456,2359,2326
Catmoonlight,457,2367,2331
plourde27,458,2273,2260
darkkcyan,459,2351,2318
N.E.R.O,460,2045,2090
tko919,460,2023,2073
pikel_rik,462,2397,2352
JeanBombeur,464,2139,2158
orzdevinwang,465,2722,2600
ijxjdjd,466,2124,2147
Ooops_no,468,2258,2247
Nutella3000,468,2486,2419
_LeMur_,470,2297,2276
codelegend,471,2232,2226
KKT_89,473,2251,2240
Kaey,474,2361,2324
Fidisk,478,2101,2128
dannyboy20031204,481,2158,2169
ExplodingFreeze,482,2012,2061
pjych1,482,1936,2005
Sorting,484,2313,2286
.-O_O-.,484,1853,1944
udon1206,486,2153,2164
kzyKT,487,2130,2148
Kerim.K,488,2128,2146
MaddyBeltran,488,2129,2146
Kude,491,2114,2135
andr1y,492,2204,2201
joylintp,494,1898,1976
Sofapuden,495,2148,2159
Be_dos,495,2121,2139
GoreMneGore,498,1821,1968
vladmart,504,1907,1980
TuanVu,505,1971,2027
rishit3234,507,2045,2081
chychy,511,2138,2149
SPD_9X2,513,2223,2212
CSQ31,514,2117,2132
Radin_Zahedi,517,1812,1909
Igorfardoc,518,2191,2187
ScarletS,520,2155,2160
cute_hater,521,2276,2251
MahiruShiina,523,1867,1948
Temmie,528,2004,2047
Resende,530,1996,2040
koderkushy,531,1827,1916
joaom,537,1868,1945
KeNaj712,537,2379,2326
serotonin,541,2165,2164
pooty,542,1940,1998
Bakry,545,2247,2225
hardikkapoor,545,1972,2020
Slamur,551,2256,2231
KDVinit,554,2177,2170
AmShZ,554,2521,2431
bnkalya1502,556,1939,1994
ToanLe,556,1973,2019
HynDuf,558,2073,2092
Ferume,559,2142,2144
paula,564,2302,2264
_Enigma__,567,2179,2170
mexomerf,568,2213,2196
alexashkins,571,2022,2053
nghethuat102,573,2160,2155
jli505,577,1712,1825
ilia-ivanov,579,1729,1836
achi_basadzishvili,580,2395,2331
AlanSkarica,581,1922,1977
-1e11,581,2056,2076
ethening,583,2055,2075
umezo,584,1849,1923
toniskrijelj,588,1737,1841
N.N_2004,588,2293,2253
sevlll777,595,2360,2302
Rafi22,597,2261,2227
SirShokoladina,607,2828,2657
MarcosK,607,2178,2163
MagicHust,611,2136,2130
erray,614,2141,2134
ShlokG,616,2006,2033
sszcdjr,616,1490,1659
YPK,616,1823,1898
Rudy1444,621,2338,2283
HeIIoWorId,622,2032,2051
_no0B,624,2311,2261
Nika_Tamliani,625,2113,2111
IgorL,631,1997,2024
Sugarii,635,2255,2217
AlbertoTDNeto,638,2064,2073
zerotrac,648,2309,2257
Acfboy,650,1784,1865
soltanmv,654,2338,2278
Andyvanh1,658,1886,1939
gruntov_dima,665,2025,2040
Valera_Grinenko,665,2168,2147
ne4eHbKa,671,2307,2252
Irmuun.Ch,672,1594,1724
jhknmj,673,2086,2084
-rs-,674,2246,2205
pac-man21,675,2034,2045
suyiheng,675,2057,2062
lucasxia01,677,2323,2263
Osama_Alkhodairy,677,2171,2148
satyam343,677,1797,1870
bcollet,680,1908,1951
bhatnagar.mradul,682,1844,1903
2020akadaver,684,2027,2039
artem3605,687,2048,2054
demian123,688,2106,2097
David-M,700,1806,1873
lightseba,700,2124,2109
czhang2718,710,2114,2101
Periquito,716,2157,2133
JeevanJyot,718,2080,2074
fairy_lettuce,718,1928,1961
cr8,721,1992,2008
Jaydeep999997,723,2108,2094
YahiaSherif,723,2174,2145
I_HATE_CONSTRUCTIVES,725,2182,2150
snasibov05,725,1680,1778
GoatTamer,728,1822,1881
cage,728,1952,1977
Alex2184,728,1870,1917
aimoon,731,1951,1976
Arayi,733,2393,2309
AugustinasJucas,735,2103,2089
killer_god,739,1615,1729
dusty.and.rusty,739,1913,1947
LTb,742,2154,2127
pepelats,745,1805,1866
gdb_18,748,2174,2140
niike0goood,753,2162,2131
gohan123,759,2233,2185
swapnil159,761,2134,2109
Abdel-AzizMostafa,764,1866,1908
ema,769,2047,2043
vkgainz,778,2206,2161
MrNachoX,795,1943,1962
ajpiano,798,2021,2020
Killer250104,799,1782,1842
WCG,804,2227,2174
IBory,804,1725,1799
izhang,807,1836,1881
QwertyPi,808,2243,2186
myx12345,808,2105,2081
katsurap_,811,2001,2003
Hile_Meow,820,1928,1947
Kira_1234,822,2141,2107
someone__,832,1864,1898
BabaVoss,838,1969,1976
bernardo_amorim,840,1958,1967
bvd,841,2105,2078
RestingRajarshi,850,2240,2179
Monazo1997,852,1975,1979
Evirir,852,2148,2109
I_HATE_GEOMETRY,854,2015,2008
gupta_samarth,856,1906,1927
Goobne,856,1969,1974
lexiyvv,859,1748,1810
retarded,862,1939,1951
caan_do,865,1686,1764
GoogleBot,867,2050,2033
Mahmoud_Haddad,873,1927,1940
mbalsells,876,2232,2170
nador.benedek,883,1726,1790
shadow9236,891,1832,1868
Noble_Mushtak,893,1975,1974
jerdno,896,2032,2017
Hodobox,898,2133,2093
alpha_kotenok,902,1787,1833
DmitryLzr,904,1810,1850
FlakeLCR,909,2293,2213
Jorge213,917,1990,1983
AST_TheCoder,920,1857,1883
timreizin,936,1849,1875
Tinky-Winky,936,1638,1721
Mitsukasa_Ayase,939,2219,2155
AlperenT,944,1919,1927
bobbilyking,953,1874,1892
muhammadhasan01,955,2178,2121
Vin__ar,962,1892,1905
ntdung,969,2029,2007
Edlue,969,1874,1890
Boboge,972,2084,2049
Agnus,976,2021,2000
Sh0,977,1947,1944
Amir_Parsa,989,903,1360
nooooob_KiFaH_HeLaL,991,1670,1738
aryanc403,995,2250,2172
sam571128,997,1772,1812
VinstaG173,1001,1905,1910
hackerbhaiya,1008,1757,1800
Lyamzin_alexandr,1020,1664,1731
ruhan.habib39,1029,1970,1957
Valters07,1046,2118,2067
yuto0518,1050,2107,2058
Zain,1055,2074,2032
robivirt,1067,1963,1948
Ahmadsm2005,1083,2058,2018
Thallium54,1085,2022,1991
bktl4ever,1087,2061,2020
Dorost,1129,1783,1807
mychecksdead,1142,1652,1709
hltk,1146,2083,2031
Tatsuyaaaa,1148,1906,1897
IIT_kr_lo_fir_life_set_h,1149,1953,1933
andrewtam,1154,1753,1782
bashkort,1160,1888,1882
Bedoo,1161,1988,1958
kitsune,1165,1996,1963
TurboPiKachu,1177,1621,1683
Nisanth,1180,1671,1719
H8_8Q,1184,1984,1953
naman1601,1207,1908,1894
Htmt,1215,1817,1824
alexchist,1238,1885,1873
k_balint,1243,1480,1575
shdut0901,1253,1952,1923
erankyun,1265,1453,1553
Andres_Alumets,1286,2097,2030
limabeans,1300,1750,1767
tokitsukaze,1305,1926,1899
khuepr123,1311,2193,2102
Prostoegor239,1317,2044,1988
timg8710,1335,1438,1536
dasdull,1349,2244,2138
vhnvn,1351,2295,2178
Thomas_Top,1394,1651,1686
Hammer,1394,1563,1621
abhidot,1394,1968,1924
MohammadParsaElahimanesh,1399,1859,1841
rapira,1403,2143,2057
blitztage,1405,1585,1637
kingofpineapples,1410,1520,1589
congthanh123,1415,2141,2054
bitset,1425,1565,1620
BalintR,1439,0,601
Wandoka,1451,1990,1937
DAleksa,1470,1651,1680
adurysk,1480,2219,2110
mafailure,1493,1733,1739
Honour_34,1508,1889,1856
amanbol,1510,2208,2100
cuom1999,1516,2268,2146
huikang,1519,1923,1881
TsukikoTsutsukakushi,1521,2164,2065
TsunamiNoLetGo,1523,2307,2176
JOliva,1533,1958,1906
Richw818,1533,1696,1759
RedMind,1537,2263,2141
Wielomian,1539,2195,2087
panda211panda,1541,1865,1835
mars4,1544,1786,1775
Sixpathsguy,1547,2165,2064
AKJ0811,1554,2236,2119
NemanjaSo2005,1554,1656,1677
syrtin,1559,1678,1694
NK_,1575,1341,1447
ssor96,1593,1899,1858
danbanica,1595,2087,2001
goodjulian,1598,1449,1523
Mamedov,1610,2121,2025
RockSnow,1618,1525,1576
Gleefre,1634,1779,1764
zhaohaikun,1654,1851,1817
Teja-Smart,1658,1463,1528
Astronomax,1673,2166,2057
RegenFallen,1685,1689,1693
uwu,1697,2209,2088
Micchon,1720,2299,2157
SampsonYW,1763,1830,1794
askd,1770,2172,2056
CIXTEEN,1770,1796,1768
Ahmed_Salah7,1781,1633,1644
titia,1781,2100,1999
harsh__h,1806,1783,1756
uux,1814,2114,2007
Aokana,1823,688,1157
hxu10,1823,1730,1715
nguyenhoangminh318,1830,1915,1854
buidangnguyen05,1840,1471,1521
toxic_hack,1882,2160,2040
Stefan2417,1892,1862,1810
Vladik,1895,2187,2060
BSBandme,1895,2160,2039
SmolBrain,1908,1482,1525
Piccolo,1918,1933,1862
RakibJoy,1935,1667,1661
DaNeK0201,1939,1715,1696
123thunderbuddie,1944,1950,1874
ShivanshJ,1949,1480,1521
The_Hallak,1953,1451,1499
purinliang,1962,2105,1993
thisIsMorningstar,1968,1421,1477
YazanAlattar,1989,1477,1516
Andwerp,1997,1332,1411
_Rise,2016,1887,1823
Mbfibat,2016,2243,2097
LetterC67,2053,1627,1623
espr1t,2082,2255,2103
Tzak,2107,2113,1991
jiangtaizhe001,2132,1511,1533
ingrid,2151,1862,1796
MeGustaElArroz23,2170,1917,1837
LoboLobo,2174,1487,1512
alecs,2187,1647,1631
NusGhy,2206,1499,1520
RohitRKS,2219,1743,1702
Voir,2231,1522,1535
Kawaii,2250,1706,1673
EN_SA,2252,1848,1781
TravellingSalesman,2279,1698,1665
Wizard_of_Orz,2288,960,1238
Noxus,2293,621,1079
gigachau,2293,1692,1660
s_jaskaran_s,2307,1811,1749
Lihwy,2315,1825,1760
bonopo,2330,1913,1826
xuanxuan001,2363,0,541
camc,2393,634,1066
Bungmint,2418,1781,1721
thanhchauns2,2436,1779,1719
Mike4235,2463,2133,1990
BossBobster,2478,1547,1540
SlavicG,2498,1643,1612
Maezra6,2517,1634,1605
Mirbek,2537,1757,1698
GreenHanHan,2559,1796,1726
ILoveBitches,2757,2132,1978
apgpsoop,2873,1812,1725
mc._cari,2889,1792,1709
JustNik77,2894,1415,1422
aManwithaVan,2914,1617,1574
skhan_org,2929,1368,1386
YunQian,2957,1719,1650
1459007298,2969,1752,1675
DreadArceus,3038,1417,1417
milind0110,3120,1363,1374
plevande,3130,1631,1576
Dukkha,3254,1678,1607
Lol2004,3375,1564,1515
nhuhieu193,3459,1324,1330
martinius,3474,1421,1402
tht2005,3480,1531,1485
Ertugrul28,3493,1675,1595
su1c1dalttb,3505,1486,1450
rainboy,3515,2149,1965
dumb_boi,3540,1663,1585
trainerherp,3558,1472,1437
volochai,3653,1147,1193
Nazar,3663,1280,1289
turkhuu622,3678,1489,1446
anhkha1004,3699,1746,1643
lethan3,3732,1719,1622
isirazeev,3757,1185,1216
lis05,3957,1664,1571
Runtime-Terr0r,3997,1551,1482
Beevo,4029,1266,1264
Max_Calincu,4039,1347,1325
PoPularPlusPlus,4079,1690,1587
Error-42,4082,1707,1601
manizare,4084,1098,1139
akshaykhandelwal,4094,1787,1663
AboAbdoMC,4132,1929,1773
valeriu,4140,1938,1780
islingr,4151,2020,1844
Ayalla,4282,1543,1466
18o3,4285,1497,1431
Proofy,4446,1308,1280
sdyakonov,4453,1285,1263
null_awe,4489,0,453
fuad720,4835,1047,1071
Uzumaki_Narutoo,4902,1835,1678
ulorew,5114,1073,1079
DJQ,5188,1386,1315
ezraft,5201,1284,1236
Wael_Zaiback,5225,1084,1083
Farsh_LE,5255,1114,1104
1_2_3_4_5_9,5335,1382,1308
nikuradze,5376,460,822
rajchd_11,5593,1206,1279
vladislav11,5706,1530,1414
Egakrut3,6079,444,781
akcube,6112,1329,1242
Kelvin2005,6197,1274,1195
SpadeA261,6348,1458,1340
sumon123,6411,1241,1163
_bLIC_,6426,1165,1101
meowcneil,6796,757,952
smtcoder,6943,1818,1598
GlowCheese,6943,1725,1520
ayush_raj.21,6943,1157,1036
jucason_xu,6943,0,350
zacharychao,6943,1583,1402
kobor,6943,2251,1954
