handle,rank,oldRating,newRating
Radewoosh,1,3366,3525
tourist,2,3804,3797
Petr,3,3315,3408
Subconscious,6,2969,3107
ksun48,8,3363,3377
Golovanov399,9,3018,3115
tmwilliamlin168,10,2776,2930
gisp_zjz,12,3124,3173
maroonrk,13,3362,3344
Toxel,14,2731,2873
snuke,15,3045,3099
hank55663,16,3003,3064
natsugiri,18,2862,2951
l1ll5,20,2530,2698
SSRS_,23,2953,3001
hos.lyric,24,3301,3257
lumibons,25,2940,2985
nuip,26,2776,2861
Endagorion,27,3002,3025
jiangly,28,3354,3287
AutumnKite,30,2804,2871
Ormlis,31,3109,3096
never_giveup,33,2838,2889
mtsd,34,2666,2759
He_Ren,36,2970,2981
Zhtluo,37,2303,2486
Melania,38,2269,2459
djq_cpp,39,3394,3294
ainta,40,3077,3053
kmjp,41,2799,2844
Alan233,42,2651,2732
hitonanode,44,2810,2847
Rafbill,45,2854,2878
353cerega,46,2883,2898
dreamoon_love_AA,50,2975,2961
antekb,52,2487,2594
Morollcinna,53,2344,2548
PubabaOnO,54,2525,2619
Roundgod,55,2617,2686
errorgorn,56,2620,2687
dXqwq,57,2551,2634
ugly2333,58,2998,2967
KevinWan,59,2548,2629
tute7627,60,2830,2838
jonathanirvings,64,2485,2576
potato167,66,2525,2604
gop2024,68,3201,3108
fanache99,69,2678,2714
conqueror_of_tourist,71,2524,2597
arvindf232,74,2269,2407
Vercingetorix,75,2510,2583
flashmt,77,2343,2458
Marcin_smu,78,3125,3041
Um_nik,79,3320,3189
Sung.An,80,1812,2132
Geothermal,81,2697,2716
tatyam,82,3134,3044
budalnik,83,2865,2840
MofK,84,2593,2636
Rubikun,85,2627,2660
Temotoloraia,87,2835,2814
S2speed,88,2357,2457
yosupo,91,3180,3071
Laurie,94,2412,2493
Kostroma,95,2512,2567
BurnedChicken,96,2782,2768
TheScrasse,98,2237,2362
iaNTU,99,2473,2534
Savior-of-Cross,100,2543,2586
LeoPro,102,2439,2506
Alex_Wei,102,2545,2585
triple__a,104,2322,2419
MonkeyKing,105,2711,2707
thenymphsofdelphi,106,2509,2556
jhhope1,110,2152,2291
vkgainz,110,2423,2488
JeffreyLC,113,2287,2387
kobae964,114,2675,2674
cerberus97,115,2567,2593
SSerxhs,119,2499,2539
kshitij_sodani,120,2512,2548
Nyaan,121,2478,2522
m_99,122,2448,2499
oleh1421,123,2996,2910
risujiroh,124,2500,2536
Nachia,126,2547,2571
emofunc,127,2457,2503
olmrgcsi,129,2322,2402
kotatsugame,130,2990,2901
A_G,132,2106,2244
HCPS42,136,2121,2252
Nutella3000,138,2335,2406
natofp,139,2404,2456
gabrielwu,140,2583,2589
Barichek,142,2524,2544
fastmath,143,2362,2423
Farhod,144,2805,2754
soltanmv,145,2350,2413
jacynkaa,146,2420,2464
jdurie,147,2463,2496
lucas3h,148,2142,2259
zidder,150,2152,2266
sevlll777,151,2320,2388
wifiiii,153,2631,2619
riantkb,154,2476,2502
pooty,155,2103,2228
icecuber,156,2579,2578
Potassium,158,2511,2526
kostia244,162,2499,2515
Fysty,163,2266,2342
zundamochi_1117,164,2200,2293
khuepr123,165,2190,2286
greencis,166,2325,2384
minhcool,167,2105,2223
darkkcyan,169,2373,2417
Xellos,169,2550,2549
KDVinit,174,2294,2357
chemthan,175,2540,2539
TKT_YI,177,2107,2219
pikel_rik,181,2552,2546
psc233,182,2045,2173
sstrong,183,2387,2421
Dart-Xeyter,183,2343,2389
Jimanbanashi,185,2380,2416
AnandOza,187,2307,2361
IceKnight1093,189,2334,2380
Hyperbolic,190,2510,2510
SW2000,194,2500,2501
ace5,195,2174,2260
jtnydv25,197,2322,2368
glebustim,198,2176,2260
Goshkata,200,2326,2369
YaoBIG,201,2403,2426
Kaitokid,203,2307,2354
AndersonSilva,205,2273,2328
WhyWhy,206,2158,2244
leaf1415,207,2495,2492
torisasami,209,2506,2499
Siberian,209,2400,2420
mip182,211,2330,2368
chinerist,213,2264,2318
_Enigma__,214,2300,2345
cmll02,215,2509,2499
se1ka2,215,2465,2466
qwerasdfzxcl,215,2499,2491
codelegend,218,2323,2360
Andreasyan,219,2422,2433
PedroBigMan,221,2237,2295
David-M,222,2054,2162
_Yuru_,223,2384,2403
syl123456,224,2317,2353
Ant_Man,225,2324,2358
hugopm,226,2440,2444
Kilani,227,2335,2366
tkj,228,2129,2214
Prostoegor239,229,2227,2285
NRolly,230,2109,2199
klimoza,231,2382,2399
satashun,233,2682,2624
sinus_070,237,1949,2080
GustavoMG,238,2196,2259
fuppy,240,2373,2389
gazelle,241,2234,2286
Mr_Wu,242,2549,2520
zaq1xsw2tktk,242,2157,2229
MagicalFlower,245,2266,2308
_su1sen,248,2439,2436
kimjihoon,249,2335,2358
edenooo,250,2230,2280
HollwoQ_Pelw,250,2366,2380
TheAshenWitch,252,2114,2195
physics0523,256,2437,2432
LZDQ,257,2284,2317
Andycipation,259,2325,2347
noimi,261,2769,2681
SecondThread,263,2491,2471
paula,263,2251,2292
chaeyihwan,265,2361,2372
dkhve,266,2059,2150
jeroenodb,268,2181,2239
conan1412yang99,269,2498,2475
feeder1,270,2295,2321
HolyK,271,2253,2290
idontwannawin,272,2359,2369
Agnimandur,274,2225,2269
atodo,278,2271,2302
InternetPerson10,280,2174,2229
math957963,281,2319,2336
alpha_kotenok,284,1890,2021
Vladithur,284,2161,2219
HS90R,286,2137,2200
nishkarsh,287,2204,2250
muratt,288,2136,2199
killer_god,288,2077,2156
Be_dos,288,2155,2213
aropan,296,2411,2401
Serval,298,2373,2372
shinigami11,302,2142,2200
szb,303,2429,2413
Igorfardoc,304,2140,2198
AngusRitossa,305,2539,2495
fishcathu.,306,2299,2315
qwerE,307,1949,2057
THE__BUG,309,2098,2165
Frozencode,312,1939,2048
IsaacMoris,312,2000,2092
Mike4235,314,2263,2286
coder_pulkit_c,319,2105,2168
TheLostCookie,320,2251,2274
achvanov,323,2079,2148
-1e11,324,2084,2150
ShadowLight,326,2269,2287
LastDance,327,2366,2359
mishanya_stulov,331,1859,1985
tinca_matei,332,2100,2161
chychy,335,2175,2215
Mamedov,336,2025,2104
lyons,338,2259,2276
AwakeAnay,339,2218,2245
Nanako,340,2240,2261
kimden,344,2430,2403
Ooops_no,345,2114,2168
rama_pang,347,2654,2572
0wuming0,353,2215,2240
guperman,355,1817,1947
rapira,358,2103,2156
egor_bb,359,2597,2526
Sugarii,360,2325,2321
russian_proger,361,1749,1897
ETK.,362,2115,2164
Lawali,366,2288,2291
riano_,367,2276,2282
kishtarn,368,1954,2044
hieplpvip,369,2231,2248
bthero,370,2437,2402
peterwuyihong,371,2016,2089
balakrishnan,374,1943,2034
lebowski998,378,2296,2294
mahmoudbadawy,379,2197,2220
tunangoo,380,669,1211
HuaJun,381,2489,2439
cuom1999,383,2480,2432
_FireGhost_,384,2130,2169
Luca,385,2101,2147
rainbowbunny,386,2117,2159
Aleks5d,389,2406,2375
trainwithoutpain,393,2232,2243
SomethingNew,394,2413,2379
Andyvanh1,395,2029,2093
PCTprobability,396,2110,2152
SHZhang,397,2778,2656
WeakestTopology,398,2417,2381
Crabby_Maskiv,399,2665,2570
DmitryLzr,400,1967,2046
kevinxiehk,402,2309,2299
Akulyat,403,2382,2354
abc864197532,404,2489,2435
Kude,405,2441,2398
Apple_Method,407,2077,2125
Onjo,410,2333,2315
Bellalabella,412,2303,2292
dredwerkz,412,2061,2112
tabr,415,2732,2617
w0nsh,416,2556,2483
Nutella3001,418,2246,2248
aryanc403,419,2376,2346
MateoCV,420,2243,2246
as_dfsdf,422,1888,1983
mat_v,423,2186,2203
pashka,424,2724,2609
Alex2184,425,1903,1994
flukehn,427,2143,2170
DesalotAge,428,2063,2110
__Jeffrey_22,430,2135,2163
Prateek,431,2126,2156
Tima,432,2204,2214
TigerStar,433,1919,2004
Rewenix,434,1930,2011
harsh__h,437,1877,1971
kunj017,438,2192,2204
UnstoppableChillMachine,439,2500,2436
neko_nyaaaaaaaaaaaaaaaaa,440,2516,2448
Sol1,441,2200,2208
knightL,443,2257,2251
YxqK,443,2080,2120
vwxyz0,446,2174,2189
axp,446,2205,2212
SanguineChameleon,449,2081,2119
Eunha,451,1794,1908
ttklwxx,451,2195,2203
Sofapuden,453,2001,2060
usuyus,454,2254,2247
LordVoIdebug,457,2075,2113
TsukikoTsutsukakushi,463,2256,2246
vsinitsynav,463,2081,2115
Tgiwx,463,2160,2174
IamNewbie,467,0,716
tobias.glimmerfors,470,2156,2171
TripleM5da,471,2404,2358
ajpiano,472,2244,2236
Naseem17,476,2192,2197
Marckess,477,2510,2437
psb0623,480,2156,2169
ComPhyPark,482,2203,2203
Gurban,483,1708,1838
Bimil_Buke,484,2094,2122
cn449,485,2217,2213
Cross_Ratio,488,2010,2059
Dorost,489,2095,2122
VladaMG98,490,2460,2396
volkov179,496,1882,1963
MysteryGuy2,496,1979,2034
peiwenjun,499,1528,1704
KKT_89,500,2175,2180
sleep__,502,2066,2098
djwj233,504,2045,2082
__Linh__,505,1862,1947
Lokeo,506,1749,1864
qxforever,508,2328,2293
islingr,509,2100,2122
fr200110217102,510,1886,1963
Bakry,512,2211,2204
czsnb,512,1961,2019
Teja-Smart,515,1957,2015
Dukkha,516,1347,1572
ilia-ivanov,517,1901,1974
anton_h,518,1697,1824
amanbol,520,2141,2150
Wandoka,520,1796,1896
devinqu,522,2152,2158
andr1y,522,2152,2158
titia,525,2176,2175
Mitsubachi,526,2049,2081
radal,529,1859,1940
Vexoben,537,2272,2246
vinfat,538,2342,2299
P2N2T,540,2095,2113
Arnch,543,1596,1745
Yomapeed,545,1718,1834
glancing_back,545,2048,2077
MohammadParsaElahimanesh,548,1765,1868
okwedook,549,2318,2279
Magi,551,2052,2079
misaka18931,554,2072,2094
I_HATE_CONSTRUCTIVES,555,2316,2277
vodacbaoan,558,2060,2084
koderkushy,560,2033,2063
jerdno,560,2109,2120
Alexdat2000,573,2162,2157
tko919,576,2150,2148
jsssk,578,1877,1945
kkite_gk,585,2063,2081
AlbertoTDNeto,585,1906,1965
Raiden,587,2143,2140
kupriyanov,590,2154,2148
VladHaivas0205,592,1875,1941
hocky,600,1830,1906
zuno,601,1734,1836
mjhmjh1104,602,2174,2163
ecottea,603,1728,1831
farmerboy,604,2136,2133
Ahmadsm2005,605,2104,2109
pnm1384,606,2025,2050
Gassa,608,2274,2237
AA_Surely,609,1830,1905
ikefumy,610,1550,1769
gen,614,2106,2109
cxy004,614,2183,2167
pranavvinchurkar,616,719,1199
sare,618,1729,1829
saprykin,620,1909,1961
plourde27,623,2145,2137
misorin,626,2037,2055
Sweezy,632,1926,1972
sunzh,633,2466,2380
I_LOVE_ANTON_DONBASS,634,2199,2176
Alfeh,636,2008,2033
ArsenGotov,637,1605,1735
Duck_sajin,637,1879,1936
Newtech66,640,1852,1916
xxafhixx,640,0,685
lunchbox,642,1756,1845
HeIIoWorId,645,2038,2053
RedStone,651,1846,1910
Kotehok3,652,2097,2096
vanwij,653,1981,2010
ExplodingFreeze,655,2181,2159
Missyou,657,1683,1789
BaluconisTima,661,2129,2120
TranGiaHuy,667,2081,2082
andrei_boaca,669,2142,2128
udon1206,670,2154,2138
Htmt,670,1870,1925
Bedoo,678,1890,1938
Nero,687,2126,2114
komite,691,1111,1436
CSQ31,692,2152,2133
oversolver,693,2181,2154
Nson,696,2266,2218
TheodenOLE,697,1935,1970
Lyamzin_alexandr,699,1997,2016
codr0,708,1486,1637
erray,709,2307,2248
pavement,714,2201,2166
satyam343,717,1861,1912
brunomont,719,2169,2142
_RED__,722,1885,1929
flashsonic,722,2060,2059
wjli,726,2348,2278
VLamarca,728,2029,2036
skittles1412,732,2082,2074
zenman,735,1796,1861
mohamedeltair,735,1784,1853
Ali.Kh,737,2441,2348
Daniel_lele,740,1770,1841
XyzL,742,1901,1939
scopeInfinity,745,2112,2096
BlueBottle,746,1880,1960
mbolgov,747,1906,1941
maks_matiupatenko,749,1568,1691
ScarletS,756,1958,1979
dunda,758,1863,1908
MeGustaElArroz23,762,1943,1967
Tatsuyaaaa,766,2030,2031
MAKMED1337,767,2004,2012
minhnguyenxuan60,768,1935,1960
shadow9236,773,2009,2014
BenniKartefla,774,2215,2170
jpetrovcic,775,2219,2173
moonshine,778,1988,1998
timreizin,779,1977,1990
PersistentLife,780,2051,2046
unordered_map,781,1966,1982
Arsen4ikVar,782,1743,1816
neverblunder,786,2169,2134
slah007,789,2187,2147
Mathematiker,790,1764,1830
ikaurov,793,2239,2186
thabumi,794,1752,1821
Ivang,796,2152,2119
vladislav11,798,1741,1813
Hile_Meow,800,1959,1974
NoneBound,808,1247,1456
AQil,810,2059,2048
Pazio,812,1524,1651
Kalashnikov,820,1687,1770
cuiaoxiang,821,2184,2141
hat,823,2001,2003
blobugh,824,2275,2210
tloinuy,827,2065,2051
SaveVMK,828,2233,2177
eepsilon,833,1975,1982
n0sk1ll,836,2131,2100
Aging1986,837,1894,1921
rainboy,839,2118,2089
flamestorm,841,1880,1910
Max_Calincu,842,1588,1693
gxy001,844,2159,2119
emthrm,846,2516,2393
t4c0,847,2194,2145
4fecta,849,2304,2229
Valaki2,850,1932,1948
keta_tsimakuridze,852,2096,2071
voidXD,857,2135,2100
shiftpsh,858,2058,2041
Igor_2017,862,2122,2089
albatross_errantia,864,2145,2107
spectrra,868,2108,2078
Zain,869,2180,2133
dranjohn,870,2155,2113
Hasan0540,873,2187,2138
becaido,877,1645,1731
AlperenT,883,1865,1894
Amtek,885,2240,2176
BabaVoss,888,1930,1942
status_coding,890,2145,2103
xudian,891,1770,1822
_LeMur_,892,2232,2169
Stanislau,892,2157,2113
kuzmichev_dima,896,1975,1974
TheQuantiX,900,1712,1779
DarknessCatcher,901,1611,1704
dutin,907,1728,1789
ibrahim001,909,1767,1818
Vectors_Master,911,1955,1958
t.kwiatkowski,915,1816,1854
Mahmoud_Haddad,917,1917,1929
maomao90,917,2041,2023
GoatTamer,924,1927,1935
RakibJoy,929,1672,1745
joaom,933,2126,2085
arvindr9,945,2137,2091
mafailure,957,2054,2028
fetetriste,957,2108,2069
thedesalizes,963,2022,2003
MahiruShiina,965,2120,2077
SPD_9X2,969,2333,2240
0-jij-0,971,1768,1812
Grzmot,974,2180,2122
YazanAlattar,975,1745,1795
luiz_oda,982,2166,2110
vladmart,989,2027,2004
ExpectoPatronum,990,1673,1740
WillTheBill,990,2062,2031
serotonin,990,2241,2166
sansen,1001,2567,2418
Mohammad-Parsa,1007,1445,1570
Yam,1012,1412,1546
Ber,1014,1965,1955
1459007298,1016,1926,1925
Roll_Num_56,1026,1891,1898
Turkey,1027,2246,2167
Doru,1035,1783,1816
Valters07,1041,2150,2092
marvenlee,1044,1699,1753
jesuswr,1048,2040,2008
SuperJ6,1056,1978,1961
ttsweet,1056,1872,1880
Voir,1056,1704,1755
Lyde,1068,2044,2010
brandonzhang,1083,2231,2150
baojiaopisuwinIOI2025,1087,1603,1751
fishy15,1091,2276,2184
apgpsoop,1095,1733,1773
djs100201,1117,1773,1801
MvKaio,1123,1956,1937
warner1129,1141,1689,1737
Esquire,1141,1874,1874
Abdel-AzizMostafa,1144,1834,1844
VHTung,1154,2091,2037
gvihvo,1162,2041,1998
qwexd,1171,1611,1675
joelgun14,1171,1729,1763
Kripton2005,1171,2132,2067
Lavine,1187,1984,1953
Artem_Sukharev,1192,2066,2015
AbdelmagedNour,1195,1738,1768
Anastasia_Yun,1200,2030,1988
Tom66,1204,1791,1807
besukohu,1213,1688,1729
systy,1223,1801,1813
rgnerdplayer,1225,2175,2096
GordeyZav,1225,1949,1924
DeMen100ns,1235,1856,1853
marvinthang,1236,1539,1617
Misuki,1244,1875,1867
FEDIKUS,1259,2108,2042
hackerbhaiya,1267,1683,1721
tonyli00000,1271,2146,2070
icosahedron,1274,1888,1875
dimss,1286,1754,1773
Leonard,1299,1778,1789
Boboge,1301,1935,1908
Meloric,1310,1979,1940
toilanvd_HUST,1325,2073,2010
Fyind,1325,1908,1885
fork,1334,1802,1804
Runtime-Terr0r,1343,1720,1742
MrNachoX,1360,1989,1943
buidangnguyen05,1369,1752,1765
hxu10,1372,1951,1914
AhmetKaan,1388,1967,1925
Nisanth,1396,1766,1773
FlameDragon,1400,2236,2129
loK10,1405,1895,1869
ButterflyDew,1415,2301,2179
Anonymous_Noob,1417,2105,2028
Timonnable,1427,2112,2032
rabbitsthecat,1439,1972,1925
Ertugrul28,1445,1615,1657
goben,1468,1909,1876
jakao,1475,1875,1849
Theresa_Apocalypse,1475,1536,1596
s_jaskaran_s,1500,2072,1997
ParsaS,1504,1597,1639
M_bolshakov,1510,1490,1560
ahshafi,1518,1842,1821
bashkort,1522,2013,1950
PoPularPlusPlus,1527,1870,1842
aimoon,1529,1924,1883
ShivanshJ,1535,1679,1698
Nazar,1574,1435,1515
RetiredPlayer,1593,1840,1815
Hammer,1599,1869,1836
turkhuu622,1599,1890,1852
moo.,1606,2085,1999
IMRUN,1607,1968,1910
acfinity,1614,487,927
YYYLLL2021,1624,1546,1592
Kahou,1638,1297,1412
Deep_Cold,1645,1756,1748
Ayalla,1645,1743,1739
Abbess,1654,1882,1842
world_classic,1658,1553,1595
StandNotAlone,1658,2067,1982
psychobot,1674,1608,1635
lelbaba,1687,1820,1794
syrtin,1690,1829,1800
Jiao_Xie,1694,1952,1893
Baiyu0123,1697,2372,2217
MrLolthe1st,1704,1834,1803
contestat_al_haiaa,1709,1579,1612
I_love_geom,1727,2156,2046
Mustang98,1731,2143,2037
ParsaAp,1732,1291,1401
Venn,1739,1932,1875
SmolBrain,1739,1761,1746
AhmedEzzatG,1743,1984,1914
ArianKheirandish,1746,1438,1506
Chelovek9,1747,1450,1514
Vin__ar,1751,1920,1865
lsantire,1759,2235,2106
Mirbek,1764,1734,1724
dushenkov,1767,1999,1924
welleyth,1780,1805,1777
geospiza,1795,1690,1689
mh755628,1825,2114,2009
Ahmed_Salah7,1838,1553,1585
Tuanlinh123,1857,1560,1589
urosk,1869,1846,1803
Phantom_Performer,1871,1389,1462
valeriu,1875,1906,1847
popescuadrian,1878,1629,1639
WA_King,1882,2141,2027
Timur2006,1888,1855,1809
woshiluo,1894,1780,1752
outfinity,1903,1424,1486
jk-jung,1903,2199,2070
Joler_,1926,1702,1691
dumb_boi,1926,1739,1719
sedev57,1934,1833,1789
RohitRKS,1939,1981,1901
hiennoob,1949,1544,1572
volochai,1970,1395,1461
ahihi1234,1972,1323,1445
Astronomax,1980,1867,1813
SlavicG,1986,1659,1655
opPO,1986,1439,1492
pty6666,1992,1746,1721
smalyarovsky,1997,1637,1638
cr8,2010,1823,1777
IBory,2010,1984,1900
jli505,2018,1758,1728
vok8,2023,1921,1852
Igor_Parfenov,2028,2169,2040
GALA,2033,1507,1539
Beevo,2056,1613,1617
akshaykhandelwal,2090,2098,1982
OctaneC8H18,2122,1548,1566
mknayam,2133,1692,1673
the_computer_jock,2140,1925,1848
ayush_raj.21,2142,1631,1626
amirhoseinfar1385,2165,1266,1358
Farsh_LE,2170,1579,1586
DJeniUp,2208,1846,1785
earl_of_byteland,2208,1900,1826
Mohammad.H915,2248,2138,2007
prostochill,2263,1748,1709
siddhugzp,2267,2010,1907
oursaco,2274,1619,1611
zacharychao,2275,1653,1637
limabeans,2281,1849,1785
XFish,2282,678,1030
asdkjc,2300,1917,1835
-is-this-fft-,2351,2377,2189
manizare,2353,1444,1477
Valera_Grinenko,2362,1961,1865
swiftqwq,2389,2000,1894
txingml,2405,2224,2067
nitss9,2405,1740,1696
thanhchauns2,2426,1712,1674
taran_1407,2457,2106,1972
lukameladze1,2489,2072,1945
polosatic,2493,1533,1536
KazmetreD,2510,1419,1451
Yahia_Emara,2522,1220,1307
DarLam,2535,2016,1900
ParsaDox,2535,1319,1377
kefaa,2561,2178,2024
The_Hallak,2573,1614,1594
umezo,2585,1871,1787
magnuseifr,2590,1560,1552
Tsovak,2620,1527,1526
tredsused70,2626,1595,1577
dbaumg,2626,1335,1444
Zeardoe,2647,1281,1344
SGColin,2665,1772,1709
inventiontime,2681,1436,1456
FzArK,2681,1427,1449
XaRDKoDblCH,2704,1497,1500
Performanceartist,2743,1914,1814
socpite,2758,1858,1771
sashko123,2771,1451,1463
leo020630,2771,2008,1885
Irmuun.Ch,2793,1678,1633
AsukaSaito,2805,1264,1325
Fly_37,2834,2167,2005
gs20036,2834,1638,1601
Arayi,2850,2441,2221
Nahian9696,2860,1190,1270
Setsuna,2860,1934,1825
18o3,2875,1487,1485
Camillus,2899,1877,1780
RedMind,2924,2123,1968
exhausted,2930,1296,1343
tedi_2.0,2962,1635,1594
thisIsMorningstar,2970,1562,1539
CodigoL,2978,2217,2039
AboAbdoMC,3007,1863,1765
Eliaster,3007,1562,1537
tyr0Whiz,3028,1527,1510
Andycraft,3073,1807,1721
brobat,3087,1715,1650
mjtai,3139,2047,1901
Kolychestiy,3146,1488,1476
BenjaR,3179,2003,1866
HpSuda,3187,1530,1544
Zanite,3211,1722,1651
tolbi,3226,1362,1379
alecs,3302,1580,1541
FBI,3331,1431,1427
include_BM,3331,868,1117
NaOH_Frog,3356,1767,1681
NULL0x7f,3377,482,838
anhkha1004,3450,1652,1590
GlowCheese,3539,1758,1668
SK1PY,3606,1278,1340
Resende,3697,2147,1962
kzyKT,3705,2192,1998
milind0110,3712,1573,1521
pwned,3726,1839,1724
Shirotsume,3730,1502,1467
piyush_pransukhka,3805,1654,1580
mily,3846,1403,1388
LoboLobo,3891,1754,1654
perchuts,3905,1112,1231
mark,3919,1305,1312
jtrh,3970,1487,1448
zbceyond,3976,1214,1244
Yousef.Osama,3990,966,1131
overnap,3995,1530,1480
Commonrain,4019,1433,1406
qualdoom,4039,1839,1715
Igorjan94,4039,1846,1721
Nevll,4094,1522,1471
caan_do,4094,1587,1520
AndreyPavlov,4112,1276,1284
PMPuns,4162,1674,1585
Kawaii,4187,1723,1623
tokitsukaze,4306,1733,1627
zwezdinv,4443,1069,1159
YeoBL,4510,1849,1711
gqf123,4519,1269,1266
AST_TheCoder,4580,1974,1805
snasibov05,4626,1705,1597
Issa,4669,942,1083
isirazeev,4770,1454,1400
Shahrad,4776,1195,1203
MaSkA05,4841,1687,1578
berr,4910,1253,1243
bhatnagar.mradul,4922,2047,1854
4qqqq,5018,1697,1581
Riblji_Keksic,5068,1611,1514
Hagry,5068,1324,1292
IzhtskiyTimofey,5077,1454,1391
oceeff,5125,1758,1626
BRABABABABASHKIR,5162,1491,1418
raulandreipop,5277,1079,1102
qsmcgogo,5357,1885,1719
mircea_007,5419,1715,1586
NToneE,5486,1697,1571
Francesco4203,5493,1390,1332
Rodionno,5722,1272,1234
amin2022,5722,1493,1406
ability_66,5779,1047,1125
bananasaur,5905,921,1040
TheRubbish,5920,1751,1604
ethan_enhe,5942,2145,1911
XDEv11,5973,1588,1476
makrav,6058,1021,1036
quanlt206,6126,1339,1276
a.nasretdinov,6277,1536,1428
Rayo,6277,1165,1137
abotaha23,6282,1030,1035
NK_,6309,1646,1515
kimmoqt,6342,434,717
_Satoru,6397,658,867
SMIrrichto,6583,1019,1018
kriepiekrollie,6684,420,698
ThisWasUnplanned,6752,353,643
sdyakonov,6946,1503,1389
FlowRays,6993,1432,1331
Gogolev,7126,1058,1119
ezraft,7148,1390,1291
nichke,7286,1611,1432
OG_Matveychick1,7286,1532,1367
kaztayev,7286,889,794
magga,7286,2166,1877
abisheka,7286,1990,1737
MinaRagy06,7286,1007,904
swapnil159,7286,2013,1755
ItsLastDay,7286,1816,1598
parsa-golestani,7286,1009,905
honey,7286,1109,997
MISM06,7286,791,702
Danilo21,7286,1251,1124
Java,7286,1697,1503
coong,7286,1275,1146
sergeev.PRO,7286,1438,1287
Dolce_Banana,7286,1201,1080
iliaaaaa,7286,0,359
