handle,rank,oldRating,newRating
kerm21,2,1280,1811
SkqLiiiao,6,1676,2009
unordered_map,7,1878,2088
Mathematiker,9,1846,2060
CoachDanke,11,1864,2124
LovelyEther,12,1685,1992
trainerherp,20,1772,1977
DAleksa,25,1687,1906
The_Hallak,26,1762,1955
sinus_070,27,1879,2035
SmolBrain,30,1797,1972
DJeniUp,34,1842,1998
blitztage,38,1828,1982
PoustouFlan,39,1795,1958
zenman,42,1836,1982
erankyun,53,1727,1893
IBory,58,1633,1827
Eddard,60,1893,2005
CReaper1116,74,1672,1841
Cegax,85,1890,1988
devans,86,1617,1851
Santa_Maria,87,1885,1983
HOLlC,99,1842,1947
magga,106,1888,1977
leeminhduc2,121,1801,1909
EN_SA,139,1773,1886
maks_matiupatenko,144,1838,1931
Max_s_xaM,147,588,1140
Knowledge_LLZ,155,0,716
systy,156,1777,1884
geruome,161,1805,1902
Tatsuyaaaa,162,1839,1926
yangster67,168,1889,1960
LSTM__,169,1663,1800
HugeWide,176,604,1140
1459007298,177,1855,1932
nvllable,184,1720,1835
valeriu,185,1702,1822
lorenzoferrari,198,1774,1868
Stefan2417,200,1816,1898
brobat,201,1713,1824
TheRubbish,203,1685,1805
willy108,205,1836,1910
D0min0,206,1850,1920
k1sara,212,1816,1893
swapnil159,212,1813,1891
AhmetKaan,216,1655,1780
Abdel-AzizMostafa,221,1791,1873
MnTm,225,1890,1944
YazanAlattar,226,1817,1891
Robsob,229,1578,1723
andreyDagger,239,1605,1739
aymanrs,241,1840,1904
plevande,247,1876,1928
anhkha2003,257,1642,1759
robivirt,267,1747,1831
lis05,269,1751,1833
juraws,269,1702,1799
Richw818,276,1834,1891
khangai11,290,1832,1887
Riblji_Keksic,308,1560,1693
0-jij-0,313,1720,1803
The-Winner,313,1566,1696
Kawaii,317,1760,1831
tokitsukaze,321,1606,1722
prostochill,328,1890,1922
Deep_Cold,339,1803,1857
nawa,355,1871,1904
turkhuu622,359,1765,1827
xzc0920,363,1733,1804
Emotiona,366,1866,1899
gqf123,379,1591,1701
RP-1,385,1860,1892
HMAXS,393,1892,1914
Darren0724,397,1756,1814
borgar02,403,1772,1825
fbabic,403,1653,1740
CIXTEEN,408,1692,1768
Irmuun.Ch,413,1791,1838
cdh981009,424,1810,1850
aManwithaVan,481,1766,1810
Valters07,486,1859,1878
fahimcp495,487,1771,1813
qilby,495,1684,1750
Romy67,526,1766,1805
ElyesChaabouni,526,1849,1866
brown_toad,531,1700,1757
Abbess,533,1885,1892
AST_TheCoder,540,1794,1824
Beevo,541,1557,1655
XaRDKoDblCH,541,1589,1678
nitss9,556,1754,1793
127.0.0.1,563,1735,1779
mohamedeltair,566,1848,1861
mechakotik,567,1583,1671
XDEv11,568,1771,1804
Wael_Zaiback,571,1522,1628
tdsb,579,1869,1875
magnuseifr,586,1592,1675
mwen,587,1777,1807
Jackcao,589,1573,1661
HpSuda,596,1699,1750
s_jaskaran_s,608,1835,1847
tch1cherin,642,1501,1606
smalyarovsky,650,1830,1840
mily,657,1354,1505
Scalm,679,1642,1701
Thomas_Top,679,1646,1704
18o3,690,1619,1684
Ahmed_Salah7,691,1650,1706
LXl491214,717,1791,1867
snasibov05,717,1843,1844
Xc4l16r3,727,1856,1853
CaMOUFlage,729,1858,1854
Rebirth,751,1632,1688
ahmad_alghadban,754,1849,1846
sdyakonov,764,1521,1608
Uzumaki_Narutoo,764,1817,1821
welleyth,770,1785,1797
abisheka,780,1896,1879
ayush_raj.21,785,1556,1631
Chelovek9,787,1525,1609
ElDiablo,820,1886,1868
2020akadaver,826,1818,1817
pepelats,831,1745,1763
YYYLLL2021,851,1693,1724
VenomInVein,867,1829,1822
yangjl,867,1572,1636
Eliaster,877,1391,1509
chiranko,885,635,1058
linlincaleb,900,1805,1803
Celtic,917,1704,1727
wuruzhao,924,1701,1725
kidw0124,927,1745,1757
BossBobster,928,1799,1796
Andycraft,941,1840,1826
camc,942,1546,1612
HalfQuark,960,1685,1710
omeganot,960,1260,1448
hoainiem,966,1894,1866
yixiuge777,1046,1779,1774
tyr0Whiz,1062,1521,1587
meowcneil,1068,1575,1625
piaoyun,1077,1349,1527
limabeans,1077,1632,1665
IzhtskiyTimofey,1077,1890,1856
wsyear,1085,1722,1730
Teja-Smart,1089,1839,1817
Commonrain,1094,1760,1758
nooooob_KiFaH_HeLaL,1104,1747,1747
hxu10,1190,1798,1780
overnap,1196,1642,1665
shengrang,1211,1776,1763
ApraCadabra,1221,1708,1712
DippleThree,1230,1421,1562
leexzq,1230,1621,1648
sumon123,1233,1303,1425
08kevin,1242,1422,1541
bunH2O,1242,1803,1782
H2J,1249,601,1011
evenvalue,1260,1501,1561
perchuts,1276,1392,1483
AbdelmagedNour,1279,1879,1838
acfinity,1301,1726,1759
TravellingSalesman,1330,1806,1780
Aiburito,1354,1347,1448
Serendipity__,1362,1684,1688
Kirkon,1368,1650,1662
M_bolshakov,1378,1594,1621
Gogolev,1398,1226,1364
xudian,1407,1862,1819
Phantom_Performer,1427,1516,1563
skhan_org,1443,1724,1713
grandahundo,1443,1893,1841
woshiluo,1448,1734,1721
ttsweet,1467,1870,1823
Iam1789,1478,1545,1580
goncharovmike,1502,1648,1655
mark,1520,1375,1458
Max_Calincu,1524,1686,1682
Yahia_Emara,1530,1655,1658
zltzlt,1534,1655,1658
WROwO,1539,1593,1612
preet_25,1545,1389,1502
ezraft,1550,1569,1594
Kaibad,1558,1485,1534
dengtingyu,1588,1519,1616
icyM3tra,1588,1896,1838
Leasier,1600,1604,1618
berr,1600,1398,1470
kwm_t,1609,1805,1768
ssk4988,1614,1436,1532
Loging,1622,1804,1767
pty6666,1642,1666,1662
sweetsc,1654,1776,1744
Ryougi-Shiki,1673,1504,1542
Jellyprx,1710,569,965
hackerbhaiya,1718,1768,1735
Lyamzin_alexandr,1778,1751,1720
syrtin,1780,1792,1752
lovekdl,1805,1042,1272
zulk,1807,1808,1763
zbceyond,1815,1330,1413
tarjen,1828,1748,1716
alex.kudryashov,1834,1627,1625
shdut0901,1848,1827,1776
Good_WeekDay_,1850,1745,1714
Omar_Mohammad,1872,1330,1411
cxhscst2,1876,1579,1589
EnDeRBeaT,1890,1658,1646
jwkim0108,1921,1800,1753
shojin_pro,1949,1776,1734
I_love_Michel_Sardou,1949,1836,1780
sqrfcy,1957,1815,1764
Mirbek,1960,1839,1781
tht2005,1972,1870,1805
Pedestrian1,1980,1796,1748
armish_123_retired,1982,1818,1765
alecs,1988,1521,1542
Beacon,1990,1666,1649
GALA,1997,1864,1800
buidangnguyen05,2000,1899,1827
mQfZ,2005,1549,1562
ShivanshJ,2030,1554,1565
Apachee,2032,1376,1436
awaqwqwqawa,2039,1550,1561
_doctorZ,2042,1118,1316
Sai_t,2045,1658,1641
celin,2074,1500,1524
DreadArceus,2074,1628,1618
cwxzh,2086,1195,1310
anton_h,2093,1743,1704
Shirotsume,2107,1438,1478
sashko123,2107,1636,1622
GSYL,2107,1642,1627
inventiontime,2125,1787,1737
US3RN4M3,2136,1027,1248
windva,2149,1579,1579
Grieg,2170,1416,1459
Awcotn_tct,2221,1438,1473
mknayam,2247,1688,1657
-Syru-,2255,1479,1502
xiaruize,2279,1386,1434
dunda,2282,1809,1749
Yaimsea,2304,1770,1718
KazmetreD,2308,1545,1548
ripity,2316,0,546
Ivan_len,2410,1632,1610
tolbi,2425,1627,1606
Weobe,2432,1674,1641
nguyentunglam,2467,1240,1381
MohamedAliSaidane,2527,1621,1599
ABalobanov,2538,1866,1786
NK_,2584,1733,1682
OctaneC8H18,2633,1566,1554
include_BM,2675,1661,1625
alxwen711,2681,1126,1300
Dukkha,2793,1815,1741
duoluoluo,2846,1702,1652
pwned,2897,1729,1671
fuad720,2925,1478,1481
Cubyte,2940,935,1185
sum,2968,1672,1626
FBI,2993,1319,1364
FreeTimeLove,3003,1533,1519
dbaumg,3024,1581,1556
milind0110,3075,1682,1631
Morisz10,3180,1606,1570
ahshafi,3262,1865,1769
coconut99,3302,940,1180
dsbdsb,3316,851,1114
FzArK,3316,1571,1541
Venty,3403,1800,1715
danieli,3424,0,515
MinaRagy06,3482,1021,1148
konb1,3492,1236,1349
LOL_I_AM_SERZH,3566,1167,1276
BernatP,3628,1673,1612
abotaha23,3654,1169,1241
Probka,3675,1446,1438
Liuxizai,3702,1154,1230
Ertugrul28,3776,1541,1508
zwezdinv,3844,1466,1450
ghoul932,3905,1170,1235
rohit2593,3935,1394,1394
Rodionno,3939,1420,1413
MDSPro,4102,1460,1439
SMIrrichto,4109,1288,1313
Icedpiggy,4111,1447,1494
ability_66,4159,1373,1374
kaztayev,4313,1207,1251
wnmrmr,4336,1649,1580
lddlinan,4387,1876,1759
Sunnatov,4472,1211,1250
WAtoAC2001,4476,1620,1555
thabumi,4476,1683,1604
heaksicn,4476,1264,1324
alpha_kotenok,4490,1787,1686
polosatic,4490,1587,1529
exhausted,4490,1330,1335
isirazeev,4511,1454,1427
yahia,4525,1646,1574
Leaf.Maple,4546,1241,1269
Proofy,4576,1492,1454
Issa,4768,1147,1198
minhnhatnoe,4784,1524,1475
Psiuk_Yurii,4784,1394,1376
anpaio,4812,1200,1270
Himeno_Towa,4880,1474,1435
dragonmuffin,4973,1376,1359
dengziyue,5012,1384,1364
kh0i,5045,1290,1294
wa_233,5081,795,1034
raulandreipop,5081,1260,1271
oceeff,5081,1741,1640
Sokol080808,5272,1338,1325
lichenghan,5334,939,1100
efe0,5817,1147,1175
kgqy,5817,378,719
namolbbaemi,5871,1215,1223
DaiRuiChen007,5940,1220,1225
Hagry,5940,1488,1428
sv1shan,6035,1070,1116
k1r1t0,6035,1129,1157
kriepiekrollie,6124,1288,1272
spongebobsquareroot,6158,1633,1538
Edu175,6206,921,1013
Lingying,6206,1006,1123
ParsaAp,6536,1403,1353
_Satoru,6598,1082,1113
Oscaryang,6661,693,929
psychobot,6703,1677,1567
kimmoqt,6816,1145,1154
Gice,6986,1093,1188
chenjunxiu,7183,1082,1102
MateiKing80,7270,1288,1253
ThisWasUnplanned,7309,1198,1222
TimDee,7415,1065,1146
princeee,7597,476,766
jmyszka,7597,896,1019
Nika533,8130,1202,1175
ByeWorld512,8217,813,956
HakuroKawashiro,8941,1535,1427
Do_not_make_friends,8997,668,874
parsa-golestani,9060,1221,1175
pecksniff,9104,874,988
wishgoodluck,9121,1139,1177
Mercy.,9197,0,423
sunyuheng365,9359,412,692
avnithv,9492,0,419
LucaLucaM,9510,1130,1098
rfhalb,9764,922,1000
_Gawd_,9857,440,708
Lalic,9874,1087,1060
AnasMaged,10169,838,930
Msstt,10232,0,411
rtckyw_,11696,1076,1023
Pols_Agyi_Pols,11720,900,952
alexdd,12051,1406,1289
Psychotic_D,12112,587,765
Esomer,12308,395,643
EgorUlin,12467,905,942
scotchtape,12585,1205,1114
Hibari_,12807,972,1018
Abdulrahman27,12876,375,619
FatihCihan,13002,382,624
UhahaUhaha,13350,1303,1188
MridulAhi,14702,0,365
__chtholly__,15448,0,352
