handle,rank,oldRating,newRating
disorientation,3,915,1575
Numbering,6,2037,2253
hydro-bot1,11,1216,1741
return20071007,12,791,1437
kerm21,13,1991,2241
I_love_Michel_Sardou,17,1816,2050
unordered_map,21,1856,2066
usuyus,26,2017,2173
magga,28,2000,2156
K_tian,36,1983,2187
bobbilyking,38,1987,2130
Mbfibat,40,1937,2092
magamed228,41,823,1395
Weierstrass,43,2091,2197
Dukkha,44,1809,1999
jimm89,48,1994,2122
geospiza,49,1711,1927
BlueBottle,51,1992,2117
AQil,54,2054,2158
GSYL,57,1789,1971
zlc1114_v2,59,0,805
lucyintheskywithdiamonds,61,1861,2017
Qwerty1232,70,2099,2179
KING_OF_TURTLE,72,2097,2176
Ran,75,1895,2030
Mitsubachi,77,2070,2153
XAXAEBATb,78,2082,2161
yangster67,79,1948,2064
STommydx,80,2009,2107
andrei_boaca,83,2078,2155
mbolgov,85,2052,2135
MatrixGroup,88,2036,2122
Kawaii,92,1975,2076
yanire,93,1986,2083
Jackylkk2003,94,2064,2136
Raiden,94,1856,1989
Lemur95,94,1919,2033
eepsilon,98,2092,2156
200815147,99,2055,2128
MagentaCobra,103,2066,2135
ikaurov,110,2084,2144
li0201,113,2071,2133
lethan3,118,1965,2055
iamnifer,119,2039,2107
ScarletS,120,2094,2147
chuchu,121,1826,1956
Igorjan94,126,1946,2038
ilovevoi,132,1146,1543
YXH_XianYu,136,1839,1958
brobat,137,1841,1959
Misuki,138,2093,2138
tarjen,141,1840,1956
Sweezy,141,1969,2047
psoet,145,2064,2115
IvanBorquez,148,2094,2136
TravellingSalesman,151,1908,2001
Maezra6,153,1929,2015
brown_toad,154,1757,1894
catforces,159,2023,2080
dsolunov,163,1975,2044
fc614,165,1198,1584
SorahISA,167,2058,2103
Yzm007,168,2079,2118
Chel_2,169,1626,1799
achvanov,170,2075,2114
Max_Calincu,172,1650,1814
Daniel777,178,1784,1904
hocky,183,2015,2067
_LPF_,187,1021,1455
induk_v_tsiane,190,1898,1980
XfarawayX,193,2057,2095
NaOH_Frog,195,1879,1965
overnap,198,1756,1878
dungdq,203,1858,1949
chiranko,207,1834,1966
danbanica,207,2020,2064
Emotiona,209,1892,1971
Dragnoid99,214,1512,1706
r57shell,219,2002,2047
Leonard,230,1944,2003
JhonnyZaz,236,2025,2060
Yoav,239,1994,2037
Newtech66,240,1627,1777
leexzq,244,1741,1855
sduJN_public,245,0,720
skicean,245,1949,2003
GeoCalibur,251,1874,1947
ParsaDox,254,1764,1869
thabumi,258,1612,1762
spongebobsquareroot,261,1606,1757
lddlinan,264,2037,2063
IvayloS,264,2078,2093
hiromi_ayase,264,2056,2077
Kaibad,268,1750,1856
I_love_geom,270,1964,2008
djs100201,272,2027,2054
wsyear,272,1852,1927
5ab,274,1988,2025
guperman,275,2002,2035
kohandy,278,2063,2080
NusGhy,287,1693,1812
maks_matiupatenko,288,1866,1935
Anastasia_Yun,289,1865,1934
wavelets,291,1772,1867
Atomic-Jellyfish,293,1929,1978
Mediocrity,299,2056,2070
geruome,303,2098,2101
petamingks,305,1568,1721
DanielixS,307,1985,2016
Kripton2005,316,1991,2020
Tsovak,318,1881,1939
coconut99,319,1770,1860
mwen,325,1807,1885
Thallium54,327,2063,2070
zhaohaikun,329,1957,1992
xzc0920,330,1794,1874
__jk__,333,2012,2032
lxhgww,333,1938,1977
Priyansh31dec,335,1960,1994
BreakPlus,336,1677,1791
gleb.astashkin,339,1941,1979
Alon-Tanay,344,0,698
Setsuna,354,1981,2006
xuanxuan001,357,1913,1956
Yomapeed,361,1841,1902
earl_of_byteland,361,2018,2032
TaishangLaojun,366,1647,1829
happypotato,367,1923,1962
Stelutzu,368,2080,2077
Bedoo,372,1982,2004
OctaneC8H18,375,1554,1698
panda211panda,376,1863,1916
ofrankel,380,1850,1907
Code937,394,1827,1887
omikad,394,1872,1919
myoi0905,400,1864,1913
fanfly,407,2080,2072
preet_25,413,1647,1757
dsbdsb,416,1579,1708
I.Gleb,418,1841,1893
s_jaskaran_s,418,1838,1892
eggag32,432,1877,1918
aniketjain0317,436,1808,1867
eroengine,440,1703,1793
Radin_Zahedi,443,2066,2056
Tatsuyaaaa,443,1908,1939
xudian,448,1998,2005
snasibov05,455,1928,1952
Karashi,460,830,1265
windva,464,1703,1789
RockSnow,467,1806,1862
ssk4988,467,1616,1727
linlincaleb,470,1870,1908
CharlieV,475,0,676
Htmt,485,2089,2069
MvKaio,486,2018,2016
Duck_sajin,487,2046,2036
Astronomax,489,1588,1704
gen,493,2082,2062
CaMOUFlage,497,1816,1865
polosatic,502,1547,1674
nnv-nick,503,1734,1806
balakrishnan,515,1842,1882
towrist,524,1963,1970
plevande,528,1843,1882
__declspec,534,2058,2040
18o3,534,1734,1802
egge,538,1838,1876
555,548,2005,1998
Boa_Hancock,551,1443,1596
ToniB,555,1729,1795
NoneBound,557,1696,1772
yyyz04,559,2017,2006
jucason_xu,566,1450,1598
SlavicG,568,1801,1846
1136899240,572,1797,1843
defnotmee,574,1978,1976
Venty,577,1715,1783
HpSuda,578,1639,1729
psychobot,581,1624,1718
Shirost,582,1828,1864
dimss,589,1956,1958
anton_h,592,1668,1748
gupta_samarth,594,1862,1888
ParsaS,594,1741,1800
PenPineappleApplePen,622,1505,1630
Emilan,626,2033,2012
contestat_al_haiaa,633,1749,1802
perchuts,636,1534,1648
monologue,638,1687,1757
ttsweet,639,1983,1973
Iam1789,639,1649,1729
khangai11,644,1638,1721
ApraCadabra,646,1727,1784
CIXTEEN,648,1816,1849
DiegoGarcia,650,2011,1994
mc._cari,664,1841,1866
vvyixel,665,1822,1852
Esquire,668,1935,1934
harsh__h,668,2008,1990
Jarif_Rahman,672,2046,2018
hxu10,673,1821,1850
libobil,681,2040,2012
DylanSmith,688,1924,1925
kwm_t,691,1889,1898
codicon,692,2006,1986
Nahian9696,695,1424,1565
golions,699,1835,1857
Yaimsea,704,1873,1885
codr0,714,1893,1899
BabaVoss,716,1859,1874
CSQ31,727,2072,2033
snacache,747,2036,2005
mQfZ,749,1640,1711
unlock,758,739,1167
Riblji_Keksic,758,1772,1806
ElyesChaabouni,765,1782,1813
Awcotn_tct,769,1758,1795
Genius_dream,772,1545,1642
IzhtskiyTimofey,774,1793,1821
caan_do,786,2048,2010
Nevll,795,1682,1738
D0min0,797,1779,1808
SaMuEl0516,810,722,1151
timreizin,813,1940,1927
mafailure,815,1975,1953
Celtic,827,1727,1768
OMG_wc,834,1960,1941
BossBobster,837,1935,1922
ahihi1234,842,1305,1470
WAtoAC2001,851,1511,1611
Ferume,852,2029,1992
blitztage,858,1886,1883
flamestorm,861,1735,1771
NRolly,865,1921,1908
RohitRKS,871,1799,1817
adepteXiao,872,1489,1594
HugeWide,874,1960,1976
nanatoday,878,2048,2004
AbdelmagedNour,880,1888,1882
Rushroom,882,1606,1676
sinus_070,888,1939,1920
Jeuti,888,2043,1999
kamilszymczak1,891,1837,1844
vodacbaoan,898,1933,1915
oadey89,900,1887,1880
Agnus,902,1940,1920
DaNeK0201,902,1638,1697
Richw818,911,1891,1882
Doru,913,2030,1988
Imdie,916,1778,1798
pwned,916,1601,1670
Hank2019,920,1630,1690
aryan12,923,2051,2003
espr1t,926,1992,1958
sdyakonov,930,1580,1653
ElDiablo,938,1701,1740
dengziyue,940,1492,1590
1459007298,943,2026,1982
KazmetreD,945,1621,1682
LetterC67,948,1906,1892
Shirotsume,951,1626,1685
Eddard,951,1964,1935
pty6666,959,2010,1969
M_bolshakov,959,1643,1696
ilovemymind,963,1919,1900
a.nasretdinov,969,1541,1623
-2x9_21-,973,1968,1937
verngutz,977,2057,2005
socpite,979,1896,1882
gs20036,983,1932,1908
abisheka,983,1907,1890
miscalculation53,991,1906,1889
tch1cherin,1002,1597,1660
TKT_YI,1010,2085,2024
turkhuu622,1013,1658,1703
izhang,1022,2005,1962
ShivanshJ,1041,1647,1693
Shahrad,1041,1491,1582
SK1PY,1045,1586,1649
Xc4l16r3,1045,1853,1845
TwinHter,1051,1699,1730
WillTheBill,1055,2018,1970
awaqwqwqawa,1058,1757,1772
Chelovek9,1060,1682,1718
atakanysr,1069,1878,1863
Performanceartist,1071,1930,1901
Zain,1077,1783,1791
GILGAMESH,1091,2087,2021
mkawa2,1095,1837,1830
shadow9236,1102,1829,1823
umezo,1102,1835,1828
hanchangseo,1122,1734,1751
Commonrain,1122,1930,1898
ABalobanov,1122,1942,1907
Otomachi_Una,1122,1339,1531
Kirkon,1130,1691,1719
Namine,1142,1748,1761
Vectors_Master,1148,2061,1998
Aiburito,1159,1461,1552
DeMen100ns,1159,1911,1882
Spitfire_F_Mk_24,1159,0,610
g_x_j,1164,1926,1893
__Linh__,1168,1972,1928
oursaco,1182,1742,1754
erankyun,1188,1834,1822
mishanya_stulov,1193,1808,1802
dengtingyu,1204,1670,1700
mr.kolya,1209,1969,1924
andreumat,1212,1851,1834
Scalm,1219,1688,1712
Bobrosoft,1221,1773,1774
nitss9,1235,1782,1781
ikefumy,1244,1919,1884
bcollet,1248,2001,1946
GlowCheese,1270,1874,1848
Kahou,1270,1591,1638
HeIIoWorId,1274,1940,1898
szdytom,1276,1610,1652
Svyat,1285,1965,1917
127.0.0.1,1294,1789,1782
Rainbow____,1298,1991,1936
DELTARUNE,1304,1748,1751
Plums,1311,1588,1634
parkky,1320,1960,1911
fahimcp495,1347,1859,1833
acfinity,1351,1717,1726
wildfire032,1363,696,1090
H2J,1363,1644,1708
sqrfcy,1367,1865,1836
andreyDagger,1371,1879,1846
fuad720,1385,1553,1603
sergeev.PRO,1385,1512,1574
houren,1394,1430,1573
makrav,1396,1560,1608
martinius,1403,1553,1603
MarioYC,1409,1924,1879
YYYLLL2021,1422,1657,1677
qilby,1437,1750,1745
ctgg,1437,1628,1656
Lacheck,1447,1746,1742
pasa3232,1447,2074,1993
dino_merlin,1470,1735,1733
_Purslane_,1496,1711,1714
kidw0124,1501,1757,1748
Leasier,1511,1561,1603
limanjun,1531,2088,2001
mechakotik,1531,1714,1714
sashko123,1543,1520,1571
ItsLastDay,1543,1760,1748
kgqy,1548,1217,1393
yupooh,1548,1681,1689
ruhan.habib39,1554,1974,1911
CReaper1116,1554,1713,1712
andrewtam,1570,2054,1972
vladislav11,1577,1902,1855
Wandoka,1584,1744,1734
GALA,1584,1910,1860
xzzduang,1584,1935,1879
Ryougi-Shiki,1584,1512,1563
MtSaka,1595,1943,1885
bibikov1,1595,1286,1466
pepelats,1595,1703,1703
buidangnguyen05,1595,1881,1838
woshiluo,1622,1743,1732
Sai_t,1628,1578,1609
Abbess,1631,2036,1956
Loging,1650,1761,1744
Deep_Cold,1660,1806,1778
Wizard_of_Orz,1663,1529,1571
Acfboy,1686,1865,1822
chenyitaoooo,1686,1002,1288
-messi-,1692,1835,1798
brenner1,1701,1716,1708
berr,1712,1469,1526
gigabuffoon,1733,1926,1866
satyam343,1743,1922,1863
ability_66,1752,1375,1457
Alfeh,1770,1846,1804
IBory,1773,2027,1944
GrandTiger1729,1782,1609,1625
konb1,1799,1245,1365
Ertugrul28,1825,1566,1591
Ama_no_Jaku,1831,1969,1896
AST_TheCoder,1831,1846,1801
MarcosPauloEvers,1850,1619,1629
Ahmed_Salah7,1892,1819,1778
mkisic,1902,1851,1802
ayush_raj.21,1914,1605,1616
Paul_Liao_1457,1914,1931,1863
siddhugzp,1930,1707,1692
tdsb,1962,1706,1690
hackerbhaiya,1965,1685,1673
mknayam,2045,1707,1687
HaPpY1213,2093,1335,1413
zwezdinv,2097,1493,1526
praying_cqf,2101,1857,1800
xiaruize,2124,1329,1407
timg8710,2153,1527,1549
BladeRunner,2168,1158,1289
Serendipity__,2189,1744,1710
_no0B,2214,2025,1928
icosahedron,2214,1918,1843
owoovo_shih,2261,1183,1335
amirhoseinfar1385,2270,1627,1619
Pedestrian1,2327,1941,1858
Warma_Cute,2337,1562,1568
zhouyuheng2009,2337,1367,1426
FBI,2367,1471,1500
sunyuheng365,2388,1120,1306
wuruzhao,2427,1790,1737
zwh2008,2452,911,1189
valeriu,2464,1822,1761
Ztin,2501,1895,1817
DimaTomsk,2558,1879,1802
kuzmichev_dima,2567,2094,1972
cdh981009,2602,1884,1805
kiomi,2638,1937,1846
thisisis,2645,1037,1243
Beacon,2702,1700,1660
syrtin,2766,1962,1862
Gzhibovsciy_Arseniy,2813,1531,1529
784,2834,1464,1479
Mirali777,2837,1410,1439
alxwen711,2862,1481,1527
ExpectoPatronum,2879,1912,1819
Hasan0540,2946,1874,1788
namolbbaemi,2946,1445,1461
XaRDKoDblCH,2971,1707,1658
mohamedeltair,2999,1706,1656
Thomas_Top,3020,1828,1750
BRABABABABASHKIR,3036,1700,1651
tuxuanming2024,3039,1060,1246
User_Carrot,3050,1834,1754
Lyamzin_alexandr,3065,1756,1693
Proofy,3091,1574,1554
Leaf.Maple,3111,1355,1391
vok8,3144,1934,1830
sam571128,3172,1981,1868
heaksicn,3223,1431,1443
FzArK,3229,1497,1492
Tricopter,3246,1286,1337
Max_s_xaM,3357,1140,1335
sv1shan,3367,1205,1276
zltzlt,3373,1956,1843
tht2005,3441,1792,1712
TimDee,3507,1288,1331
LinkWish,3512,875,1101
L_Wave,3538,896,1115
Ivan_len,3620,1626,1580
misaka18931,3804,1843,1745
Iratis,3921,951,1177
Shayan86,3933,0,507
zbceyond,4008,1393,1394
molney,4100,1216,1264
Linqi05,4101,2058,1912
zacharychao,4103,1865,1756
gqf123,4122,1513,1482
The-Winner,4147,1696,1622
yixiuge777,4160,2038,1894
kriepiekrollie,4172,1352,1360
trainerherp,4176,1933,1809
onetap,4185,1378,1379
Penguin07,4192,1722,1642
Lihwy,4230,1863,1752
Eliaster,4239,1737,1653
alecs,4246,1542,1501
Hagry,4250,1503,1472
piyush_pransukhka,4260,1716,1635
The_Hallak,4269,1942,1815
08kevin,4276,1624,1564
armish_123_retired,4291,1854,1743
XDEv11,4328,1841,1733
876pol,4328,1820,1716
Nika533,4354,1330,1339
CyberCow,4366,1557,1510
salyg1n,4399,1978,1842
cwxzh,4420,1448,1426
AA_Surely,4465,1634,1568
omeganot,4472,1511,1473
skhan_org,4472,1727,1640
1075508020060209tc,4472,1418,1402
toniskrijelj,4483,1999,1857
Nuris,4493,1308,1319
yangjl,4547,1603,1542
tokitsukaze,4562,1684,1605
Pazio,4573,1892,1769
ripity,4606,1177,1294
Farsh_LE,4682,1475,1441
wzc_IOI_czw,4682,560,879
Mirbek,4735,1856,1737
include_BM,4754,1735,1641
thisIsMorningstar,4754,1826,1713
shojin_pro,4850,1700,1612
sumon123,4866,1403,1382
ciuim,4908,0,486
Dolce_Banana,4918,1460,1425
DreadArceus,4947,1754,1653
Clan328,4947,1587,1522
cuddly,5019,991,1084
aManwithaVan,5039,1836,1716
Rodionno,5062,1399,1376
kingmessi,5092,1005,1154
manizare,5092,1393,1370
jliu12,5131,1422,1391
sum,5131,1626,1549
_Gawd_,5387,872,1050
MridulAhi,5492,1048,1178
nikuradze,5573,1397,1363
Abdulrahman27,5580,1083,1167
amcbn,5615,1287,1279
Omar_Mohammad,5634,1495,1438
dbaumg,5765,1587,1507
abotaha23,5819,1241,1241
Petroleumus,5908,0,467
tolbi,5960,1578,1497
Yahia_Emara,5965,1599,1513
Ush1su,5987,1413,1368
mark,6036,1458,1402
Aestivate,6135,634,892
Esomer,6392,982,1099
ByeWorld512,6418,1170,1176
anpaio,6473,1382,1336
kimmoqt,6531,1128,1143
NK_,6650,1626,1525
Ahmed57,6736,1321,1284
hakaishin_3181,6767,890,1034
Msstt,6772,931,1065
Issa,6787,1265,1240
Wansur,6842,922,993
Abito,6977,1106,1118
jiangzimi2008,6997,386,702
jasmin_studer,7123,1237,1251
fast_photon,7137,809,1007
AmirAli-Asgari,7234,575,846
bugmaker3243,7353,0,443
danx,7421,903,966
Art.ogo,7514,0,440
snowy2002,7547,436,732
kaztayev,7605,1256,1219
rohit2593,7969,1333,1273
Psychotic_D,8033,1082,1117
t0mmyn,8119,475,754
AnasMaged,8250,1042,1046
coder_supreme,8358,415,703
edogawa_something,8373,1430,1344
Mr_Ell,8492,1032,1097
nocap,8540,1440,1501
bruhify,8548,1481,1383
dshindov,8548,2005,1813
Lol2004,8566,1530,1422
Gogolev,8566,1280,1221
klimmek55,8566,2012,1818
akshaykhandelwal,8678,1889,1714
ParsaAp,8678,1520,1412
parsa-golestani,8748,1279,1217
scotchtape,8829,1114,1086
dolbaeb,8985,0,417
Erinyes,9539,453,715
Gamal74,10300,376,642
yellowtoad,10592,0,398
areke,11097,1660,1502
Queue,11739,1157,1115
Mohamed308,12365,668,816
Resende,12409,1873,1662
Vassu05,12409,0,359
