handle,rank,oldRating,newRating
Oler_kzc,2,2014,2300
Konjac114514,3,1778,2141
Dibu20150208,10,1862,2134
Awcotn_tct,13,2083,2227
114514,14,1917,2142
salyg1n,16,2067,2206
ak-group,18,1978,2137
Fairy-kaka,20,1878,2098
by_chance,22,1553,1874
fc614,23,2064,2187
akshaykhandelwal,24,1941,2094
Performanceartist,24,2060,2178
kuzmichev_dima,24,1948,2099
6ziv,31,1845,2021
SanguineChameleon,32,2097,2196
xzc0920,34,1901,2055
lsantire,36,2087,2182
Misuki,38,1987,2109
BlackAnt,41,2066,2162
KingOfDiamonds,42,1428,1798
xuqijie,43,2065,2158
magga,43,2090,2176
danbanica,50,1967,2081
KKT_89,54,1966,2078
caan_do,55,1918,2042
dunda,59,2036,2123
xindubawukong,66,2036,2118
Alon-Tanay,67,2077,2147
alexwice,68,2086,2151
klimmek55,68,2007,2094
Abdel-AzizMostafa,71,1995,2085
Tairitsu_Meow,72,1640,1838
Kira_1234,74,2088,2150
asafiul,74,2054,2125
djs100201,77,2072,2136
arvindr9,79,2077,2139
maks_matiupatenko,80,1921,2027
wangjinbo,82,1840,1969
CSQ31,83,2024,2098
tredsused70,83,1742,1899
dushenkov,86,2055,2118
Mr_yqz,86,1732,1891
qualdoom,88,1834,1960
Java,92,1841,1962
kamilszymczak1,92,2031,2097
xxh1999,94,1883,1990
AboAbdoMC,94,1807,1937
ilovemymind,97,1917,2012
PoPularPlusPlus,97,1981,2058
Temirulan,97,1674,1844
polosatic,100,1660,1833
Chime,106,1794,1922
vladislav11,108,2082,2126
gohan123,112,1922,2008
PenPineappleApplePen,116,2002,2064
i209M,122,1747,1881
Pedestrian1,124,2048,2093
dumb_boi,124,1790,1909
RP-1,128,1971,2036
welleyth,131,1806,1918
ttsweet,134,1915,1994
mjtai,134,2041,2085
4qqqq,136,1874,1964
chuchu,136,2099,2126
awaqwqwqawa,139,1877,1964
AST_TheCoder,139,1842,1939
Ama_no_Jaku,139,1988,2044
YunQian,139,1983,2040
Ahmed_Salah7,144,1732,1862
dimss,146,2042,2082
scopeInfinity,149,1758,1876
BaXij,149,1998,2046
sam571128,149,1920,1990
aManwithaVan,157,1725,1851
penguin133,160,1640,1792
cwxzh,160,1482,1684
rishit3234,163,1966,2020
Aria_D,169,2001,2044
oiocha,175,1591,1751
lukameladze1,182,1955,2005
DippleThree,182,1741,1853
butterfly-to-be,182,1720,1838
satyam343,182,2047,2072
Himeno_Towa,189,2060,2081
sedev57,193,1977,2019
wuruzhao,197,1537,1707
demantarnir,197,2033,2058
Timur2006,197,1603,1753
Elizabeth.H.York,197,1194,1551
rtckyw_,197,1703,1822
shaosy,204,1687,1810
zulk,207,1816,1899
dranjohn,207,2064,2079
propane,213,1918,1971
lis05,216,1703,1817
jakao,222,1899,1955
volkov179,222,2029,2050
acfinity,225,2046,2061
AngrySeal,234,1914,1963
GlowCheese,243,2095,2093
YouKn0wWho,243,2078,2081
r57shell,243,1971,2002
joelau,248,1990,2014
enslaved,248,2041,2052
thisIsMorningstar,255,1587,1727
DeMen100ns,258,1901,1948
SK1PY,258,1612,1743
Spitfire_F_Mk_IX,258,2081,2080
CyberCow,267,1733,1826
MrNachoX,267,1874,1927
purinliang,270,2071,2070
Kaibad,270,2006,2022
saftig,275,2019,2031
menborong,284,1936,1968
Antiamuny,284,1929,1962
Egakrut3,290,1581,1714
KoreaL2KStRiKe,290,1580,1769
Cu_OH_2,295,1438,1615
Yoav,309,1844,1896
otoshigo,309,1786,1854
zhouyuheng2009,309,1639,1750
kzyKT,315,2036,2036
perchuts,315,1715,1804
Emotiona,318,1909,1941
borgar02,318,2050,2046
Jeuti,318,2076,2065
xuanxuan001,325,2089,2073
real_pegasus,325,1828,1882
vodacbaoan,331,2019,2021
houren,331,1795,1857
AndreyPavlov,342,1709,1793
khangai11,342,2083,2066
t98slider,342,2070,2056
jpetrovcic,353,2096,2075
ParsaDox,376,2040,2029
srikkanthr,380,1924,1942
Kniaz,380,2008,2004
AmirAli-Asgari,380,1556,1678
siganai,380,2050,2036
Ivan_len,390,1938,1951
earl_of_byteland,395,1955,1963
M_bolshakov,395,1672,1759
Shirost,400,1959,1966
STOPTHEWAR,400,1413,1636
RegenFallen,406,1747,1810
guperman,408,1975,1977
Otomachi_Una,411,2094,2065
Arnob,411,1673,1756
harsh__h,411,1847,1881
lexiyvv,419,1999,1992
YazanAlattar,422,1940,1949
pill,425,1972,1971
shobonvip,425,1965,1966
Lavine,431,1933,1942
MridulAhi,431,1640,1730
snowy2002,436,1832,1867
Zain,436,2033,2016
Nelson_loh,436,1973,1971
windva,441,2065,2040
catforces,441,1980,1975
rabbitsthecat,446,1909,1922
casual11,446,1960,1960
Darren0724,453,1893,1910
Sempr,460,1665,1744
myau_c,460,2045,2022
curly_braces,465,1898,1912
ripity,465,1474,1609
shinchankosen,465,1944,1946
Giga_Cronos,468,1700,1768
firstin0907,470,1891,1906
thisisisis,475,1847,1934
Resende,477,1754,1805
oursaco,480,1797,1835
ExpectoPatronum,480,1893,1906
konbi,480,1108,1435
Hile_Meow,480,2054,2027
ComplexPug,504,1746,1795
Newtech66,509,1580,1677
LeoSama,512,1743,1793
LoboLobo,512,2046,2017
umezo,525,1845,1866
little_aurora,528,1693,1755
ahshafi,529,1937,1933
Wilson_Inversion,540,1713,1768
Sweezy,545,2069,2031
Cubyte,552,1853,1869
nghethuat102,552,1681,1744
huangxw,565,1871,1880
Apachee,567,1678,1740
Kawaii,581,1633,1706
yz_,581,2079,2035
pty6666,581,1868,1876
__Linh__,581,1998,1974
ewirlan,588,1724,1770
Uzumaki_Narutoo,590,1751,1790
Shirotsume,593,1541,1639
Bedoo,593,1837,1852
GreenHanHan,596,1953,1938
lddlinan,596,2097,2047
Wael_Zaiback,599,1701,1752
VolkovMA,599,1915,1909
KroosTheKeenGlint,599,1888,1966
SmolBrain,603,1939,1926
Stefan2417,607,1736,1776
turkhuu622,607,1900,1897
Commonrain,607,1952,1935
Thallium54,607,1958,1941
Wangxueyi,613,1583,1666
kishtarn,613,1986,1961
man_of_learning,613,1671,1729
Fyind,619,1851,1859
StrawHatWess,619,1935,1921
Asd_Okuu,627,2028,1991
jiangbowen,627,1015,1351
swapnil159,632,1972,1949
Venty,639,1884,1882
Tsovak,639,1719,1761
Missyou,642,2093,2039
ParsaAp,642,1817,1832
Tom66,642,1891,1887
Max_s_xaM,642,1631,1696
VasyaMer,642,1772,1798
nawa,642,1961,1939
farmerboy,650,1982,1955
quanlt206,650,1674,1727
altgifted,658,1785,1807
Proofy,665,1771,1795
HeartBreakerKid,665,1830,1901
tokitsukaze,676,1751,1780
panyan7,684,1943,1922
duoluoluo,684,1817,1827
oadey89,692,1860,1859
RakibJoy,692,1621,1684
balakrishnan,704,1823,1831
amirhoseinfar1385,713,1981,1948
milind0110,713,1888,1878
De-Bug,720,1873,1867
akua,725,1333,1479
nikuradze,725,1591,1660
abhidot,725,2061,2008
Boboge,737,2074,2017
eepsilon,737,2074,2017
ghoul932,737,1585,1654
Francesco4203,752,1608,1669
luicosas,752,1611,1671
fahimcp495,752,1928,1905
AQil,752,2087,2026
isaachew,766,1707,1739
SMIrrichto,782,1460,1561
spongebobsquareroot,800,1801,1806
robertoeugenio,800,1732,1755
ahihi1234,800,1669,1709
MahmoudAshour,810,1601,1658
lzoilxy,810,1957,1922
anhkha2003,810,1983,1942
placik,810,1776,1787
dyktr_06,821,932,1273
panda211panda,821,1869,1854
include_BM,821,1945,1912
DimonKrutoi,821,1766,1778
Iratis,821,1483,1573
sumon123,821,1603,1659
TheQuantiX,836,1745,1761
nanoblob,836,1755,1769
mohamedeltair,836,1798,1801
lsj2009,845,1320,1493
Xc4l16r3,859,2021,1967
XDEv11,859,1735,1752
profchi,867,1803,1802
dsolunov,867,1823,1816
ShivanshJ,867,1480,1567
STommydx,867,1974,1931
YYYLLL2021,880,1820,1813
mafailure,880,1905,1877
nooooob_KiFaH_HeLaL,893,1718,1737
Nisanth,893,1867,1848
hackerbhaiya,903,1981,1933
Sai_t,920,1833,1820
ctgg,920,1682,1708
m_rd,920,1877,1853
makrav,920,1637,1676
piyush_pransukhka,945,1758,1763
sunyuheng365,945,1602,1648
IzhtskiyTimofey,958,1965,1917
caustique,974,1599,1644
Alfeh,981,2054,1984
Tobo,981,1398,1500
Geroin,981,1503,1632
kunzaZa183,1001,1073,1332
FlowRays,1001,1472,1551
world_classic,1019,1739,1743
Hectonit,1032,1620,1655
kwm_t,1041,2001,1940
trp_hy,1041,1408,1503
yangjl,1056,1804,1790
limbo16,1068,1714,1722
Mahmoud_Haddad,1068,1967,1912
Ertugrul28,1081,1704,1714
yahia,1081,1764,1758
kaztayev,1081,1367,1472
Nuris,1093,1414,1504
Karashi,1093,1928,1882
sdyakonov,1112,1905,1862
dengziyue,1112,1670,1686
opPO,1124,1663,1681
Badint,1124,1935,1885
Beevo,1147,1720,1721
parsa-golestani,1164,1349,1453
isirazeev,1180,1525,1576
ivanlarin,1195,1601,1631
gs20028,1195,2033,1956
Mercy.,1207,1475,1539
Jonas01234500,1230,1661,1672
thanhchauns2,1230,1857,1820
18o3,1230,1738,1730
FBI,1242,1733,1725
wuhudsm,1252,1713,1710
inventiontime,1264,1972,1905
Chen__HX,1264,1698,1735
GStnt,1264,1794,1770
shakhnoov,1264,1208,1409
Drakkon,1264,1428,1502
juraws,1292,1741,1728
antoniomsah,1315,1618,1636
csegura,1324,1840,1802
Fish_and_Chips,1333,1329,1428
Icedpiggy,1333,1819,1786
HaPpY1213,1345,1696,1692
Tinky-Winky,1345,1709,1701
gigabuffoon,1377,1757,1736
ywjylx,1377,1443,1506
Aiburito,1389,1566,1593
kingofpineapples,1423,1851,1805
CAELO,1423,1854,1807
Ayalla,1434,1605,1620
Joler_,1434,1686,1680
Kolychestiy,1434,1780,1751
koooooooooooooooo,1434,886,1197
Anastasia_Yun,1434,2067,1971
drdilyor,1449,1128,1336
ScarletS,1463,1922,1857
sievra,1474,1838,1792
gs20036,1474,1968,1892
tatata96,1488,1428,1547
yupooh,1503,1648,1648
EN_SA,1503,1968,1892
zwh2008,1527,1634,1637
sv1shan,1537,1608,1617
BRABABABABASHKIR,1549,1618,1623
brobat,1566,2003,1916
jiangtaizhe001,1566,1612,1618
coconut99,1577,1916,1848
cc4414,1577,1979,1897
namolbbaemi,1600,1517,1547
Esomer,1613,1352,1428
induk_v_tsiane,1642,2097,1987
FzArK,1679,1574,1585
molney,1689,1648,1639
Genius_dream,1700,1735,1705
Omar_Mohammad,1721,1414,1467
Thomas_Top,1721,1716,1689
Lyamzin_alexandr,1734,1877,1811
holdit,1748,1952,1869
Sparkle_ZH,1762,1517,1539
nifeshe,1773,1189,1368
IHatePaiu,1786,1359,1483
Ankit_332,1797,1698,1673
dbaumg,1797,1647,1634
3omar_ahmed,1821,483,890
okok,1821,1642,1629
cexesti,1821,1700,1673
volochai,1857,1441,1479
Eliaster,1872,1691,1664
Arturo,1895,1746,1705
qq11123334,1914,868,1137
t0mmyn,1934,1935,1849
dyppp,1951,1767,1719
gqf123,1963,1658,1636
lmqzzz,1975,1771,1721
MatheusAB,2006,1494,1549
GrandTiger1729,2083,1921,1833
a_little_cute,2083,1284,1358
Trial_light,2119,1309,1374
Rayo,2136,1271,1346
wdnmdwrnmmp,2179,1346,1434
Mkswll,2195,743,1060
Itachi_Uchiha13,2210,387,805
sashko123,2226,1629,1605
Nevll,2230,2062,1939
jimywang,2237,1893,1845
hata_saa,2237,1668,1633
OIerGegu1019,2254,1463,1516
taran_1407,2254,2078,1951
XaRDKoDblCH,2254,1582,1567
dkhve,2254,2092,1963
bobbilyking,2273,2041,1921
Yomapeed,2273,1844,1766
Vermeil,2273,1706,1660
ciuim,2273,1462,1477
Gamal74,2273,1283,1348
Alex239,2302,1127,1240
DanielChang,2302,1862,1780
Abdulrahman27,2333,1883,1794
ChaosAngel,2333,1832,1754
__sig,2383,1225,1303
784,2424,1639,1602
lelbaba,2424,1796,1722
AnasMaged,2424,1383,1412
alxwen711,2424,1638,1602
cristi_tanase,2505,1417,1434
lowbob,2505,1694,1642
Anonyme,2505,1373,1402
Tima19,2585,1003,1145
Ush1su,2585,1497,1489
oval_m,2585,1456,1459
outfinity,2585,1566,1541
etherinmatic,2690,1339,1370
YamOCHca,2690,1289,1334
guagua0407,2788,1463,1458
ekatsim,2788,1385,1462
a_nanas,2788,1896,1830
coding_sword,2893,1691,1627
psychobot,2995,1832,1735
Guess.Who,2995,1396,1401
cSERAFIMc,2995,1298,1330
kafamcokkaristi,2995,1241,1289
That_Salamander,3106,491,844
preet_25,3106,1792,1700
ThisWasUnplanned,3106,1407,1406
Xiaohuba,3232,677,971
wishgoodluck,3232,1551,1511
GennadiySosnov,3232,1388,1388
coder_supreme,3365,1342,1350
dmot,3365,1355,1359
rajat376,3365,1133,1202
pring,3365,1387,1447
rohit2593,3365,1666,1596
abcpony,3495,0,495
onetap,3831,1531,1481
aprohACk,3935,1489,1446
shojin_pro,3935,1787,1678
xiaruize,4058,1591,1522
Nika533,4177,1373,1353
zawatin,4177,1171,1205
Drind,4276,0,477
Psychotic_D,4476,1288,1282
Jlyfish,4564,1337,1318
kkk20002,4650,1428,1384
FHQY,4650,1279,1309
amcbn,5208,1527,1450
Yousef.Osama,5365,1371,1326
aufannn,5450,1340,1301
Jamshed11,5512,714,942
zezoo050,6179,1146,1176
Swishy123,6252,1289,1246
asiad,6303,698,913
one_autum_leaf,6508,1427,1349
Elaina,6858,1330,1267
cup_of_coffee,7066,1195,1225
Aestivate,7205,1150,1121
kimmoqt,7475,1525,1413
line,7962,1326,1245
Alihan_8,8372,1103,1061
Dragokj03,8643,1184,1120
H-R-2004,9080,1039,997
brkdnmz,9482,2074,1848
lbntxdy,9666,1347,1312
ORzyzRO,10324,1261,1155
Dukkha,11259,1789,1592
Tima3,11319,1184,1074
tyr0Whiz,11395,1712,1518
tolbi,11395,45,4
