handle,rank,oldRating,newRating
hydro-bot1,2,2096,2398
Carlos_Eduardo_Ferreira,6,1942,2200
windva,8,1981,2173
Alcabel,9,1648,1939
DylanSmith,12,1932,2115
YouKn0wWho,13,2082,2216
wavelets,14,2044,2185
PET_Informatica,16,1824,2085
enslaved,17,2068,2192
t98slider,18,1945,2101
fractal,21,2065,2178
MagentaCobra,23,2033,2151
sare,25,1931,2074
toniskrijelj,26,2068,2169
Thallium54,28,2051,2153
prins,29,1960,2087
akshaykhandelwal,30,2001,2114
Dart-Xeyter,31,2096,2181
AndreyPavlov,32,1923,2054
Wonsei,32,1913,2047
djm03178,34,1915,2046
robivirt,35,2064,2151
snowysecret,38,1846,1992
YazanAlattar,40,2025,2115
thisisisis,42,2024,2113
DimaTomsk,44,1962,2066
brenner1,46,1854,1986
srikkanthr,54,2026,2102
leeminhduc2,58,1919,2021
RGB_ICPC3,60,1411,1749
holdit,62,1833,1957
sum,65,1873,1983
D0min0,66,1995,2069
tyr0Whiz,67,1811,1937
Kotoblepass,72,2067,2116
Newtech66,77,1849,1956
induk_v_tsiane,82,1897,1987
Wangxueyi,83,1777,1902
lis05,85,2004,2062
abisheka,87,1712,1853
oadey89,87,1887,1976
Edlue,89,1992,2051
turkhuu622,97,1978,2036
dredwerkz,99,2007,2056
kwm_t,104,2020,2063
fahimcp495,105,1927,1995
Alex2184,110,2077,2102
Tatsuyaaaa,117,2075,2098
Halyavka,121,2099,2113
Mahmoud_Haddad,122,1925,1986
IMRUN,125,1942,1996
784,129,1728,1842
BondarLiza,129,1048,1452
RockSnow,131,1877,1947
stefanbalaz2,144,1528,1698
magnuseifr,145,1560,1719
ElDiablo,148,1894,1953
fr200110217102,149,2077,2086
gohan123,158,1922,1970
propane,160,2070,2077
fuad720,167,1680,1793
tokitsukaze,167,1775,1860
dumb_boi,167,1891,1943
okok,171,1877,1933
mohamedeltair,173,1864,1923
earl_of_byteland,174,1944,1981
lddlinan,178,1941,1977
preet_25,182,1979,2004
Ivan_len,183,1999,2018
a_nanas,184,2003,2021
tassei903,189,1960,1988
IzhtskiyTimofey,191,2054,2056
Karashi,196,1749,1833
ShivanshJ,198,1808,1875
RedStone,202,1886,1929
ivatopuria,202,1975,1995
DiegoGarcia,209,2009,2018
Colorless,210,1793,1860
verngutz,215,1976,1992
Icedpiggy,227,1816,1873
koooooooooooooooo,228,1737,1816
Alfeh1,232,1972,1985
Igor_Parfenov,234,1955,1972
XDEv11,236,1805,1863
nvllable,239,1862,1903
volkov179,241,2014,2014
MrNachoX,244,1830,1879
valeriu,245,1981,1989
AST_TheCoder,252,1824,1873
Nisanth,259,1860,1897
eggag32,260,1971,1979
skhan_org,263,1849,1888
sdyakonov,269,1982,1986
doofushmirtz,270,1637,1770
Brutality,272,1847,1885
lotusblume,277,1716,1790
aminsh,278,1673,1759
_RedWine_,281,1700,1777
minhnguyenxuan60,288,2090,2062
shadow9236,291,2045,2028
Teja-Smart,293,1919,1934
qualdoom,295,1987,1984
Kahou,295,1846,1879
casual11,297,1919,1933
ilya_ivanoff,300,1869,1895
draco976,300,1999,1992
shinchankosen,309,2068,2042
Arnob,311,1860,1886
contestat_al_haiaa,319,1789,1833
Weobe,321,1946,1949
xuanbac05,321,1891,1907
MvKaio,330,2044,2020
ghoul932,332,1733,1790
ParsaAp,335,1831,1861
mQfZ,339,1842,1869
SK1PY,342,1699,1765
berr,348,1512,1631
ruhan.habib39,352,1879,1893
Yugi.Hacker,355,2062,2030
lookcook,364,2084,2045
Jonas01234500,368,1739,1789
Zain,376,1952,1944
joseacaz,380,1971,1958
snowy2002,386,1857,1872
makrav,388,1656,1726
NemanjaSo2005,394,1959,1946
thanhchauns2,397,1904,1905
kostylevGO,398,2099,2051
siddhugzp,403,1692,1749
flamestorm,404,1993,1971
Proofy,409,1663,1727
TranGiaHuyWillWinIOI2023,410,1091,1342
Resende,412,1802,1827
kzyKT,423,2090,2041
TimDee,426,1605,1682
curly_braces,431,1975,1953
Timur2006,435,1552,1644
bobbilyking,439,1793,1816
eepsilon,443,2069,2023
MaSkA05,444,1854,1861
McPqndq,449,1119,1399
zwezdinv,454,1760,1791
raztun,461,1885,1881
alex.kudryashov,462,1794,1814
Gzhibovsciy_Arseniy,466,1616,1685
Eliaster,467,1807,1823
polosatic,469,1870,1869
Shirotsume,471,1755,1785
urosk,472,1719,1758
Acfboy,474,2079,2026
antoniomsah,475,1603,1674
apgpsoop,476,1885,1880
MnTm,480,1920,1905
Nozarashi,492,1786,1805
dshindov,500,1945,1922
isirazeev,502,1693,1735
Penguin07,507,1672,1719
RakibJoy,514,1759,1782
MattTheNub,525,1045,1361
woshiluo,528,1878,1868
AnasMaged,530,1402,1525
alpha_kotenok,537,2061,2006
catforces,553,1975,1938
onetap,566,1549,1623
Aiburito,572,1909,1887
ParsaS,589,2009,1960
DaNeK0201,589,1958,1922
hxu10,594,2066,2003
Lyamzin_alexandr,597,1870,1854
CIXTEEN,609,1632,1677
Karavaiev,619,1572,1633
lelbaba,635,1782,1785
Abdel-AzizMostafa,638,1870,1850
__Linh__,638,1850,1835
scotchtape,642,1408,1515
STOPTHEWAR,647,2047,1984
k1r1t0,655,1614,1660
dolbaeb,660,1395,1504
mircea_007,674,1679,1706
Apachee,680,1861,1840
kriepiekrollie,689,1707,1725
dyktr_06,689,1605,1650
de_sousa,700,2042,1975
The_Hallak,713,1897,1864
ScarletS,716,1929,1888
anpaio,733,1596,1639
huangxw,734,1961,1911
iNNNo,736,1622,1658
Suiji_SUI,738,1392,1559
altgifted,742,2048,1977
rohit2593,744,1530,1590
meowcneil,760,1924,1880
vodacbaoan,769,2000,1938
mc._cari,783,1788,1776
1_2_3_4_5_9,812,1786,1772
hackerbhaiya,819,1841,1813
drdilyor,825,1540,1590
volochai,833,1686,1696
SlavicG,848,1931,1879
one_autum_leaf,850,1561,1603
Cegax,864,1921,1870
CReaper1116,868,1841,1809
Nazar,897,1592,1621
Chelovek9,937,1461,1524
azureglow,949,1272,1391
pty6666,985,1992,1916
bibikov1,993,1748,1730
Kawaii,1011,1766,1742
wuhudsm,1038,1646,1651
psychobot,1053,1885,1830
parsa-golestani,1067,1525,1560
StefanSebez,1077,1242,1361
18o3,1095,1819,1777
Hagry,1108,1548,1574
Kirkon,1108,1814,1773
houren,1122,1846,1796
sergeev.PRO,1139,1718,1698
xiaruize,1143,1549,1573
dino_merlin,1160,1625,1627
MridulAhi,1182,1710,1690
ikrpprppp,1192,1517,1546
rickbaishuak,1192,1804,1760
FzArK,1202,1561,1578
brkdnmz,1211,1737,1708
Nuris,1226,1653,1644
-messi-,1270,1814,1763
Ankit_332,1290,1715,1687
dbaumg,1299,1631,1623
DAleksa,1350,1787,1738
Abdulrahman27,1368,1679,1656
shakhnoov,1377,1613,1605
Yousef.Osama,1395,1348,1412
sievra,1397,1810,1753
sumon123,1405,1556,1562
Issa,1411,1696,1666
bit-2-coder,1416,1728,1690
Psychotic_D,1429,1483,1506
n3_,1466,1758,1711
cristi_tanase,1517,1473,1495
MohamedAliSaidane,1578,1622,1602
danieli,1596,1865,1787
kaztayev,1604,1542,1540
dmot,1604,1655,1625
thisIsMorningstar,1641,1620,1598
man_of_learning,1671,1729,1679
Esomer,1671,1429,1455
edogawa_something,1689,1509,1512
__sig,1729,1395,1427
Madboly,1746,1629,1599
tch1cherin,1758,1847,1766
placik,1892,1685,1636
kimmoqt,1935,1569,1547
Sokol080808,1969,1883,1787
DanielChang,1997,1693,1638
_Mister_Doctor,2014,1499,1491
Wansur,2033,1458,1459
alxwen711,2041,1678,1625
umezo,2092,1814,1728
bananasaur,2149,1404,1415
NeroZein,2191,1391,1403
Romy67,2199,1757,1680
GennadiySosnov,2218,1305,1340
nifeshe,2284,1644,1590
Lo_R_D,2318,1994,1862
Blinov_Artemii,2318,892,1136
mily,2378,1528,1499
Tima19,2500,1184,1243
LinkWish,2514,1329,1345
XaRDKoDblCH,2532,1688,1616
dyppp,2599,1723,1640
H-R-2004,2796,1141,1201
ivanlarin,2796,1597,1538
Ahmed_Salah7,2830,1686,1605
3omar_ahmed,2841,1483,1449
Jlyfish,2971,1340,1337
ulorew,3228,1244,1258
hakaishin_3181,3512,1218,1230
Edu175,3531,1280,1275
UhahaUhaha,3541,1188,1208
sunyuheng365,3711,1959,1802
BRABABABABASHKIR,3946,1499,1431
Jamshed11,4005,1354,1317
BladeRunner,4038,1583,1494
Ghosteman1234,4151,0,453
serialcomder,4189,708,939
mark,4309,1419,1360
EgorUlin,4324,1395,1340
Rayo,4380,1334,1292
Alex239,4476,1439,1371
wrhaco,4598,1893,1732
enzopsm,4735,828,1017
Vitaly503,4744,1707,1579
shrapnelzz,4927,1240,1206
_bLIC_,5335,1556,1447
Shahrad,5424,1693,1556
BallBreaker,5424,895,941
Final_Track,5571,1157,1164
ORzyzRO,5793,1237,1182
kizaru,5841,897,1049
Bossusuprem,5846,0,415
Ertugrul28,5973,1522,1408
tushaar9876,6140,970,1032
JagguBandar,6377,1513,1393
zhensuan,6629,1436,1326
powervic08,6681,1047,1010
DinoHadzic,6702,845,937
Zeardoe,6746,1617,1473
Piokemon,6768,1257,1176
Dragokj03,6856,1349,1250
ItsLastDay,6903,1765,1594
Fido_Puppy,7111,0,391
MASTERB4APRIL,7273,1130,1060
profchi,7791,1734,1557
Queue,7847,1670,1503
MinaRagy06,8123,1556,1403
ArSarapkin,8173,659,784
Nxxlt,8173,945,966
kafamcokkaristi,8173,1268,1137
DeMen100ns,8173,1968,1742
AryRDW,8173,1203,1078
peteza,8173,1133,1015
Richw818,9176,1438,1287
