handle,rank,oldRating,newRating
WYZFL,1,1588,2093
b6e0,4,1702,2044
csyakuoi,6,1405,1842
5ab,7,2040,2250
jiangbowen,11,2018,2207
KroosTheKeenGlint,16,2082,2232
Aging1986,18,2084,2227
Gemini7X,23,1954,2125
KarL05,26,1999,2152
Soumya1,31,2086,2204
HinanawiTenshi,32,1953,2109
zhaohaikun,33,2044,2171
WillTheBill,37,2067,2181
fr200110217102,39,2034,2155
shobonvip,44,1916,2066
Agnus,45,1939,2080
PoPularPlusPlus,46,2034,2146
achvanov,47,1992,2115
Muelsyse,48,1485,1821
BERNARD,49,1799,1979
hoainiem,50,1872,2028
TranGiaHuyWillWinIOI2023,54,1643,1869
OccDreamer,55,1139,1598
oToToT,57,2082,2169
pill,58,2047,2143
Lavine,64,2096,2173
welleyth,66,1930,2054
Zanite,69,2061,2144
Yam,70,1626,1843
FreeTimeLove,71,2040,2128
Artem_Sukharev,72,2078,2154
fork,73,2047,2131
syrtin,74,1986,2087
Karashi,75,1939,2053
BaXij,77,2057,2135
Chel_2,79,2034,2118
expecting,80,1974,2075
anhkha2003,82,1887,2012
Max_Calincu,83,1979,2076
dsolunov,86,2032,2112
WLZ,89,2022,2103
andrei_boaca,90,2097,2157
stefanbalaz2,91,2015,2097
ScarletS,92,1948,2049
otoshigo,94,1937,2039
Flew,96,1782,1931
include_BM,101,1901,2011
Emotiona,102,2017,2092
dengziyue,104,1846,1971
DilshodbekX,106,1739,1896
-Syru-,107,1607,1805
leo020630,107,2067,2126
yoy68,111,1930,2026
xiaoxiaobaozi,112,2034,2100
Fugitive,114,2089,2139
Andy_Lin,115,1790,1926
BlueBlisteringBarnacles,124,1607,1797
DanielChang,127,2033,2093
wery0,130,2070,2119
Slamur,132,2093,2135
wyyxhjth,133,2087,2129
Lyde,136,2047,2099
qazxcvbgt546,138,1423,1720
mishanya_stulov,139,2086,2127
vanwij,140,2099,2136
qurt,141,1444,1733
Priyansh31dec,142,1912,2000
MnTm,144,1941,2020
Valera_Grinenko,151,2057,2101
Omar_Mohammad,153,1743,1878
Iam1789,158,2063,2103
Deep_Kevin,160,2074,2111
lis05,161,1796,1912
woshiluo,162,2003,2058
Uzumaki_Narutoo,165,1704,1846
Kawaii,166,1873,1964
XG0000,169,1776,1895
PineapplesOnPizza,172,2097,2124
aymanrs,173,1795,1907
szdytom,176,1821,1924
Halyavka,181,2090,2116
dialnote,183,1222,1588
AwesomeHunter,184,1821,1922
sonderl,187,897,1365
zzuqy,188,1935,2001
atakanysr,190,1947,2009
Andycraft,191,1851,1941
Be_dos,195,2084,2108
HeartBreakKid,196,1906,1978
by_chance,200,2065,2092
Kniaz,204,2018,2057
Yomapeed,204,1875,1954
spamers,206,1968,2020
thanhchauns2,208,1925,1989
HeeJa,209,1993,2037
__Linh__,210,1974,2023
Yahia_Emara,211,1858,1940
beemax,212,2054,2081
kingofpineapples,214,2048,2076
Irmuun.Ch,215,2052,2079
a_nanas,216,1918,1981
kolomig0r,219,1760,1869
3e4,220,1731,1848
DELTARUNE,221,1902,1969
GALA,222,1883,1955
Icedpiggy,227,1918,1978
despair_101,229,1873,1946
Abbess,232,2009,2043
Wandoka,236,1966,2011
Hanksburger,237,1886,1953
mc._cari,238,1962,2008
harsh__h,245,2076,2090
Lucina,246,2085,2096
shojin_pro,248,1838,1916
MvKaio,249,2004,2036
Timonnable,252,2063,2078
casual11,254,2030,2054
NToneE,256,1825,1905
Weobe,258,1797,1885
stonejjun,260,2072,2083
omeganot,260,1692,1811
oadey89,263,1952,1995
DiegoGarcia,268,1946,1990
BabaVoss,269,2054,2068
Owmicron,269,1906,1961
Zain,272,1860,1927
cyb1010,273,1563,1753
Darren0724,273,1884,1944
DimonKrutoi,275,1838,1911
Lihwy,277,1682,1800
wrihapcod,278,1636,1823
amirhoseinfar1385,279,1852,1919
someoneknow,288,2001,2025
GoatTamer,288,1929,1973
magnuseifr,291,1873,1933
ahihi1234,294,1819,1893
status_coding,297,1903,1953
propane,297,1992,2018
ruhan.habib39,299,1941,1979
SZMSZBH,299,1744,1839
erankyun,304,1926,1968
t98slider,310,1946,1982
drdilyor,311,1651,1772
Badint,315,2032,2044
MahmoudAshour,316,1670,1783
jucason_xu,319,2043,2052
SaMuEl0516,324,1992,2012
D0min0,327,1934,1970
ptyyyyy,330,2060,2062
GrandTiger1729,330,1914,1954
Z-301,334,1704,1804
xxh1999,337,2018,2030
hxu10,337,1955,1984
great_fortune,339,1858,1913
fuad720,339,1842,1901
tiom4eg,342,1737,1826
Huan_YP2002,346,1914,1952
huangxw,349,2079,2073
makrav,349,1739,1826
isirazeev,353,1711,1805
shinbay,353,1980,1999
lichenghan,357,1519,1671
Bedoo,358,1848,1903
AmirAli-Asgari,362,1772,1847
h_squared,362,1568,1704
Jerry__Jiang,373,1808,1871
aufannn,373,1629,1745
t0mmyn,377,1920,1952
goncharovmike,378,1738,1821
m_rd,380,1986,1999
MridulAhi,383,1832,1887
MrDelrus,386,1438,1645
WUST_KING,388,2007,2013
DaNeK0201,391,1917,1947
flamestorm,391,1799,1862
Nozarashi,398,2022,2024
mr.kolya,400,1796,1858
draco976,400,2083,2069
Scalm,400,1888,1925
Yugi.Hacker,406,2021,2021
DAleksa,406,1754,1827
Loging,416,1818,1871
yangjl,416,1900,1931
Mirbek,421,1848,1893
man_of_learning,426,1880,1916
quanlt206,426,1738,1813
Blinov_Artemii,428,1659,1757
CAELO,432,1765,1832
tyr0Whiz,441,1992,1995
GStnt,445,2021,2017
Brutality,447,1786,1845
_RedWine_,448,1739,1811
Rodionno,450,1727,1802
apgpsoop,451,2021,2016
Alex2184,457,2057,2042
HaPpY1213,461,1794,1848
Mohammad-Parsa,468,1799,1851
k1suxu,468,1579,1694
KazmetreD,474,1819,1865
qq11123334,475,1578,1693
anpaio,482,1600,1708
AngrySeal,482,1857,1891
Error-42,482,1951,1960
Beevo,486,1802,1851
ShivanshJ,490,1772,1828
Apachee,497,1868,1897
outfinity,497,1714,1786
danieli,503,1874,1901
wuhudsm,507,1809,1853
varlevani,507,1983,1980
balakrishnan,507,1875,1900
AST_TheCoder,520,1837,1872
molney,527,1769,1822
Vermeil,531,1792,1838
AbdelmagedNour,531,1985,1979
butterfly-to-be,535,1928,1936
Beacon,535,1838,1870
unordered_map,535,2032,2014
leanil,542,1970,1967
BRABABABABASHKIR,542,1544,1660
Lol2004,556,1750,1804
Ivan_len,556,1976,1970
ScottChou,561,1997,1985
dino_merlin,563,1613,1707
armish_123_retired,565,1943,1944
udon1206,565,1900,1913
cebolinha,574,1870,1890
tanus_era,584,1958,1954
vodacbaoan,590,1978,1968
Lo_R_D,591,1804,1840
MeGustaElArroz23,601,1911,1917
russian_proger,605,1783,1823
Luna_Sakurakouji,607,1975,1964
hata_saa,611,1687,1753
RockSnow,614,2045,2017
aManwithaVan,615,1993,1977
sievra,615,1908,1914
timusmanovs,622,1667,1738
VasyaMer,624,1973,1961
gs17005,624,2018,1996
BFLSTiger,628,2003,1984
cdh981009,629,2081,2043
sdyakonov,634,1695,1757
kwoncycle,634,1979,1965
udhavvarma03,637,1541,1647
world_classic,640,1738,1787
Undying,641,2096,2053
golions,644,2025,1999
danx,644,1650,1723
Ayalla,648,1707,1763
psychobot,652,1997,1977
profchi,664,2002,1979
Shyn_,664,1546,1647
aqxa,667,1491,1609
876pol,667,2045,2011
marvenlee,667,2021,1993
Imdie,671,1872,1882
Fyind,675,1951,1940
mkawa2,679,1905,1905
MrNachoX,686,1995,1973
Hank2019,692,1840,1856
geruome,692,2097,2049
g1dr4ch,698,1515,1622
krzysztov,698,1924,1917
LovelyEther,712,2021,1990
limbo16,720,1885,1887
zuno,728,1745,1783
XDEv11,735,1670,1729
ComplexPug,753,2028,1992
ghoul932,754,1991,1963
DrSwad,761,2009,1977
towrist,762,2000,1970
koooooooooooooooo,771,1726,1766
pikapikachu,775,2095,2042
Nuris,782,1571,1654
RakibJoy,782,1682,1733
I_love_geom,786,2093,2038
wuruzhao,793,1937,1920
XaRDKoDblCH,796,1709,1751
martins,803,1999,1966
CaMOUFlage,803,1867,1867
berr,809,1570,1651
Eliaster,813,1704,1746
nnv-nick,819,1959,1934
vladislav11,822,1882,1876
scotchtape,833,1462,1572
Riblji_Keksic,833,1773,1794
Giga_Cronos,839,1897,1886
thisIsMorningstar,839,1735,1766
TimDee,848,1900,1888
The_Hallak,856,1918,1900
sunyuheng365,888,2026,1981
eggag32,894,1832,1834
rohit2593,905,1711,1744
lelbaba,914,1849,1845
hiennoob,926,1739,1763
Prismriver,930,1007,1331
tedi_2.0,933,2021,1974
curly_braces,939,1923,1899
invertedwinger,944,1595,1657
ParsaDox,958,1946,1915
trainerherp,970,1859,1849
monologue,977,1703,1733
Aemmprty,980,1401,1518
tolbi,980,1687,1721
firstin0907,980,1950,1917
Redcrown,983,2060,2001
coconut99,993,1872,1857
Shirotsume,998,1643,1688
FzArK,1001,1582,1644
jophyyjh,1026,1769,1778
H2J,1026,1605,1658
D3Xtr,1033,1678,1711
khangai11,1037,1771,1779
Chen__HX,1073,1962,1920
Graygoo_401,1090,1792,1791
sashko123,1098,1559,1620
Wansur,1101,1421,1523
ahshafi,1107,1888,1862
TheQuantiX,1111,1723,1739
Francesco4203,1114,1666,1697
vegetable_he,1133,1852,1833
_user_,1136,1454,1543
JYJin,1140,1934,1895
ctgg,1140,1891,1863
MohamedAliSaidane,1140,1835,1820
Carpenters_Cat,1144,1940,1899
NeroZein,1151,1461,1547
Shahrad,1151,1835,1819
LinkWish,1155,1538,1602
nixnehc,1171,1625,1723
omikad,1176,1966,1917
M_bolshakov,1187,1896,1863
Zeardoe,1197,1688,1708
hxhhxh,1208,1795,1787
luicosas,1211,1784,1778
ekatsim,1231,1491,1563
ayush_raj.21,1231,1762,1761
edogawa_something,1237,1523,1586
imeplusplus,1237,1634,1727
Lyamzin_alexandr,1237,1763,1761
Sokol080808,1247,1701,1715
36champ,1262,1685,1702
SMIrrichto,1264,1646,1673
ByeWorld512,1271,1474,1549
CReaper1116,1271,1909,1869
oval_m,1281,1578,1623
tch1cherin,1284,1575,1620
antoniomsah,1296,1478,1550
nikuradze,1319,1698,1709
gigabuffoon,1321,1909,1867
raztun,1340,1888,1850
Msstt,1342,1701,1709
oiocha,1345,1892,1853
panda211panda,1348,1694,1704
bibikov1,1356,1897,1856
Mindeveloped,1393,1256,1390
Wael_Zaiback,1393,1903,1858
Mr_yqz,1407,1984,1920
Intellegent,1419,1746,1738
Arturo,1427,1621,1646
CIXTEEN,1427,1793,1774
sumon123,1462,1552,1594
1075508020060209tc,1469,1552,1594
Ush1su,1476,1564,1602
mychecksdead,1484,1609,1634
Chelovek9,1489,1805,1780
_Mister_Doctor,1496,1593,1622
Hanghang007,1500,1530,1576
Noureldin,1511,1809,1782
hackerchr,1522,1422,1566
ivanlarin,1528,1609,1632
Ertugrul28,1537,1602,1626
YYYLLL2021,1587,1876,1829
GrandSouris,1654,1950,1884
Java,1659,1855,1810
Anhdung147,1666,1662,1664
AcPlusOne,1668,1687,1683
AhmetKaan,1675,1808,1774
Robsob,1686,1694,1687
OG_Matveychick1,1686,1574,1599
Tinky-Winky,1690,1696,1689
xiao_lang,1698,2064,1970
akcube,1701,1432,1496
mihleonid,1707,2017,1933
wabadabakalakaboo,1708,2092,1992
mQfZ,1711,1859,1811
shakhnoov,1720,1526,1562
CHHC,1721,2038,1949
Noobish_Monk,1738,1655,1656
Xc4l16r3,1743,1979,1902
pjych1,1749,1820,1780
SK1PY,1750,1897,1839
Warma_Cute,1752,1501,1543
raulandreipop,1752,1620,1629
JagguBandar,1758,1660,1659
konb1,1762,1748,1725
k1r1t0,1764,1867,1815
enzopsm,1774,1435,1494
coding_sword,1784,1751,1726
Newtech66,1794,1940,1870
alxwen711,1804,1678,1670
Wilson_Inversion,1806,1776,1744
Farsh_LE,1815,1670,1664
Edlue,1818,2042,1948
zhensuan,1831,1593,1606
sv1shan,1836,1634,1636
rajat376,1849,1557,1579
2514631360a,1852,1661,1655
kkk20002,1857,1372,1445
BladeRunner,1868,1343,1425
EJIC_B_KEDAX,1897,1765,1732
McPqndq,1904,1766,1733
Nika533,1907,1502,1536
nifeshe,1916,1569,1585
IceYukino,1918,1548,1606
trp_hy,1918,1566,1582
yupooh,1918,1776,1740
bhatnagar.mradul,1926,1743,1714
lbntxdy,1928,1392,1457
joseacaz,1953,1936,1861
784,1972,1946,1869
Mr_Ell,1977,1572,1585
YXHuang,1999,732,1076
onetap,2008,1633,1628
Sunnatov,2014,1578,1587
A_cloud,2016,511,916
kimmoqt,2016,1544,1562
LittleOrange666,2034,1618,1616
Vitaly503,2034,1802,1755
Pols_Agyi_Pols,2034,1460,1500
127.0.0.1,2041,1828,1775
dlnd_vth,2051,1374,1439
SpadeA261,2051,2021,1924
imtore,2051,2001,1908
zhangyuyang,2061,1803,1755
HCCH,2074,1685,1665
ArSarapkin,2085,1482,1514
Ignut,2089,1723,1694
kaztayev,2098,1478,1511
Chahel,2102,1553,1566
SlavicG,2113,1739,1704
Thomas_Top,2134,1755,1716
Hagry,2160,1608,1604
Psychotic_D,2169,1886,1815
pp_orange,2180,1596,1594
Dispensable,2211,1386,1476
Romy67,2266,1779,1730
Jlyfish,2287,1241,1336
sreesh_56,2315,1563,1565
opPO,2319,1840,1775
Alex239,2322,1534,1543
ciuim,2350,1547,1552
Gergyg,2356,1546,1551
ulorew,2368,1367,1420
dyppp,2424,1910,1826
etherinmatic,2435,1383,1430
joww,2470,1314,1379
cSERAFIMc,2470,1293,1365
ItamarNir,2485,1750,1701
ZRT_HuyPhuoc,2510,1490,1505
AboAbdoMC,2526,1882,1801
zezoo050,2588,1379,1421
petamingks,2636,1800,1734
Shigen,2679,1164,1268
skahl15,2706,1134,1248
ARMINIUS,2710,1181,1279
jmyszka,2712,1115,1234
Roman_2007,2741,1369,1409
Gaoyc,2785,1374,1447
ThisWasUnplanned,2794,1472,1482
Mkswll,2850,1510,1508
Dragokj03,2865,1496,1497
Abdulrahman27,2905,1794,1723
Swishy123,2930,1458,1467
Legend_dy,2945,1652,1612
zbceyond,2954,1636,1600
wa_233,2975,1500,1497
mark,3015,1512,1505
asiad,3029,1327,1369
rfhalb,3055,1448,1456
lovekdl,3078,1581,1555
nhuhieu193,3104,1713,1655
lamduybao03,3148,1551,1595
lyx123886a123886,3164,1058,1231
Bossusuprem,3219,1501,1491
cry,3400,1320,1353
ManhA3K54,3410,1203,1270
dmot,3428,1457,1452
Final_Track,3520,1302,1337
Leo_W,3564,1396,1404
mcbanana,3564,1539,1511
heaksicn,3578,1563,1529
delena0702,3588,0,509
annyeong1,3588,1477,1463
AnasMaged,3596,1353,1371
inoader,3617,1040,1211
ElDiablo,3620,1887,1779
aminsh,3650,1823,1728
hakaishin_3181,3694,1445,1437
one_autum_leaf,3719,1499,1476
Jamshed11,3733,1423,1419
gqf123,3752,1821,1724
xlin,3800,1263,1301
drath10,3952,1244,1283
quanmcvn,4248,1420,1404
AryRDW,4275,1202,1245
FatihCihan,4297,1485,1452
Frozencode,4313,1932,1801
anton6,4383,813,1059
BallBreaker,4465,1145,1200
YuJiahe,4490,1781,1678
Rayo,4502,1451,1423
Tima19,4511,1306,1314
Proofy,4539,1876,1752
cristi_tanase,4542,1449,1420
adepteXiao,4552,1729,1636
alex.kudryashov,4576,1733,1639
Vassu05,4669,1144,1194
honey,4723,1363,1351
3omar_ahmed,4771,1429,1400
Lurtruoso,4866,1422,1393
owoovo_shih,4909,1238,1255
Abito,5136,1369,1347
H-R-2004,5161,1497,1444
urosk,5213,1766,1653
Alihan_8,5275,1275,1273
EyadBT,5305,1256,1259
Atekichan,5325,1471,1420
Shayan86,5497,1154,1180
CyberCow,5545,1722,1613
AliiSh,5789,1005,1125
jackson.souza,5789,1240,1237
MASTERB4APRIL,6876,1058,1082
Eslam_Saleh,7009,0,440
vyshniak.n,7342,890,956
LiuXingJian,7554,1258,1256
Sanat,7781,1172,1148
Dukkha,8340,1744,1595
I_HATE_GEOMETRY,8390,2007,1812
Nxxlt,8501,1184,1142
ha___il,8693,1090,1152
iliaaaaa,8804,913,933
SamyakSinghania,9316,1085,1050
arash.,9545,1059,1025
__sig,9545,1298,1215
ooscode,9691,801,834
Xiaohuba,10057,1219,1143
HusseinFarhat,10172,1049,1045
Sir-Ahmed-Imran,10469,966,935
IanISam,11329,969,919
RGB_ICPC6,12979,1777,1619
