handle,rank,oldRating,newRating
HugeWide,3,1938,2212
lindongli2004,7,2039,2241
DF_3Mz,10,1904,2131
GrandSouris,12,2077,2241
satyam343,16,2094,2236
c.young_sb,17,2001,2166
meme,23,1752,1978
qvzy,25,1131,1628
DiegoGarcia,27,1830,2024
shadow9236,28,2029,2161
Raiden_Mei_,31,1369,1758
flaranis,32,687,1302
wa_233,35,1853,2025
IzhtskiyTimofey,38,1966,2100
omeganot,40,2027,2140
SmolBrain,42,2073,2170
zhezhengsong,43,1962,2090
JXNU_vjudge1,45,1867,2056
dmkz,48,1881,2028
FeTieTer,49,2004,2113
Rafi02,50,1661,1875
Hexagons,52,1836,1992
2Bpencil,53,1814,2010
Wielomian,54,2098,2175
KseniaShk,56,2015,2114
h_squared,57,2098,2173
NovusStellachan,58,1928,2050
Jinjazilla,59,1659,1864
Stefan2417,60,2094,2167
DeMen100ns,62,2081,2154
jpetrovcic,66,1950,2059
Richw818,69,1994,2088
ivatopuria,72,2026,2109
buaa-noob,73,2088,2153
kolomig0r,74,2005,2092
XYLLW,75,1960,2059
Minh,78,1615,1819
Hasan0540,80,2017,2097
Ibrahim_Khandakar,81,1948,2045
MagentaCobra,84,1995,2078
lukameladze1,86,2066,2128
JustNik77,87,1928,2029
contestat_al_haiaa,88,1809,1945
michao,91,2073,2130
CDuongg,93,1846,1967
Mitsubachi,96,1974,2056
isaachew,96,2061,2118
Nazar,99,1811,1939
Doru,100,1865,1977
TimaDegt,101,1876,1983
kwm_t,101,1984,2060
Teddiursa,103,2092,2138
DennisTran,105,1861,1972
udhavvarma03,107,1862,1970
mychecksdead,112,2003,2069
wuruzhao,113,1832,1947
thecold,113,1878,1979
Dominater069,117,1824,1940
Xc4l16r3,118,2075,2119
ABCDEFghijmn,119,1726,1925
Bartol,120,2076,2119
balakrishnan,121,1921,2006
nixnehc,123,1857,1960
yangjl,124,1874,1971
Weobe,124,2011,2069
AC464,126,2061,2105
etherinmatic,127,1853,1956
quanjun,128,1858,1958
AmirAli-Asgari,130,2083,2120
nmbb,135,2071,2108
Jaydeep999997,137,1932,2007
wuhudsm,137,1968,2033
MaddyBeltran,137,1929,2005
_CbrX_,146,1928,2001
GoatTamer,147,1918,1994
IvayloS,148,2039,2080
Micchon,148,1994,2047
eggag32,151,1896,1975
Lucina,151,2069,2100
I_HATE_GEOMETRY,151,1986,2040
pill,159,1955,2015
piyush_pransukhka,159,1975,2029
MnTm,163,1983,2035
mircea_007,165,1837,1929
Mohanad_Nahhal,167,1683,1821
codicon,168,1925,1991
mooyomooyo,168,2050,2081
MohammadParsaElahimanesh,174,2074,2097
apostoldaniel854,174,1958,2013
GALA,176,2077,2099
Lokeo,180,2029,2063
fbabic,181,1795,1894
CJ_xde_lt,181,1096,1490
czhang2718,184,2071,2093
zc2707,185,1979,2025
valeriu,187,2080,2098
wanghai673,188,1855,1935
Redcrown,189,1906,1971
Timur2006,193,1836,1919
bitset,193,2023,2054
akua,193,1726,1842
raztun,196,1937,1991
Svyat,198,1961,2008
MattTheNub,199,1690,1816
Badint,200,1929,1985
Maruzensky,201,1948,1998
ciuim,205,1787,1882
rainboy,206,1979,2019
Yomapeed,207,1748,1854
Riladavin,209,1997,2031
kuzmichev_dima,209,1948,1996
vodacbaoan,211,1828,1909
brenner1,212,1701,1819
GILGAMESH,212,1923,1977
ImaniAm,214,2070,2084
Rainbow____,217,2031,2054
ivan_m_chas,218,2066,2080
IceYukino,218,2098,2103
andreystefanov,220,1892,1953
jophyyjh,221,1909,1965
18o3,222,1684,1804
turkhuu622,226,2090,2096
keyurchd_11,226,1925,1975
ahshafi,228,2017,2041
pp_orange,233,1695,1809
AboAbdoMC,240,2095,2096
hackerbhaiya,244,1661,1783
ItsJerr,245,1844,1911
DilshodbekX,245,1898,1950
camc,249,1484,1660
icosahedron,250,2082,2084
ParsaAp,250,2025,2042
lvkaiyi0811,252,1933,1974
sunyuheng365,252,2001,2024
sreesh_56,257,1724,1824
Irmuun.Ch,262,2073,2076
HaccerKat,262,2023,2039
Gurban,265,1935,1973
aymanrs,266,2040,2050
harsh__h,268,2031,2043
stggg,273,1196,1512
skhan_org,278,1742,1833
bktl1love,280,1829,1894
Kahou,281,2083,2080
CaMOUFlage,285,1860,1915
hl666,291,1680,1785
yahia,294,2008,2021
perchuts,296,1704,1801
Gabp,298,2015,2026
Carpenters_Cat,299,2088,2080
gohan123,300,2023,2032
minhnguyenxuan60,304,1892,1935
trivialkid,307,0,688
Scalm,308,1831,1889
ctgg,311,1892,1933
SMIrrichto,313,1850,1902
aqxa,319,1985,2000
Wibo,322,1957,1979
Boboge,323,2097,2082
Liuxizai,323,1942,1967
cc4414,326,1909,1942
polosatic,326,1599,1722
Gice,332,1753,1829
shdut0901,334,1817,1875
Mahmoud_Haddad,334,2097,2081
E_huan,337,0,681
anpaio,337,1965,1982
Ahmed-,339,1692,1785
wrihapcod,340,1835,1887
GlowCheese,344,2051,2045
pwned,349,2067,2056
altgifted,354,2079,2065
profchi,355,2039,2035
RedStone,359,2065,2053
milind0110,361,1867,1906
_RedWine_,368,1643,1745
nanoblob,369,1911,1938
gortomi,373,1776,1839
SpadeA261,374,1893,1924
Runtime-Terr0r,380,1814,1866
GoldIngot,380,2082,2063
sycqwq,383,1977,1985
Gleefre,387,1785,1843
plevande,391,1948,1962
Msstt,391,1796,1851
nocap,393,1995,1996
DAleksa,394,2010,2008
east1016,409,2066,2047
Wangxueyi,410,2009,2005
Camillus,412,1931,1947
XaRDKoDblCH,414,1834,1876
welleyth,420,1804,1853
AhmetKaan,421,1672,1758
GSYL,422,1973,1976
AcPlusOne,423,1937,1950
BossBobster,429,1858,1890
lunchbox,432,1990,1988
gen,434,2098,2069
sarun061729,436,1498,1634
the_computer_jock,437,2095,2065
Tobo,439,1905,1924
Kawaii,442,1862,1891
goncharovmike,446,2010,2000
Sinocchi,447,1951,1957
oceeff,448,1640,1731
abisheka,454,2013,2001
nifek,455,1001,1368
manizare,458,1924,1935
thanhchauns2,459,1957,1960
taran_1407,462,2056,2034
zdc123456,464,1553,1668
mr.kolya,466,2013,2000
IamNewbie,468,1930,1938
mknayam,470,1970,1967
Omar_Mohammad,472,1655,1738
apgpsoop,475,2068,2041
kzyKT,481,2005,1993
Nyatl,482,1935,1940
IShowRonaldo,485,1898,1913
alex.kudryashov,486,1744,1800
srikkanthr,489,1996,1985
dunda,494,2079,2047
Elaina,497,1974,1967
smalyarovsky,504,1778,1823
__chtholly__,507,1886,1900
Shahrad,526,1871,1887
Ertugrul28,526,1713,1772
lamduybao03,526,1973,1962
anhkha2003,533,1746,1795
t0mmyn,535,1964,1955
parsa-golestani,547,1659,1731
bronze_coder,549,2029,2003
MDSPro,554,1738,1787
Pols_Agyi_Pols,555,1945,1939
zsc985246,557,1918,1919
psychobot,562,1974,1960
YocyCraft,563,1877,1887
ZRT_HuyPhuoc,563,1601,1688
Wael_Zaiback,568,1899,1904
Eunha,569,1997,1977
Geroin,569,1690,1751
k1r1t0,572,1846,1864
abdu.srazh,581,1821,1845
k1suxu,581,1865,1877
outfinity,583,1698,1755
Swishy123,587,1762,1801
Ryougi-Shiki,588,1636,1710
drdilyor,595,1934,1927
Beevo,596,1921,1917
Beacon,598,1938,1930
konb1,599,1852,1866
BlueBlisteringBarnacles,600,1828,1847
fire_water,604,1243,1522
yupooh,607,1760,1797
Tatsuyaaaa,609,2005,1979
MarcosPauloEvers,609,1799,1826
AaronHe,612,1906,1904
VasyaMer,620,1837,1852
AST_TheCoder,620,1850,1862
Joler_,620,1907,1904
Blinov_Artemii,624,1813,1834
makcvim,636,1811,1831
Bruteforcer101,645,1970,1949
_rey,647,1811,1831
yuvrajKharayat,648,1803,1824
Atekichan,656,1779,1806
jakao,663,1912,1904
volochai,665,1772,1800
Eliaster,671,1878,1877
peteza,674,1763,1793
Piokemon,685,1634,1698
preet_25,695,2044,2001
Astolfoo,703,1989,1958
_Rise,705,1795,1813
coconut99,711,1929,1912
2018haha,714,1738,1770
Sy03,729,1574,1651
andreumat,730,1665,1717
triveni,734,1795,1811
Mohil09,738,1617,1681
small_peter,740,1586,1717
kidw0124,743,1752,1778
YazanAlattar,743,1866,1862
MahmoudAshour,749,1776,1795
oadey89,757,1846,1847
qwexd,763,1757,1780
yinhee,771,577,1028
Gamal74,773,1843,1843
sumon123,775,1737,1764
Mans-21,781,1474,1575
fedimser,786,2001,1960
donot,798,1575,1646
Myrcella,803,2048,1995
overnap,812,1805,1812
monologue,822,1853,1846
T3T____,825,1490,1640
Leo_W,826,1384,1509
HakuroKawashiro,829,1921,1897
STommydx,829,1716,1744
cup_of_coffee,842,1538,1615
Proofy,848,1756,1772
Leaf.Maple,850,1778,1788
LinkWish,856,1758,1773
urosk,856,1773,1785
kimmoqt,869,1732,1753
tarche,874,1488,1577
jtrh,881,1691,1722
Hata_no_Kokoro,884,1605,1660
dlnd_vth,887,1740,1757
AngrySeal,893,1890,1869
raulandreipop,895,1535,1608
Final_Track,902,1662,1700
Clan328,906,1801,1801
ASHWANTH_K,911,1601,1655
Ankit_332,914,1704,1729
Mirali777,918,1639,1681
_Mister_Doctor,930,1819,1813
MinaRagy06,932,1722,1741
estoy-re-sebado,936,1725,1743
MCPlayer542,945,1549,1614
nukelauncher,950,1863,1844
thisIsMorningstar,950,1715,1735
shenfe1,955,1922,1889
celin,963,1690,1715
MISM06,966,1660,1693
omikad,979,1681,1708
great_fortune,984,1638,1676
ahsoltan,997,1444,1536
ElyesChaabouni,1007,1953,1909
limabeans,1007,1801,1795
asiad,1011,1724,1737
makrav,1016,1840,1823
vanvector,1020,1855,1835
hylhyl,1034,1470,1588
ripity,1043,1870,1844
suuuuuu,1046,598,1021
martinius,1047,1760,1761
JoseSoto,1050,1965,1915
hata_saa,1058,1814,1801
CALLSIGN_NULL_,1059,1601,1644
ChickenInKitchen,1061,1914,1876
dino_merlin,1064,1862,1837
abotaha23,1067,1668,1692
recollector,1074,1869,1842
Code937,1075,2086,2007
kymmykym,1083,1712,1723
qmr_wa,1085,1387,1490
tolbi,1098,1956,1906
Noobish_Monk,1105,1855,1829
coder_supreme,1111,1583,1627
inhibitor_81,1118,1845,1821
BladeRunner,1119,1883,1849
ftuknights,1121,1691,1706
Dukkha,1131,1730,1734
Jlyfish,1134,1792,1780
cebolinha,1136,1975,1918
UshanGhosh,1142,1994,1933
Error_Yuan,1144,1726,1730
onetap,1152,1689,1702
mhtkrag,1154,1522,1580
alxwen711,1154,1772,1763
stan23456,1154,1709,1717
kwoncycle,1163,1985,1925
dushki,1166,1828,1805
Ann,1166,1959,1905
dewana310,1170,1562,1608
dreami63,1170,2008,1942
Chelovek9,1177,1820,1799
Sunnatov,1180,1509,1570
qwe1rt1yuiop1,1183,1507,1568
swapnil159,1188,1723,1725
Alex239,1207,1663,1679
R3mix,1211,1395,1553
oval_m,1218,1901,1858
Gergyg,1227,2013,1943
a_little_cute,1227,1617,1645
thatprogrammer,1229,1898,1854
BabaVoss,1237,1921,1872
Haorayz4,1240,1392,1483
fxfxxxfxx,1243,1908,1862
zbceyond,1244,1796,1776
mika_uwu,1244,1734,1730
Kaiser_Kell,1256,1784,1767
fangahawk,1260,1931,1878
yellowtoad,1265,1347,1449
Romy67,1286,2062,1978
Abhishek_Srivastava,1290,1535,1582
Vassu05,1338,1868,1827
khangai11,1342,1884,1838
ScorpioDagger,1345,1573,1605
ByeWorld512,1350,1524,1570
bhatnagar.mradul,1355,1699,1698
rohit2593,1355,1812,1783
ha___il,1361,1845,1807
kriepiekrollie,1380,1776,1755
jasmin_studer,1399,1760,1742
gleb.astashkin,1407,2066,1976
Abdulrahman27,1430,1797,1768
Max_Calincu,1440,1944,1880
Drakkon,1446,1579,1604
BallBreaker,1451,1489,1539
applepi216,1469,1687,1683
wjh666,1472,1637,1646
antoniomsah,1479,1629,1640
Lyamzin_alexandr,1483,1859,1812
EJIC_B_KEDAX,1523,2034,1946
flashsonic,1523,1978,1902
IanISam,1526,1359,1443
Art.ogo,1535,1627,1636
Mercy.,1535,1839,1795
ParsaF,1545,1515,1553
Dragokj03,1545,1724,1708
Hagry,1551,1649,1651
nickbelov,1610,1650,1649
Wobert,1625,1751,1724
nono00,1633,635,1013
3omar_ahmed,1637,1464,1512
Shayan86,1645,1641,1641
SATSKY_2024target_IGM,1654,1796,1757
delena0702,1711,1935,1861
Ashi,1740,1670,1658
kaztayev,1742,1507,1538
IMackerI,1745,1570,1584
jackylova_fan_fan_fan,1791,1473,1571
OG_Matveychick1,1794,1790,1747
Gogolev,1810,1601,1604
__sig,1815,1714,1689
_Gawd_,1823,1755,1719
Esomer,1828,1812,1762
alinp,1873,1227,1334
Aestivate,1878,1622,1617
n685,1891,1754,1716
Phantom_Performer,1909,1788,1741
jay_jayjay,1911,1235,1337
Edu175,1938,1600,1598
ChaosAngel,1948,1798,1747
mily,1953,1806,1753
Giga_Cronos,1962,1980,1887
edogawa_something,1971,1693,1667
Chahel,1971,1922,1842
Karavaiev,1991,1680,1656
ayush_raj.21,1996,1890,1816
xlin,2061,1769,1721
Hosen_ba,2088,1331,1396
bibikov1,2106,1685,1655
zezoo050,2144,1536,1543
AnasMaged,2174,1606,1594
pjych1,2199,1755,1705
iliaaaaa,2208,1368,1418
_bLIC_,2223,1633,1612
vgtcross,2223,1735,1689
fox_cat,2237,1646,1622
ZrjaK,2255,1576,1568
abhayg_07,2273,1487,1502
Farsh_LE,2273,1847,1774
drath10,2281,1449,1473
Sanat,2294,1483,1497
shakhnoov,2294,1682,1646
ttamx,2319,1682,1645
kh0i,2386,1445,1466
LittleXi,2386,1513,1516
jliu12,2424,1803,1734
Frus,2424,1441,1462
iiand,2424,1517,1518
AlexThunder602,2424,1900,1809
kingmessi,2452,1914,1821
marc2825,2452,1640,1610
Yousef.Osama,2466,1533,1528
Pouyaaan,2494,1625,1597
MrDelrus,2515,1708,1659
rolandpetrean,2563,1274,1337
Seungni,2618,1603,1576
awesomeguy856,2654,1837,1754
danx,2686,1566,1546
wanxin,2686,1346,1384
Jamshed11,2715,1689,1639
Nxxlt,2738,1375,1403
eyadhjarray111,2821,1627,1588
aiduk,2943,0,521
FHQY,2943,1435,1441
AryRDW,3001,1775,1697
RobertoFirmino,3057,0,517
XDEv11,3116,1542,1516
muxingchengfeng,3116,1769,1689
efe0,3228,1738,1663
rajat376,3298,1918,1802
chenjunxiu,3323,1433,1429
Onur_Ilgaz,3366,1560,1561
rtckyw_,3394,1597,1550
-_TIMOFEY_-,3479,764,1037
QHJ123456,3479,1532,1499
SamyakSinghania,3563,1657,1593
Phi-001,3649,0,502
xjsgl654321,3649,1485,1460
NeroZein,3744,1571,1523
HusseinFarhat,3910,1170,1222
njustbacon,3910,1183,1232
Surver,3961,1608,1546
byyq,3994,882,1112
BerryPie,4055,543,869
scotchtape,4162,1557,1503
economist,4290,1210,1241
one_autum_leaf,4390,1623,1550
Cai_Guang,4483,1055,1183
Probka,4662,1710,1612
vlp,4735,1363,1343
Gondozu,4760,1573,1503
shade34,4880,1155,1188
leolee,5006,1182,1241
fireheart17,5196,1108,1206
MisterReaper,5715,1084,1177
Kepy,5782,477,784
Nummer_64,5848,1340,1305
MateiKing80,6046,1287,1261
Sir-Ahmed-Imran,6154,1356,1312
kondasujay2,6490,781,987
panda211panda,6680,1858,1702
xhytom,6868,1086,1096
GennadiySosnov,7017,1678,1552
Mohamed_Reda,7203,1537,1437
Nika533,7241,1435,1356
Tima19,7259,1384,1314
Peter-007,7372,1652,1524
Rayo,7372,1413,1333
dmot,7372,1521,1419
hhhyh,7372,1333,1270
Rising-coder,7963,1166,1129
ibrahimwq,8340,1372,1285
tanaygad,8680,1303,1224
Eslam_Saleh,9372,1293,1208
-dub-otrezkov-,10011,1087,1072
efishel,10519,1050,1067
shiqiaqiaya,11244,1312,1201
Aldk,11934,919,938
hqmm,11934,966,902
Kustov_Vadim_533,12310,1012,934
sai-17,13468,0,359
hariaakash646,13727,0,356
pera2008,13839,1435,1282
