handle,rank,oldRating,newRating
cnnfls_csy,1,3217,3427
ksun48,2,3493,3582
maroonrk,3,3471,3533
orzdevinwang,4,3189,3302
ko_osaga,5,3282,3355
tourist,6,3851,3757
jiangly,7,3634,3590
noimi,8,3105,3189
peti1234,9,2987,3093
Maksim1744,10,3240,3273
WYZFL,11,2726,2920
QAQAutoMaton,12,3202,3232
skip2004,13,2722,2867
Golovanov399,14,2950,3033
Ormlis,15,3147,3175
dreamoon_love_AA,16,2572,2740
hos.lyric,17,3012,3065
asdsasd,18,2648,2788
A_G,19,2564,2722
tute7627,20,2691,2813
pigstd,21,2463,2640
Nachia,22,2635,2764
tabr,23,2577,2718
physics0523,24,2403,2587
Pyqe,25,2775,2860
feecIe6418,26,2861,2921
SirShokoladina,28,2470,2625
dario2994,29,2788,2859
milisav,30,2494,2637
liuhengxi,31,2408,2572
PinkieRabbit,32,2711,2794
hitonanode,33,2846,2893
gyh20,34,3014,3016
kotatsugame,35,2954,2969
se1ka2,37,2463,2599
oleh1421,38,2796,2845
dorijanlendvaj,39,2957,2964
tatyam,40,2779,2829
ecnerwala,41,3294,3213
353cerega,42,2970,2968
hank55663,43,2866,2889
PubabaOnO,44,2728,2784
gisp_zjz,45,2935,2937
AoLiGei,49,2919,2919
Pointy,50,2300,2459
xcyle,51,2590,2670
chenxiaoyan,52,2750,2788
never_giveup,53,2841,2855
Noam527,54,2881,2883
daubi,56,2429,2544
chen_zexing,57,2112,2316
qiuzx,60,2514,2602
Endagorion,61,3088,3030
yosupo,63,3070,3014
SSRS_,64,2811,2819
sunzh,65,2393,2507
alireza_kaviani,67,2777,2790
hzr,68,2298,2435
kdh9949,69,2750,2768
Rubikun,70,2831,2827
zemen,72,2971,2931
Petr,73,3426,3271
fanache99,74,2480,2562
qwerasdfzxcl,75,2730,2747
rama_pang,76,2747,2759
1092515503,77,2646,2682
flashmt,78,2534,2598
jjang36524,79,2472,2551
potato167,80,2896,2867
MAOooOAM,81,2512,2579
Ronnie007,82,2444,2528
nikgaevoy,83,2502,2570
AwakeAnay,84,2256,2389
MagicalFlower,85,2445,2526
kshitij_sodani,87,2427,2511
dl720125,88,2645,2672
dXqwq,90,2615,2648
jtnydv25,92,2428,2507
A-SOUL_Bella,95,2824,2801
rainboy,96,2159,2310
Toxel,97,2623,2648
crazy_sea,99,2514,2566
Guoyh,100,2338,2435
kmjp,101,2601,2629
He_Ren,102,3020,2942
jacynkaa,103,2511,2560
Xellos,105,2654,2666
Kevin114514,106,2483,2538
RDDCCD,110,2176,2312
AutumnKite,111,2638,2650
lqx2005,116,2714,2703
Denisov,117,2199,2323
Kite_kuma,118,2442,2499
Mangooste,120,2437,2494
QAQAQAQAQ,121,2394,2462
orz,121,2818,2778
Savior-of-Cross,123,2625,2632
mtsd,124,2537,2566
KroosTheKeenGlint,125,2375,2446
Kude,126,2390,2456
feeder1,127,2528,2558
Marckess,131,2410,2468
HollwoQ_Pelw,133,2348,2421
natsugiri,134,2628,2628
antekb,135,2807,2763
chaeyihwan,136,2429,2479
fastmath,136,2491,2525
BilyHurington,138,2534,2556
Kaitokid,139,2331,2406
Hisiri,141,2364,2429
MatrixGroup,143,2333,2405
TheScrasse,144,2469,2505
maomao90,145,2359,2423
Soumya1,146,2118,2249
ainta,149,3184,3037
prvocislo,151,2135,2258
5ab,152,2245,2336
rembocoder,153,2474,2504
cmll02,154,2589,2589
PavelKunyavskiy,159,2750,2708
mmaxio,159,2449,2482
AlternatingCurrent,161,2340,2401
xukai,162,2129,2248
MofK,163,2593,2588
zqyyy,164,2374,2425
Omer223,165,2338,2398
sohsoh,167,2517,2529
Andycipation,168,2258,2338
neko_nyaaaaaaaaaaaaaaaaa,169,2539,2545
Asymmetry,171,2256,2335
anpoli99,174,2118,2235
cyh_toby,177,2210,2299
Enchom,178,2404,2440
InternetPerson10,180,2526,2531
leaf1415,181,2400,2436
-is-this-fft-,183,2409,2442
chasedeath,185,2535,2535
by_chance,187,2102,2218
shino16,189,2202,2288
Macesuted-Moe,191,2458,2475
TsukikoTsutsukakushi,193,2330,2380
dmga44,195,2575,2562
natofp,196,2447,2465
rniya,197,2381,2416
sevlll777,198,2518,2517
uwu,199,2481,2489
Lawali,200,2249,2318
ykl,201,2315,2366
salyg1n,202,2174,2263
Atomic-Jellyfish,203,2144,2241
TheAshenWitch,205,2252,2318
Kilo_5723,206,2156,2248
edenooo,208,2280,2337
LuCpp,209,2309,2358
w4p3r,210,2217,2291
Dorost,212,2416,2436
HuaJun,213,2247,2312
SomethingNew,214,2628,2595
_su1sen,215,2666,2623
JackPa,220,2364,2395
Makcum888,222,2104,2205
sky3141,223,2210,2281
vanwij,224,2136,2227
riano_,225,2469,2471
Ecrade_,227,2179,2257
Gassa,229,2340,2374
ethan_enhe,230,2207,2276
bashkort,231,2327,2364
Brian_Hsu,233,2195,2267
meOwO,234,2163,2243
XeQuadF,235,2150,2234
Numbering,238,2523,2508
QwertyPi,239,2361,2387
kevinxiehk,241,2545,2524
Xylenox,242,2254,2307
mjhmjh1104,244,2209,2273
Kostroma,245,2723,2657
green_gold_dog,246,2243,2298
le0n,248,1799,1982
Zesty_Fox,252,2294,2333
khuepr123,253,2505,2491
Nyaan,254,2602,2564
Crying,256,2433,2436
tranquility,258,2355,2376
Nutella3000,259,2385,2399
Kirill22,260,2639,2589
RNS_SJH,261,2395,2405
timreizin,263,2137,2215
HoshimiOWO,264,2324,2352
czhang2718,265,2227,2281
applese,267,2236,2287
meaningIess,269,2473,2462
Sulfox,270,2489,2473
AliShahali1382,272,2540,2511
installb,273,2288,2322
jonathanirvings,274,2545,2514
myee,275,2246,2292
HpSuda,276,2191,2251
loan,277,2085,2174
yixiuge777,279,2217,2269
simpatine,280,2201,2257
CIXTEEN,281,1926,2060
magnified,282,2200,2255
gzchenben,283,2532,2503
JettyOller,286,2565,2526
wind_cross,287,2251,2291
afterall,289,2561,2522
JianfengZhu,290,2703,2629
Nero,291,2105,2184
paula,292,2258,2295
w0nsh,295,2530,2498
Juanzhang,296,2454,2441
cxm1024,299,2119,2192
AHappyPotato,300,2268,2300
ghj1222,302,2163,2224
xuanxuan001,304,2276,2305
KumaTachiRen,305,2135,2202
mazihang2022,307,2118,2189
Spitfire_F_Mk_IX,307,2136,2202
Wonsei,309,2112,2184
darkkcyan,310,2432,2420
E_fireworks,314,2134,2199
TsReaper,315,2282,2307
kuzmichev_dima,316,2220,2261
antonis.white,318,2274,2300
Anonymous_Noob,319,2120,2188
VHTung,320,2187,2236
TurboPiKachu,321,1973,2082
Unique_Hanpi,322,2193,2240
gongkoufadongji,324,2264,2291
PixelCat,325,2149,2207
Colorless,327,2261,2289
xxh1999,328,2134,2195
Alexdat2000,332,2299,2315
stefanbalaz2,332,2126,2188
Igorfardoc,334,2397,2388
dannyboy20031204,335,2170,2219
Vectors_Master,336,2119,2183
Prostoegor239,337,2216,2253
HelloImTuan,338,2120,2183
CoachDanke,339,2143,2199
socpite,339,2131,2190
psoet,341,2140,2196
MAKMED1337,342,2190,2233
Z-301,343,1961,2067
Leasier,345,2102,2167
PersistentLife,345,1995,2091
kalimm,350,2149,2200
Hydrogen_zyx,351,2134,2189
tnowak,351,2384,2374
Luna_Sakurakouji,353,1930,2043
math957963,354,2265,2285
lmqzzz,356,2106,2168
yuanshen,360,2210,2243
Lylova,362,2107,2168
Jimanbanashi,364,2207,2240
BeyondHeaven,365,2277,2292
m_99,366,2674,2591
pooty,367,2318,2322
MateoCV,369,2374,2363
ace5,370,2324,2325
Kotoblepass,372,2140,2189
sunyuheng365,374,1963,2061
libobil,375,2111,2167
limanjun,376,2153,2197
Stelutzu,377,2126,2177
Tony2_CF,379,2238,2259
lorenzoferrari,381,1907,2019
fengchang,382,2191,2224
Celtic,383,2121,2172
al3xstr33t,384,2539,2485
TonySnark,385,2195,2227
dsbdsb,386,2143,2188
HCPS42,391,2281,2289
Hyperbolic,393,2406,2382
leo020630,394,2105,2159
jhhope1,395,2143,2186
Alon-Tanay,397,2256,2269
lexiyvv,398,2125,2172
Zimse.,399,2264,2274
ikefumy,401,2146,2187
fatemetmhr,402,2287,2291
StarSilk,403,2163,2199
ssamt,404,2379,2359
Edlue,405,2110,2160
zaq1xsw2tktk,406,2258,2269
FEDIKUS,407,2064,2126
Unlimited_zero,408,2163,2198
edsa,410,2170,2202
rui_er,411,2405,2378
raztun,412,1952,2044
Tom66,414,2107,2156
Tutis,416,2416,2386
koderkushy,418,2212,2232
NemanjaSo2005,420,2062,2122
hyman00,422,2215,2234
hxu10,423,2062,2121
Sakuyalove,423,2140,2178
marvenlee,430,1875,1985
ParsaS,431,2176,2203
Good_WeekDay_,432,1901,2004
irri,433,2161,2191
LetterC67,436,2187,2210
KaphI,437,2184,2208
j.w,440,2149,2181
lucyintheskywithdiamonds,441,2165,2193
MoQZ,442,1956,2040
YXHuang,443,1815,1939
oversolver,444,2266,2267
zhaohaikun,447,2226,2237
lnsuyn,448,2206,2221
sstrong,449,2216,2229
CReaper1116,450,1904,2002
wjli,453,2125,2161
ybw051114,455,2265,2264
SPD_9X2,461,2362,2337
isaachew,462,2089,2133
maks_matiupatenko,464,2290,2281
Fly_37,466,2350,2326
yz_,468,2199,2213
dranjohn,469,2104,2143
Eddard,470,2187,2204
vladmart,473,2109,2145
franfill,474,1923,2010
Chen__HX,475,2188,2204
asafiul,477,2189,2204
krzysztov,481,2111,2146
Sofapuden,482,2160,2181
Agua_Podrida,483,2480,2422
awoo,484,2424,2380
tfg,485,2557,2481
Sweezy,486,2132,2160
Dilute,488,2196,2207
alexchist,489,2179,2194
The_Hallak,490,2112,2144
induk_v_tsiane,492,2119,2149
swiftqwq,493,2127,2154
74TrAkToR,493,2415,2371
Hongzy,497,2246,2243
OTTFF,499,2036,2088
plagues,501,2116,2146
smarthehe,502,2315,2294
elizarov,504,1952,2026
Fortitude,505,2247,2242
brobat,506,2185,2195
DELTARUNE,507,1985,2049
wyzwyz,509,2244,2239
DeadlyCritic,510,2072,2112
ttsweet,512,2102,2133
psruk,513,2152,2170
555,515,2157,2173
realcomplex,517,2357,2323
Jeuti,517,2148,2167
KKT_89,519,1913,1995
grass8sheep,521,2286,2269
TranBaoDuy,522,1957,2026
Temmie,524,2163,2176
bthero,525,2374,2335
junseo,531,2186,2192
I_love_Michel_Sardou,534,2112,2137
EnofTaiPeople,536,1900,1982
Nson,538,1877,1965
Aokana,539,2589,2496
gohan123,540,1978,2038
Jonas01234500,541,1889,1974
purinliang,542,1980,2039
sdyakonov,543,1787,1899
Wuyanru,543,2155,2167
bntti,546,2202,2202
__Jeffrey_22,547,2201,2200
Nisanth,549,2183,2187
culver0412,551,2093,2120
Antiamuny,553,1938,2007
mc._cari,554,1998,2050
Sana,555,2478,2409
zhendelan,556,1977,2034
CSQ31,557,2171,2176
gustavoleal,558,1911,1986
early-morning-dreams,559,2119,2138
verjun,560,1931,2000
tiom4eg,562,1971,2029
fork,564,2137,2151
Lam_lai_cuoc_doi,565,2090,2116
smalyarovsky,566,1732,1855
Kaey,567,2415,2359
Weobe,568,1957,2018
gansixeneh,572,2066,2097
lightseba,573,2235,2222
suyiheng,578,2323,2288
anmichi,580,2369,2323
wangjinbo,583,1969,2024
JYJin,585,2216,2206
toam,586,2111,2128
cmk666,588,1341,1635
US3RN4M3,590,2102,2120
dimss,593,2156,2160
faustaadp,595,2306,2272
machine_solution,596,2188,2183
DanielChang,597,1935,1996
xzc0920,601,2189,2184
sys.,602,2551,2459
Lyde,607,2115,2127
IsaacMoris,608,2156,2158
xudian,609,2187,2181
zacharychao,610,2169,2167
altgifted,611,2116,2127
djs100201,614,2168,2166
espr1t,615,2102,2116
Radin_Zahedi,617,2162,2161
zzpcd,621,2111,2123
gs17005,622,2100,2114
reeWorld,622,2123,2131
lizh1,630,2014,2050
Kerim.K,632,2228,2209
Kira_1234,633,2104,2115
WindFromTmw,635,2144,2145
tem_shett,636,2125,2130
zuno,637,1901,1966
Roundgod,640,2633,2516
NegaTeeF,640,2262,2233
Jaydeep999997,644,2137,2138
Kankei_Nai,645,2026,2056
Plecak,646,1247,1588
Beacon,647,1834,1915
chuchu,657,2106,2114
andreyDagger,658,1981,2021
jason_sun,660,1675,1798
minmise,661,2128,2129
qawszx,661,2120,2123
gzw2005,664,1953,2000
stryer,665,2213,2193
Yzm007,669,2145,2141
dapingguo8,670,2263,2230
Gwen,675,1912,1968
hxhhxh,678,2119,2120
Misuki,680,2121,2122
windva,682,2107,2110
Cegax,684,2159,2150
blobugh,686,2356,2298
garam1732,687,2144,2137
NRolly,687,2100,2105
misorin,693,2191,2172
PBBx0,694,1722,1826
ahshafi,695,1737,1838
JustNik77,695,2028,2051
miscalculation53,698,2164,2151
PrinceBubblegum,699,2100,2103
nanatoday,702,2123,2120
Xu_Hongxi,705,1705,1812
konbi,705,1844,1914
BreakPlus,705,1921,1970
MohammadParsaElahimanesh,708,2030,2050
Morisz10,708,1926,1973
mihleonid,711,2109,2109
Rafi22,713,2326,2273
noya2,717,2139,2130
114514,723,2162,2147
Cu_OH_2,726,1525,1679
AmmarDab3an,726,1606,1737
lddlinan,731,2122,2115
zundamochi_1117,731,2167,2149
XfarawayX,733,2062,2070
EricQian,734,2306,2254
NusGhy,738,2268,2225
geruome,739,2268,2225
DW_Zhouyu,743,2232,2198
iamnifer,750,2143,2130
GoogleBot,751,2202,2173
vpike,752,2124,2114
jucason_xu,755,2133,2121
mafailure,755,2011,2029
ChenKaifeng,757,2341,2279
rt3,759,2317,2260
Alfeh1,760,2141,2127
Zhangxuyang,762,1870,1925
LXH-cat,765,2344,2280
youhuo,765,1766,1848
yangjl,768,1938,1974
CRH380BL,769,2331,2270
dialnote,770,2188,2160
TulipeNoire,771,1269,1555
Gheal,774,2128,2115
caan_do,776,2236,2197
H2J,781,1773,1852
Galetx,783,1569,1739
Setsuna,785,1991,2011
wsyear,787,2176,2149
JustasZ,790,2172,2147
grishared,791,1650,1761
_Lingyin,794,2016,2029
DiegoGarcia,795,1742,1827
udhavvarma03,797,1517,1663
Chel_2,798,2118,2105
I.Gleb,808,2145,2124
Francesco4203,809,1765,1842
csyakuoi,812,2138,2118
ArtAlex,813,2187,2155
Timonnable,814,2269,2217
lelbaba,815,2104,2091
MarcosK,816,2129,2111
zltzlt,817,1897,1938
zhouyuheng2009,817,1705,1797
keyurchd_11,821,1847,1900
hoainiem,823,1945,1972
784,829,1918,1951
Ilya_MSU,832,2442,2349
Icedpiggy,832,1958,1981
Kaibad,842,2191,2154
_Siki_,842,1666,1802
bobbilyking,844,1854,1902
r57shell,846,2010,2018
m_rd,852,1573,1696
piaoyun,863,2135,2109
coder_supreme,866,1541,1671
leexzq,867,2090,2075
ssk4988,868,1667,1762
clfzs,873,2212,2168
lxhgww,873,2060,2052
Beaver_old,877,2050,2044
fishy15,880,2137,2109
forget-star,881,1867,1907
RegenFallen,883,1827,1878
pill,884,2211,2166
icecuber,884,2558,2433
tostes,888,2016,2017
Imakf,900,2283,2219
delena0702,902,1880,1915
rickbaishuak,904,1894,1925
alxwen711,906,1737,1809
zzuqy,907,2022,2020
zuytong,910,1207,1523
ibrahim001,917,1893,1923
JeffreyLC,918,2143,2110
Ertugrul28,918,1650,1744
HwSh,922,1771,1832
CSHwang,925,2371,2285
lsantire,926,2139,2106
Kniaz,928,2144,2110
dsolunov,929,2159,2121
Jinjazilla,931,1732,1802
ub33,933,2117,2089
EJIC_B_KEDAX,934,1856,1893
Shigen,938,1742,1809
ikrpprppp,938,2109,2083
JagguBandar,948,1834,1876
Mahmoud_Haddad,949,2157,2118
Flamire,952,2239,2181
beacon_cwk,955,2223,2167
oval_m,965,1743,1807
alpha_kotenok,967,1982,1983
nmbb,973,1948,1958
tch1cherin,975,1899,1921
Boboge,978,2113,2082
thecold,980,2169,2123
zlxFTH,983,1746,1808
SpadeA261,988,1854,1887
invertedwinger,989,1647,1734
tanus_era,996,1840,1875
Suiji_SUI,1002,1865,1893
wanghai673,1013,1794,1840
koooooooooooooooo,1015,2149,2106
khangai11,1016,1757,1812
Timur2006,1016,1693,1765
hocky,1019,2058,2036
coong,1019,1602,1698
GStnt,1021,2127,2088
magnuseifr,1023,1826,1862
Edu175,1026,1534,1648
1075508020060209tc,1028,1672,1748
STOPTHEWAR,1032,2127,2087
adamant,1037,2269,2195
csegura,1039,1776,1824
Graygoo_401,1039,2153,2106
Anastasia_Yun,1041,1837,1869
howardyang,1042,2207,2147
aymanrs,1046,2055,2031
ngpin04,1047,2359,2265
minhnguyenxuan60,1049,2010,1997
GoatTamer,1050,1856,1882
IBory,1055,2208,2147
ABalobanov,1056,1878,1898
Iratis,1060,1754,1805
drdilyor,1061,1492,1614
HCCH,1062,1662,1738
Wibo,1063,2140,2094
45muillaht,1064,2013,1998
awaqwqwqawa,1066,2029,2009
kimmoqt,1073,1609,1698
Micchon,1076,2116,2074
lovekdl,1078,1580,1675
Shahrad,1079,2064,2035
dyppp,1084,2087,2052
Spouter_27,1087,1773,1817
Yugi.Hacker,1088,1956,1952
_LeMur_,1088,2181,2123
Kirkon,1093,1798,1834
TAIYANGFENG,1094,1998,1984
TheLostCookie,1096,2349,2253
wildfire032,1100,2088,2051
VLamarca,1102,2097,2057
Badint,1107,2172,2114
XG0000,1108,2106,2064
Abdel-AzizMostafa,1109,2119,2074
Serendipity__,1110,1911,1917
_lbw_,1111,2183,2123
cp152,1112,2192,2130
cc4414,1113,1873,1888
Valera_Grinenko,1115,2166,2109
Imdie,1115,2061,2030
Joler_,1119,1774,1814
Dukkha,1122,1258,1442
KazmetreD,1124,2059,2027
wnmrmr,1125,1902,1909
RakibJoy,1126,1768,1809
GustavoMG,1127,2167,2109
emthrm,1130,2646,2482
otoshigo,1132,1833,1857
pty6666,1140,2130,2080
shinbay,1141,2111,2065
martins,1142,1949,1942
Madboly,1146,1508,1616
Nzt3,1155,1961,1950
nathan_luiz,1156,2137,2084
monologue,1157,1854,1870
AmirrzwM,1158,2142,2087
k1r1t0,1159,1834,1855
wuhudsm,1164,1859,1873
Hank2019,1169,1924,1921
Mediocrity,1171,2131,2077
FelixMP,1173,2163,2102
Nanako,1174,2257,2174
HaPpY1213,1175,1955,1944
overnap,1177,1907,1908
SMIrrichto,1178,1771,1806
Penguin07,1179,1875,1883
lanos212,1185,1105,1419
aufannn,1185,1800,1827
VinstaG173,1187,1937,1929
MaSkA05,1190,1938,1930
YYYLLL2021,1192,1740,1782
thisisis,1193,2066,2026
ParsaDox,1196,2145,2086
Esomer,1197,1860,1870
mjtai,1198,2178,2112
amirhoseinfar1385,1198,2126,2071
Astolfoo,1200,1159,1458
ghoul932,1202,2108,2057
Doru,1202,1891,1893
GrandSouris,1204,2224,2147
ElyesChaabouni,1206,1861,1871
brenner1,1208,1804,1828
RedMind,1209,2164,2100
DreadArceus,1210,1518,1617
DF_3Mz,1211,1906,1904
Kihihihi,1212,2113,2060
perchuts,1215,1751,1788
2514631360a,1216,1714,1760
Wael_Zaiback,1220,1850,1861
CDuongg,1222,1750,1787
Teja-Smart,1222,2105,2054
Rainbow____,1226,2038,2002
Mirbek,1227,1672,1728
profchi,1231,1981,1959
dreami63,1234,1568,1651
tolbi,1238,1741,1778
Jlyfish,1241,1466,1576
GALA,1241,1960,1942
chemthan,1243,2246,2160
shojin_pro,1244,1695,1744
Aus21,1256,2210,2132
linlincaleb,1257,2158,2091
Irmuun.Ch,1260,2115,2058
ScarletS,1269,2129,2068
egge,1273,2099,2044
trainerherp,1274,1988,1960
world_classic,1274,1725,1763
MagentaCobra,1279,2120,2060
trainwithoutpain,1280,2414,2290
Tima,1283,2284,2188
zsc985246,1284,1783,1806
Owmicron,1287,1879,1877
Abdulrahman27,1288,1864,1866
ligaydima,1288,2123,2062
Ahmed_Salah7,1290,1925,1912
Romy67,1292,1854,1858
JorimJang,1303,1294,1550
yukai,1304,1843,1849
mishanya_stulov,1305,2122,2060
Redcrown,1307,1919,1906
cuiaoxiang,1312,2182,2106
Ekler,1322,2138,2071
sumon123,1325,1680,1726
tatata96,1329,2024,1984
qq11123334,1331,1942,1921
hieunguyen193,1333,1771,1830
LovelyEther,1342,2143,2074
ahihi1234,1346,1868,1864
thanhchauns2,1347,1911,1897
sedev57,1350,1875,1869
golions,1352,1913,1897
Xc4l16r3,1352,2052,2003
chenyewei_1234,1358,2042,1994
XDEv11,1359,1494,1586
siganai,1362,2106,2043
slah007,1366,2268,2169
harsh__h,1373,2183,2102
laozhu1234,1375,1995,1957
kerm21,1377,2275,2174
jvmusin,1384,2043,1994
Nahian9696,1386,1760,1780
Ynoi,1387,2017,1973
ButterflyDew,1395,2156,2079
Wandoka,1395,2115,2048
curly_braces,1405,2044,1993
okok,1410,1885,1872
HOLlC,1410,2181,2097
a.nasretdinov,1410,1870,1861
Jamshed11,1413,1628,1680
luicosas,1418,2126,2055
stan23456,1421,1854,1847
Tx_Lcy,1424,1357,1483
buko,1426,2200,2112
welleyth,1434,2136,2061
Monazo1997,1438,1960,1926
jiangbowen,1440,2149,2071
D0min0,1442,2036,1984
MahmoudAshour,1444,1940,1911
niike0goood,1445,2033,1982
Vin__ar,1449,2143,2065
Dawnq,1451,2031,1980
Papaver,1461,1844,1901
leihonglongyin,1463,1841,1835
recollector,1464,1682,1716
abdu.srazh,1471,1665,1703
TJ_Andeviking,1475,1868,1854
eepsilon,1476,1993,1948
huikang,1480,2235,2135
doing,1485,1690,1721
berr,1489,1740,1757
KoKonuts,1489,1053,1355
mban259,1497,2146,2064
diobrando97,1499,1305,1439
kozliklekarsky,1499,1873,1856
s20b1_chernikov,1503,2265,2157
KDVineet,1508,2142,2060
borgar02,1512,2157,2072
sv1shan,1513,1789,1792
Dart-Xeyter,1516,2216,2118
zbceyond,1517,1657,1693
ciuim,1519,1815,1811
shdut0901,1526,1668,1701
Surver,1529,1418,1517
jiangtaizhe001,1530,1964,1923
HaccerKat,1546,2081,2011
h_squared,1551,1861,1844
nifeshe,1563,1743,1754
Aestivate,1566,1514,1584
t98slider,1570,2234,2129
onglu,1572,2240,2133
enzopsm,1572,1835,1822
Beevo,1586,1825,1813
umezo,1591,1775,1776
zezoo050,1595,1487,1562
wdnmdwrnmmp,1602,1578,1629
Bedoo,1602,1857,1837
Aeon,1607,2189,2091
PMPuns,1615,1669,1695
ayush_raj.21,1627,1776,1774
John_zyj,1636,1928,1888
skahl15,1638,1389,1488
Handsome2004,1641,1899,1866
ivatopuria,1647,2114,2030
drath10,1650,1594,1637
Kawaii,1651,1817,1803
kwm_t,1655,1896,1863
fast_photon,1659,1704,1718
kwoncycle,1668,1871,1843
cuom1999,1677,2376,2234
mohamedeltair,1677,1759,1758
yupooh,1681,1836,1816
--tofu--,1685,1716,1725
Eslam_Saleh,1686,1109,1292
psychobot,1687,1910,1872
kohandy,1694,1986,1929
lbntxdy,1695,1771,1765
NTT,1716,1829,1808
bugmaker3243,1726,1534,1588
Error_Yuan,1744,1626,1654
Warma_Cute,1749,1608,1641
FzArK,1752,1681,1695
_Jasper,1759,1526,1616
Fyind,1761,2123,2030
M_bolshakov,1761,1718,1722
isirazeev,1763,1638,1662
Mohammad-Parsa,1766,1933,1884
Apachee,1786,1723,1724
ekatsim,1797,1920,1872
IHateGeometry,1804,1146,1368
lotusblume,1805,1982,1919
larsr,1810,447,896
McPqndq,1823,1793,1775
anpaio,1823,1587,1621
dusty.and.rusty,1832,1978,1914
pp_orange,1840,1574,1610
catforces,1885,1959,1897
guagua0407,1906,1267,1384
SamyakSinghania,1919,1402,1479
asiad,1939,1448,1511
dyktr_06,1939,1798,1771
nkwn,1946,1977,1906
PEIMUDA,1980,1844,1804
Hammer,1988,1824,1788
a_little_cute,2007,1659,1663
YamOCHca,2022,1646,1652
rajat376,2028,1741,1724
Karavaiev,2032,1690,1685
mooyomooyo,2035,1229,1415
mcbanana,2045,1652,1655
M998244353,2072,1145,1386
sweet_hope25,2080,1808,1771
waipoli,2089,1475,1521
Fido_Puppy,2097,613,1000
Hovery,2112,1351,1430
AdhityaMangudy,2143,1434,1489
Yomapeed,2169,1842,1792
Alex239,2171,1628,1631
HugeWide,2182,2151,2030
A_cloud,2209,1163,1356
_bLIC_,2213,1661,1653
tyoi_ak_master,2237,1483,1556
cfhj,2243,0,559
KseniaShk,2253,2026,1928
Zain,2258,1879,1815
wjh666,2261,1492,1525
Omar_Mohammad,2273,1583,1591
hl666,2282,1897,1828
sxrcodeforces,2285,1419,1469
egor4kus,2288,1580,1588
marc2825,2303,1593,1597
LoboLobo,2386,2118,1993
Lavine,2418,2173,2036
ArvinCiu,2431,1785,1736
erankyun,2433,2063,1949
Atekichan,2438,1559,1566
Chahel,2440,1621,1612
outfinity,2443,1761,1717
sergeev.PRO,2466,1809,1752
ctgg,2469,1721,1686
Taktikatikin,2472,1148,1331
Dominater069,2475,1542,1550
collares,2483,2225,2074
DoNotMoZheng,2485,1942,1853
fireinferno,2493,1722,1685
ORzyzRO,2515,1368,1421
p3rfect,2520,2156,2018
gqf123,2539,1747,1702
thisIsMorningstar,2544,1696,1663
Genius_dream,2546,2009,1901
knightmare_,2571,1376,1424
lvkaiyi0811,2571,1545,1611
Nxxlt,2577,1350,1405
plevande,2589,2127,1992
estoy-re-sebado,2592,1538,1542
FBI,2603,1697,1661
dlnd_vth,2609,1252,1333
jhkoh,2616,2120,1986
XaRDKoDblCH,2621,1848,1775
Farsh_LE,2622,1701,1664
hakaishin_3181,2634,1462,1483
Ignut,2673,1757,1704
ahmad_alghadban,2679,1624,1603
Rodionno,2687,1785,1725
HIJAZ,2695,1786,1725
sgc_KrySF,2702,1861,1781
MISM06,2710,1583,1570
Giga_Cronos,2719,1896,1808
mariowong,2726,1760,1704
Shyn_,2736,1642,1614
c.young_sb,2741,1846,1806
inoader,2765,1418,1445
Mc3X,2807,1545,1538
shenfe1,2853,1683,1640
Lyamzin_alexandr,2857,2164,2010
adurysk,2863,2103,1962
the_computer_jock,2866,2102,1961
Issa,2870,1671,1630
makcvim,2871,1684,1640
MikhailKapitov,2878,1764,1700
Kinon,2882,2035,1908
Dragokj03,2886,1551,1539
Ush1su,2901,1521,1516
xuyifei1,2911,909,1169
vioalbert,2961,1928,1822
Azm1t,2961,1376,1405
as_dfsdf,2979,2220,2051
Nelson_loh,2984,2088,1946
plourde27,2987,2182,2020
apostoldaniel854,3004,1896,1796
becaido,3008,2279,2098
Artem_Sukharev,3012,2122,1971
nitss9,3020,2003,1877
Lol2004,3020,1716,1658
ManhA3K54,3034,1514,1505
Wmic.,3034,1149,1296
QAQqqqqqq,3058,2106,1957
Nika533,3095,1553,1532
Pujx,3101,865,1128
_Gawd_,3115,1656,1609
Final_Track,3123,1489,1482
MASTERB4APRIL,3141,1469,1467
gortomi,3182,1373,1455
nikuradze,3208,1728,1660
abhayg_07,3214,1252,1305
0x0002,3219,1345,1372
anhkha2003,3243,2063,1916
alex.kudryashov,3243,1697,1635
kkk20002,3284,1584,1548
LinkWish,3304,1826,1731
NovusStellachan,3304,952,1185
FatihCihan,3314,1577,1542
michao,3352,1945,1821
Alihan_8,3384,1427,1426
AryRDW,3399,1480,1465
Anonyme,3487,1576,1535
Cromel,3516,1416,1412
edogawa_something,3565,1617,1562
ahsoltan,3594,1251,1325
popescuadrian,3616,1762,1672
Lurtruoso,3636,1692,1618
raulandreipop,3656,1737,1651
LordVoIdebug,3686,2164,1982
Dolce_Banana,3740,1609,1551
Tobo,3760,1807,1701
yeminghan,3778,1582,1567
robertoeugenio,3853,1821,1709
tuxuanming2024,3860,1741,1648
Survivor_winner,3885,1575,1520
meowcneil,3920,1929,1790
nooooob_KiFaH_HeLaL,3928,1757,1658
quaha,3983,1228,1293
kzyKT,3994,2148,1961
Nuris,4021,1611,1544
lsj2009,4021,1250,1271
flygon,4085,596,904
GidrAcH,4138,1577,1514
kunzaZa183,4194,1741,1638
ooscode,4305,1170,1203
lishujia090623,4321,988,1139
QHJ123456,4497,1242,1311
duhless,4589,1062,1151
Noobish_Monk,4619,1777,1654
shrapnelzz,4692,1719,1607
sleepntsheep,4738,991,1127
mychecksdead,4747,1742,1623
makrav,4750,1799,1668
__sig,4755,1670,1567
lukameladze1,4755,2237,2013
mkisic,4769,1810,1674
Mans-21,4792,1644,1546
dolbaeb,4792,1613,1522
Amtek,4821,2244,2018
qmr_wa,4821,830,1041
_RedWine_,4821,1800,1666
AST_TheCoder,4881,1947,1778
xx_mmc,4881,585,870
Dragnoid99,4925,1803,1665
mily,4925,1626,1528
IanISam,4957,1160,1171
Hata_no_Kokoro,4957,1513,1439
Do_not_make_friends,4957,1141,1158
Eliaster,4957,1785,1650
ARMINIUS,5000,1524,1447
guperman,5038,2128,1918
Vassu05,5085,1424,1367
pera2008,5085,1447,1385
Shayan_Shirazi,5124,1224,1213
Sir-Ahmed-Imran,5209,1031,1070
ulorew,5338,1337,1292
STommydx,5509,1747,1608
pecksniff,5716,1410,1339
Mohamed_Reda,5752,1164,1148
Valters07,6020,2104,1879
wzihan,6194,1323,1328
wanxin,6209,1308,1247
manizare,6248,1598,1475
kaztayev,6318,1505,1400
Abhishek_Srivastava,6888,1039,1016
MateiKing80,6961,1182,1126
xjsgl654321,7014,1310,1227
TrendBattles,7152,1143,1088
Pagode_Paiva,7293,1304,1215
BallBreaker,7440,1344,1207
Flaming_Blade,7440,0,357
Kurorz,7440,2168,1885
JustiEe,7440,1318,1184
p__ce1052,7440,1407,1262
Tima19,7440,1410,1264
GennadiySosnov,7440,1369,1229
iliaaaaa,7440,1201,1080
HusseinFarhat,7440,1128,1015
Xiaohuba,7440,1260,1133
