handle,rank,oldRating,newRating
Jarif_Rahman,5,2074,2261
LightningUZ,6,1982,2188
rqoi031,8,1566,1897
Fly_elephant,10,1988,2169
flytime,11,2068,2220
wsc2008qwq,15,2062,2199
_Purslane_,15,1931,2107
tostes,17,2094,2216
apostoldaniel854,22,1812,2010
juraws,24,1789,1990
the_computer_jock,26,1944,2095
NovusStellachan,29,1655,1893
Wilson_Inversion,30,2078,2182
Morisz10,32,1995,2120
Icedpiggy,34,2099,2192
zltzlt,36,2010,2126
Liuxizai,37,1659,1884
mircea_007,41,1686,1897
MarcosK,43,2058,2152
ahshafi,53,1860,2003
rainboy,54,1579,1812
kriepiekrollie,60,1633,1842
321625uzki,62,940,1445
mahdi.hasnat,64,1942,2050
Issa,67,1837,1974
visho33,68,1980,2074
awaqwqwqawa,73,2051,2121
isaachew,74,1986,2073
meowcneil,75,1818,1955
mazihang2022,76,2099,2153
Kahou,77,1802,1942
tolbi,79,1797,1937
a_nanas,80,2060,2122
__builtin_gjr,80,2047,2112
Jonas01234500,82,1893,2002
ParsaAp,85,1943,2035
induk_v_tsiane,86,2015,2086
Good_WeekDay_,88,1851,1969
CReaper1116,89,1993,2068
pp_orange,89,1798,1931
mban259,92,2090,2137
bit-2-coder,96,1936,2024
RedStone,99,1810,1933
GoatTamer,104,1892,1988
DaNeK0201,106,1894,1988
otoshigo,106,1963,2037
eepsilon,109,1975,2045
ButterflyDew,111,2055,2101
gleb.astashkin,111,1984,2050
AmirAli-Asgari,115,1976,2043
enzopsm,120,1980,2044
Z_i_X,124,1534,1733
sgc_KrySF,126,1925,2002
mr.kolya,128,1980,2040
wangxiwen,128,1915,1993
Irmuun.Ch,128,1927,2002
HaPpY1213,133,1964,2026
Kolychestiy,133,1946,2013
mafailure,133,1983,2040
s_jaskaran_s,139,1964,2025
profchi,140,1800,1908
prins,141,2032,2073
Wangxueyi,143,2009,2055
shadow9236,144,2073,2102
michao,145,1955,2016
jiangtaizhe001,147,1943,2006
amirhoseinfar1385,155,1911,1981
Theresa_Apocalypse,157,1944,2003
Thallium54,160,2076,2098
SpadeA261,161,1941,2000
PineapplesOnPizza,162,1962,2015
MnTm,164,1907,1974
monologue,169,1886,1958
Anastasia_Yun,170,1839,1924
abisheka,171,1905,1970
BenjaR,176,2002,2039
Giga_Cronos,177,1944,1997
NTT,179,2036,2063
sv1shan,180,2014,2046
fatemetmhr,183,2065,2083
Nagrarok,183,2094,2104
Genius_dream,185,1889,1954
gen,189,1871,1941
I_love_Michel_Sardou,191,2016,2045
wishgoodluck,195,1878,1944
aryan12,200,2014,2041
Meloric,202,1920,1972
IvayloS,202,1990,2022
oadey89,204,1920,1971
n3_,207,2013,2038
udhavvarma03,214,1800,1883
jhkoh,214,1988,2018
dredwerkz,216,2056,2067
yzy1,217,2023,2043
nitss9,218,1963,1999
yukai,221,2024,2043
Bimil_Buke,223,2023,2041
DaiRuiChen007,225,1537,1696
RegenFallen,227,2043,2055
KoreaL2KStRiKe,234,1916,1961
plevande,238,1918,1961
pufanyi,239,2033,2045
Yzm007,241,1999,2019
gqf123,242,1836,1901
H2J,244,1850,1911
pill,245,2020,2034
Routec,246,2032,2042
Mamedov,246,2091,2086
zwezdinv,248,1894,1941
icosahedron,249,2021,2033
r57shell,254,2053,2056
lyx123886a123886,256,1351,1562
golions,262,2029,2036
anton_h,262,1982,2002
Plurm,262,2026,2034
NKheyuxiang,266,2085,2078
Apachee,271,1640,1755
Hagry,274,1565,1703
DreadArceus,277,1773,1848
ivatopuria,284,2011,2020
tredsused70,287,2046,2044
PenPineappleApplePen,294,1985,1998
Gaoyc,296,1667,1769
McPqndq,297,1996,2005
ch_g,299,1877,1919
k_balint,300,1733,1814
lvkaiyi0811,303,1647,1754
nooooob_KiFaH_HeLaL,308,1757,1831
lnsuyn,309,2077,2063
wnmrmr,313,1986,1995
ctgg,315,1845,1892
Vectors_Master,321,2085,2068
HaccerKat,322,1969,1981
0x0002,325,1432,1599
Sinocchi,325,1918,1943
QY2002,330,1615,1781
quanmcvn,330,1993,1998
_CbrX_,332,1826,1875
anhkha2003,335,1984,1990
wuhudsm,336,2039,2031
stan23456,336,1838,1883
sinus_070,340,2087,2066
kuzmichev_dima,342,2048,2037
MvKaio,344,2008,2006
someone__,346,1849,1889
sunyuheng365,351,1952,1963
rfhalb,354,1527,1659
SlavicG,358,1958,1967
dungdq,362,1928,1944
Andrei_ierdnA,368,1632,1730
bronze_coder,371,1873,1903
Wolam,376,1841,1879
wa_233,379,1597,1704
GSYL,380,1941,1951
Lingying,381,1644,1736
tdzl2003,391,692,1148
ScarletS,394,2019,2006
lukameladze1,396,2047,2027
PoPularPlusPlus,396,1881,1905
awesome_idiot,398,1931,1940
omeganot,400,1907,1923
Intellegent,402,1853,1883
LipArcanjo,404,2045,2025
IceYukino,405,1703,1774
Prateek,406,1762,1817
Mahmoud_Haddad,407,2015,2002
Ayalla,407,1923,1934
Misha100896,411,2063,2038
sedev57,411,1883,1903
k1suxu,413,1811,1851
sumon123,414,1841,1873
JagguBandar,415,1865,1890
czhang2718,418,2067,2039
inhibitor_81,422,1933,1938
Jinjazilla,422,1562,1672
aManwithaVan,424,1810,1848
aqxa,424,1688,1760
eggag32,427,1895,1910
Mirbek,429,1887,1903
JYJin,429,2091,2056
drdilyor,432,1941,1944
lotusblume,434,1884,1900
sg78276397,437,1569,1674
world_classic,439,1766,1814
t.kwiatkowski,442,1961,1957
DAleksa,444,1965,1960
thisIsMorningstar,445,1779,1823
kingmessi,446,1931,1934
Jaydeep999997,446,2031,2009
Wael_Zaiback,448,1862,1883
Jie-XuSheng,448,1149,1439
Agnus,451,2021,2001
Gwen,463,1956,1949
makcvim,463,1667,1739
Farsh_LE,470,1572,1671
Ush1su,473,1625,1708
dunda,478,2081,2042
OctaneC8H18,478,1777,1817
-Complex-,478,1795,1829
Andy_Lin,485,1819,1846
recollector,490,1777,1814
ArvinCiu,490,1659,1729
ABalobanov,496,1905,1908
ElyesChaabouni,496,1698,1756
kzyKT,496,1923,1921
TAIYANGFENG,502,1984,1966
goncharovmike,503,1781,1816
nhuhieu193,515,1668,1733
I_HATE_GEOMETRY,518,1377,1529
--tofu--,520,1897,1899
L3ungj,520,2074,2033
tyr0Whiz,526,1926,1920
purinliang,526,2039,2005
THE__BUG,530,1788,1817
Linx,530,1790,1879
AcPlusOne,530,1767,1802
mknayam,536,1879,1884
Fish_and_Chips,536,1672,1733
Eliaster,542,1516,1622
verjun,546,2000,1974
Chelovek9,546,1675,1734
Valters07,548,1998,1972
Mohammad-Parsa,551,1855,1864
brenner1,558,2004,1975
ha___il,561,1386,1528
Jamshed11,568,1677,1733
rajchd_11,572,1691,1743
chenyewei_1234,572,2045,2005
mark,575,1458,1577
Maruzensky,576,1994,1966
Ann,583,1920,1909
Gurban,583,1841,1851
BRABABABABASHKIR,588,1634,1699
Vitaly503,591,1909,1900
jimywang,591,2097,2042
k1r1t0,600,2006,1972
dbsoiforever,600,1114,1419
psychobot,608,1908,1897
mooyomooyo,608,1656,1713
FlowRays,611,1755,1784
panda211panda,611,1856,1858
turkhuu622,614,2071,2020
tokitsukaze,614,1791,1810
tch1cherin,614,1948,1926
joseacaz,624,1861,1860
Nuris,624,1793,1810
limbo16,632,1959,1934
HCCH,637,1752,1779
sweet_hope25,637,1771,1793
celin,637,1432,1551
Nazar,641,1852,1852
ayush_raj.21,641,1740,1769
fahimcp495,650,1895,1883
ikrpprppp,650,2056,2005
Blinov_Artemii,650,1637,1694
Zain,658,1965,1936
Luna_Sakurakouji,662,1874,1866
wjh666,672,1602,1667
Arnob,672,1860,1855
Svyat,680,1921,1901
Nyatl,680,1783,1798
MISM06,685,1669,1713
BabaVoss,690,1810,1816
Tobo,699,1648,1697
parsa-golestani,706,1659,1705
NemanjaSo2005,713,1810,1814
volochai,738,1795,1801
Weobe,744,1950,1917
de_sousa,744,1947,1915
UshanGhosh,748,1868,1855
YazanAlattar,752,1867,1853
ssk4988,757,1762,1775
Scalm,757,1882,1864
Hanghang007,761,1994,1949
BERNARD,768,1967,1927
Momiji,772,1754,1767
Wansur,781,1807,1805
Lolboyyyy,781,1806,1805
zbceyond,791,1786,1790
alexdd,791,1556,1622
coder_supreme,791,1560,1625
jakao,797,1876,1856
0-jij-0,800,1899,1874
Msstt,814,1838,1827
ciuim,814,1945,1908
Yomapeed,822,1905,1877
snowysecret,822,2077,2008
omikad,833,1786,1786
Anonyme,837,1587,1640
GettyToasted,837,1536,1639
_Gawd_,847,1651,1686
Dominater069,855,1674,1702
cpbeginner,866,680,1083
gupta_samarth,870,1979,1929
bruno.iljazovic,874,1971,1923
JustNik77,879,2014,1955
Runtime-Terr0r,885,1829,1814
Pols_Agyi_Pols,896,1717,1730
konbi,896,1854,1833
kunzaZa183,896,1607,1649
skahl15,901,1584,1632
annyeong1,901,1575,1627
harsh__h,901,1715,1728
qwexd,907,1752,1755
pecksniff,907,1523,1588
XaRDKoDblCH,928,1711,1723
Dragokj03,930,1628,1662
great_fortune,930,1850,1827
scotchtape,936,1673,1695
Capps,938,1490,1562
shenfe1,951,1581,1626
5sb,960,1899,1900
komite,960,2033,1964
784,980,1985,1927
SK1PY,985,1886,1850
_RedWine_,990,1581,1623
Cu_OH_2,990,1877,1844
sweetsc,990,1697,1709
SUN.LOVE,995,2047,1973
cup_of_coffee,1006,1603,1638
Nxxlt,1015,1215,1365
RakibJoy,1020,1723,1725
bhatnagar.mradul,1020,1707,1714
martinius,1020,1679,1693
Esomer,1028,1866,1832
WAtoAC2001,1028,1678,1691
andreystefanov,1028,1647,1705
Error_Yuan,1046,1568,1610
csegura,1051,1699,1705
areke,1057,1808,1787
Jerry__Jiang,1063,1802,1782
Bossusuprem,1063,1737,1733
MridulAhi,1070,2041,1964
Probka,1077,1530,1580
Ankit_332,1081,1814,1790
Monazo1997,1084,1892,1849
ftuknights,1084,1659,1673
nimakanshoujixin,1087,0,589
earl_of_byteland,1097,1947,1890
yy__zq,1099,2019,1945
VinstaG173,1112,1955,1895
ahsoltan,1120,1506,1560
The-Winner,1133,1672,1680
Ryougi-Shiki,1138,1675,1682
Dispensable,1138,1637,1654
nghethuat102,1157,1741,1730
ApraCadabra,1171,1764,1746
ThisWasUnplanned,1215,1528,1569
OG_Matveychick1,1222,1709,1702
qmr_wa,1231,1678,1678
yupooh,1233,1804,1773
xjsgl654321,1242,1323,1422
Gondozu,1274,1553,1584
Gzhibovsciy_Arseniy,1308,1894,1837
muxingchengfeng,1312,1641,1646
a_little_cute,1318,1553,1581
zsc985246,1345,1747,1724
hl666,1362,1756,1730
LYH.cpp,1367,0,571
Grieg,1367,1575,1594
wzihan,1379,1352,1433
Ertugrul28,1419,1501,1538
mc._cari,1421,1873,1815
rajat376,1438,1688,1674
cfhj,1452,1529,1556
Pujx,1470,1438,1489
rohit2593,1480,1797,1755
Obsidius,1486,1796,1754
honey,1486,1511,1541
magnuseifr,1503,2025,1930
HIJAZ,1503,1725,1699
Survivor_winner,1507,1713,1690
Hosen_ba,1507,1290,1382
Beacon,1519,1851,1794
zhezhengsong,1557,1951,1869
fast_photon,1568,1804,1756
pera2008,1581,1124,1265
bananasaur,1620,1415,1464
dlnd_vth,1625,1446,1486
Xc4l16r3,1638,2002,1906
khepri,1653,1339,1408
zawatin,1676,1256,1349
asiad,1682,1654,1637
kimmoqt,1684,1714,1682
Pacybwoah,1684,798,1113
LOOP0,1691,1516,1534
mily,1693,1548,1558
LofiGirl,1718,1635,1621
Beevo,1741,1782,1731
shojin_pro,1766,2012,1909
Mirali777,1772,1509,1525
one_autum_leaf,1785,1558,1561
jackson.souza,1792,1416,1456
Boboge,1807,2015,1910
kymmykym,1820,1852,1782
MattTheNub,1823,1746,1701
robertoeugenio,1841,1709,1672
Joler_,1867,1982,1882
Dukkha,1872,1117,1244
Lyreqwq,1875,1630,1610
Atekichan,1881,1743,1696
trp_hy,1895,1508,1519
STOPTHEWAR,1911,2057,1940
alxwen711,1911,1715,1673
DiegoGarcia,1911,1817,1751
MEGAcrusher5000,1921,687,1026
Bedoo,1922,1912,1824
kwm_t,1925,1767,1712
perchuts,1931,1976,1875
gohan123,1931,2035,1922
rek,1941,1812,1746
FzArK,1941,1818,1751
coconut99,1963,1969,1868
xiaruize,1978,1717,1672
Rodionno,1978,1623,1601
BitHashTech,1986,1526,1528
reiracofage,1986,1686,1648
D3Xtr,2005,1979,1874
Shahrad,2008,1968,1866
Oryshych,2013,1858,1779
18o3,2013,1752,1697
panty_,2013,1081,1270
AnasMaged,2022,1429,1455
blitztage,2038,2026,1910
Frus,2049,1244,1322
wjli,2053,1994,1884
Ashi,2083,1525,1523
160cm,2096,895,1164
monster_hunter,2126,1061,1194
diobrando97,2142,1452,1467
ibrahim001,2175,1799,1727
RDFZchenyy,2216,437,830
MrLolthe1st,2224,1735,1676
swapnil159,2257,1797,1723
yuvrajKharayat,2266,1563,1544
Vassu05,2275,1592,1566
AdhityaMangudy,2314,1588,1562
FQR_,2353,1434,1445
Xiaohuba,2380,1276,1329
aprohACk,2415,1480,1477
awesomeguy856,2435,1694,1638
LiveDreamer,2459,1842,1752
Nika533,2467,1547,1526
ooscode,2467,1104,1207
HIT_Zero,2467,1972,1854
zezoo050,2476,1410,1423
umezo,2476,1784,1706
cristi_tanase,2485,1431,1438
AryRDW,2507,1558,1532
berr,2517,1748,1677
Sanat,2541,1618,1577
hashman,2559,1178,1254
MASTERB4APRIL,2623,1604,1563
1L1YA,2623,1248,1300
mxj_helen,2699,1466,1456
KevinLikesCoding,2708,1390,1400
rtckyw_,2759,1779,1694
orzQwQx,2774,493,850
jtrh,2785,1501,1480
flygon,2806,1697,1629
Rayo,2806,1511,1487
iliaaaaa,2806,1074,1174
Gergyg,2852,1816,1720
zdc123456,2883,1451,1439
qwe1rt1yuiop1,2907,1421,1416
serialcomder,2917,1376,1383
owoovo_shih,2923,1323,1344
DeMen100ns,3101,1882,1766
Abito,3109,1327,1341
Alihan_8,3120,1436,1421
AliiSh,3316,1312,1324
GennadiySosnov,3326,1383,1375
ASHWANTH_K,3441,1413,1395
tzl_Dedicatus545,3514,1404,1424
RadRah,3544,1285,1297
Shayan86,3726,1629,1552
HusseinFarhat,3736,1225,1248
vanvector,3839,1788,1675
BallBreaker,3847,1297,1297
kaztayev,3902,1642,1557
rolandpetrean,3902,826,1020
Sir-Ahmed-Imran,3969,1112,1153
arash.,3969,1374,1344
iiand,3969,503,816
Tima3,3969,1374,1344
wzc_IOI_czw,3969,1708,1603
OutsiderZz,4240,1397,1352
Mohamed_Reda,4240,1344,1312
ZrjaK,4240,1370,1332
drath10,4668,1608,1505
WhiteW,4668,1304,1269
sputn1k,4668,0,451
SATSKY_2024target_IGM,5206,1382,1318
Hata_no_Kokoro,5206,1412,1341
ibrahimwq,5206,915,974
Eslam_Saleh,5206,1230,1201
dushki,5758,1775,1621
user235811,6278,0,423
Tyx2019,6693,954,1042
Shifted,6693,1239,1220
anton6,7087,1510,1391
mrmoooo,7442,1653,1502
IanISam,7442,1248,1174
Drind,7819,696,867
BRUHHHHHHH,7819,0,400
QHJ123456,7819,1552,1416
Pekiban,8138,402,658
Ricky2021,8383,1444,1322
AKSLEGION,9179,566,741
Zachary_Gao,9482,0,379
alinp,9652,1254,1148
STommydx,10089,1702,1519
xhytom,10240,1112,1020
Abhishek_Srivastava,10293,1189,1084
Tima19,10293,1473,1326
Nanani,11040,697,824
