handle,rank,oldRating,newRating
t98slider,6,1922,2148
srikkanthr,7,2077,2249
AlperenT,8,2014,2198
Lyde,9,2092,2243
dranjohn,11,2091,2238
misorin,12,2023,2186
-1e11,13,1980,2152
HwSh,14,1988,2154
AmirAli-Asgari,15,1871,2070
AaronHe,18,1873,2062
max0000561,19,1830,2028
Mc3X,21,2053,2181
topovik,22,2022,2157
huikang,25,1955,2104
aniketjain0317,29,1886,2050
miss_robot,32,1864,2032
leeminhduc2,33,2001,2126
thanhchauns2,34,1850,2017
Wilson_Inversion,34,1912,2060
LSTM__,36,2046,2153
komite,43,1854,2009
mkawa2,44,1987,2101
That_Salamander,51,1437,1754
dushenkov,52,2078,2158
kwm_t,53,1974,2082
flytime,56,1805,2017
a520ldk,57,1894,2078
catforces,57,2065,2143
h_squared,61,1853,1991
pwned,62,1977,2077
HaPpY1213,63,1993,2088
PBBx0,65,2007,2096
Jaydeep999997,65,1921,2035
NRolly,67,1967,2067
gohan123,68,2038,2114
danya111,73,1974,2067
elb89,77,2078,2139
dkhve,80,2051,2118
Shirotsume,85,1725,1886
slah007,85,2048,2113
induk_v_tsiane,90,2042,2104
MagentaCobra,90,2060,2117
1024mb,96,2037,2098
borgar02,99,1995,2066
The_Crossing,102,2039,2097
FierteDeCeylan,103,2078,2124
Imdie,106,1965,2040
yupooh,106,1816,1935
awesome_idiot,106,1770,1903
BERNARD,111,1864,1967
vito1036,113,2091,2129
systy,115,1895,1987
_FireGhost_,115,2051,2099
Kinon,118,1794,1913
jaewoo2009,118,1983,2047
_Fake4Fun,124,1971,2036
IamNewbie,124,2046,2090
blitztage,124,2013,2066
VolkovMA,124,2033,2080
Plecak,135,2023,2070
Swishy123,135,1795,1908
jason_sun,138,1929,2001
man_of_learning,142,1969,2028
Setsuna,142,2067,2099
psychobot,142,1763,1882
qilby,146,1966,2024
samnever,146,1855,1945
AndreyPavlov,146,2027,2068
dimss,146,2069,2099
DimmyT,152,2007,2051
Hile_Meow,152,2059,2089
pr0st0_sasha,152,1877,1957
duoluoluo,152,1799,1902
Owmicron,160,1942,2003
DaNeK0201,163,1936,1997
sedev57,163,2042,2074
HighDxDSchool,166,1937,1995
SZMSZBH,166,2042,2071
John_zyj,166,1901,1969
Gmacem,166,2076,2096
lukameladze1,166,2005,2044
sv1shan,175,1932,1990
welleyth,175,2058,2082
ZergTricky,180,1831,1916
volkov179,180,1938,1993
Abdulrahman27,180,1567,1733
guperman,180,2010,2045
ahshafi,180,1895,1962
XaRDKoDblCH,190,1706,1826
a_nanas,199,1814,1899
MrLolthe1st,199,1700,1819
imeplusplus,199,1846,1922
yy__zq,202,1850,1923
Icedpiggy,207,2044,2063
Mercy.,210,1725,1833
pranavvinchurkar,210,1875,1939
Handsome2004,210,1926,1976
lfc_andy26,210,2020,2044
Roll_Num_56,210,1945,1989
lbntxdy,224,1744,1842
gortomi,224,1622,1757
JYJin,224,1971,2004
Timur2006,233,1940,1980
hoainiem,233,1869,1928
wildfire032,233,1966,1999
wnmrmr,245,1821,1893
asafiul,247,2004,2024
coong,247,1547,1700
AboAbdoMC,252,1958,1989
hackerbhaiya,257,1811,1881
becaido,257,2083,2080
enzopsm,257,1910,1952
RegenFallen,257,2034,2043
Vectors_Master,268,2068,2067
recollector,268,1796,1869
KseniaShk,274,2070,2068
monologue,274,1827,1890
the_computer_jock,279,1975,1996
Intellegent,279,1771,1849
Elizabeth.H.York,285,2093,2083
brenner1,285,1792,1863
Wolam,285,1835,1893
inhibitor_81,292,1817,1879
MnTm,300,1986,2000
quanlt206,300,1729,1815
QY2002,306,720,1188
opPO,306,1814,1875
mknayam,306,1843,1895
Warma_Cute,306,1815,1875
mban259,312,2064,2056
AhmedEzzatG,317,2017,2019
Ayalla,317,1886,1923
wjli,317,1987,1998
JulianFernando,317,1794,1857
ciuim,317,1811,1870
Da7doo7,330,1897,1930
hieunguyen193,336,1856,1899
HeartBreakKid,336,1978,1988
bit-2-coder,349,1974,1983
LordVoIdebug,349,1982,1989
oiocha,349,1794,1853
wanghai673,349,1680,1771
udhavvarma03,354,1802,1856
Misuki,354,2052,2040
zwh2008,361,2082,2062
overnap,361,1928,1947
MISM06,361,1761,1826
Zeardoe,368,1896,1923
gupta_samarth,368,1809,1860
tyr0Whiz,368,1821,1869
nifeshe,375,1774,1833
achen.80,375,1631,1732
Kahou,375,1877,1908
Giga_Cronos,382,1926,1943
Morisz10,385,2034,2022
east1016,385,2009,2003
fbabic,392,1811,1857
joelgun14,401,1820,1863
andreyDagger,401,1848,1883
EJIC_B_KEDAX,407,1833,1871
RedMind,411,1949,1956
dabbler1,417,1718,1787
GlowCheese,417,1929,1940
popescuadrian,417,1916,1930
firstin0907,427,1874,1898
__chtholly__,427,1657,1742
verjun,434,2004,1993
Stefan2417,434,1984,1978
quanmcvn,441,1792,1836
magnuseifr,445,1909,1922
kwoncycle,445,1941,1946
EnDeRBeaT,459,1715,1778
Bedoo,459,2016,1999
dolbaeb,459,1785,1828
c.young_sb,459,2093,2057
Raiden_Mei_,469,0,656
s_jaskaran_s,477,1891,1904
ahmad_alghadban,477,1800,1837
Bossusuprem,487,1664,1737
shakhnoov,487,1705,1767
ItamarNir,487,1917,1921
Phantom_Performer,487,1751,1800
luna-,487,1567,1669
mohamedeltair,487,1762,1808
tch1cherin,499,1748,1797
tredsused70,507,1886,1896
SlavicG,507,1877,1889
ButterflyDew,521,2099,2055
qwexd,521,1650,1724
sunyuheng365,550,2095,2049
Alex239,550,1422,1561
xx_mmc,555,1488,1641
raulandreipop,555,1655,1724
DingWentao2004,566,1875,1945
Nuris,566,1753,1793
Guess.Who,571,1707,1759
RGB_ICPC6,571,2050,2013
Chahel,578,1598,1680
fireinferno,578,1746,1786
YYYLLL2021,583,1890,1891
danx,588,1551,1646
dyktr_06,601,1820,1837
Andy_Lin,601,1862,1869
SpadeA261,601,1826,1842
_bLIC_,615,1695,1745
kzyKT,624,1901,1896
Venty,630,1984,1957
OTTFF,645,2073,2024
mika_uwu,647,1627,1693
nikuradze,647,1822,1835
Elaina,647,2088,2035
Elysia_yyds,678,1957,1933
Meloric,682,1975,1946
Thomas_Top,685,1732,1765
areke,689,1758,1784
DaiRuiChen007,689,1411,1537
etherinmatic,710,1617,1680
Ann,710,1794,1808
Lavine,716,1865,1860
Hammer,722,1893,1880
pill,726,2027,1981
de_sousa,730,2019,1975
waipoli,730,1682,1725
tokitsukaze,735,1725,1755
Kawaii,741,1847,1844
oval_m,743,1822,1826
HCCH,748,1815,1820
Morley,751,1612,1672
Yugi.Hacker,751,1900,1884
Ahmed_Salah7,755,1925,1902
ikrpprppp,759,2025,1978
ghoul932,767,2063,2006
Joler_,770,1849,1844
cmk666,784,1905,1885
kriepiekrollie,785,1525,1607
jmyszka,785,1404,1523
dushki,790,1744,1765
SlavaKemDev,794,1415,1585
shevnin_d,807,1903,1881
akua,815,1222,1397
DiegoGarcia,815,1824,1821
18o3,819,1807,1808
Astolfoo,820,1813,1813
BabaVoss,826,1745,1762
NovusStellachan,827,1883,1865
Eliaster,831,1625,1674
amirhoseinfar1385,834,2069,2006
tanus_era,839,1885,1865
_Gawd_,843,1620,1670
Boboge,847,1987,1942
Shahrad,849,1987,1942
CIXTEEN,853,2078,2012
ivanlarin,856,1790,1793
Rodionno,864,1797,1798
k1r1t0,864,2010,1958
Mirbek,867,1697,1724
thisIsMorningstar,868,1896,1872
Good_WeekDay_,875,2025,1969
Serendipity__,875,1910,1882
estoy-re-sebado,875,1669,1703
sashko123,880,1707,1730
tolbi,880,1946,1909
Doru,886,1878,1856
Karavaiev,900,1700,1723
parsa-golestani,900,1696,1720
Dragokj03,906,1545,1610
Tobo,906,1682,1710
hata_saa,915,1604,1652
Madboly,915,1800,1795
meowcneil,936,1802,1796
Irmuun.Ch,944,2006,1949
N00BGH0ST,956,1679,1704
Jlyfish,956,1786,1782
Psychotic_D,956,1821,1808
Psiuk_Yurii,962,1862,1839
Gamal74,969,1670,1696
Queue,969,1709,1724
profchi,981,1866,1840
Hectonit,981,1788,1781
sumon123,981,1750,1753
limbo16,1003,2036,1969
MvKaio,1003,2099,2018
Vassu05,1003,1614,1652
Pols_Agyi_Pols,1021,1683,1701
qmr_wa,1021,1498,1568
mily,1032,1687,1703
Runtime-Terr0r,1045,1889,1854
yukai,1045,1975,1919
GidrAcH,1045,1571,1618
onetap,1045,1652,1677
Gergyg,1045,1644,1671
turkhuu622,1060,2007,1943
Monazo1997,1060,1941,1892
Jonas01234500,1095,1891,1853
fox_cat,1095,1324,1495
dreami63,1095,1730,1731
Lalisa27,1095,1747,1781
LiveDreamer,1095,1680,1694
Farsh_LE,1122,1574,1615
mooyomooyo,1122,1630,1656
Noobish_Monk,1151,1735,1731
world_classic,1171,1701,1705
dungdq,1171,1919,1869
H2J,1195,1895,1850
KIRIJIJI,1202,1555,1596
CyberCow,1202,1760,1747
csegura,1212,1806,1782
Shigen,1227,1852,1815
drdilyor,1227,1883,1839
Beevo,1239,1795,1772
cc4414,1239,1869,1827
mafailure,1282,1826,1792
MatheusAB,1306,1680,1681
sg78276397,1306,1243,1370
okok,1306,1780,1756
dino_merlin,1328,1653,1660
MegalovaniaJ,1346,1136,1351
limabeans,1346,1668,1670
Romy67,1346,1858,1813
MinaRagy06,1369,1605,1623
AdhityaMangudy,1369,1515,1557
xiaruize,1384,1491,1539
IHatePaiu,1426,1729,1712
ekatsim,1441,1830,1787
FHQY,1467,1302,1400
JustiEe,1467,1321,1414
ApraCadabra,1467,1743,1720
Ankit_332,1488,1819,1777
beshoyhany,1488,1437,1494
1075508020060209tc,1513,1704,1689
Leaf.Maple,1556,1604,1612
vlp,1556,1172,1307
3omar_ahmed,1556,1406,1468
Nazar,1580,1865,1808
SMIrrichto,1580,1768,1734
WhiteW,1607,1444,1492
JagguBandar,1632,1711,1689
xlin,1632,1595,1602
kingmessi,1653,1651,1642
keyurchd_11,1653,1916,1845
ParsaF,1653,1300,1389
Lol2004,1670,1715,1690
ftuknights,1670,1721,1695
BenjaR,1686,1968,1883
erankyun,1686,2097,1985
skahl15,1686,1682,1664
Esomer,1707,1863,1801
CReaper1116,1775,2006,1909
joww,1775,1316,1393
21cs01033,1775,1532,1548
SamyakSinghania,1775,1529,1546
abdu.srazh,1828,1713,1682
Tima19,1828,1384,1439
Alihan_8,1828,1607,1602
Tinky-Winky,1844,1742,1703
Ashi,1844,1302,1380
romarkovets,1871,1308,1384
guagua0407,1889,1597,1592
Omar_Mohammad,1889,1693,1664
konbi,1889,1985,1889
aminsh,1936,1731,1691
Issa,1936,1819,1758
ZrjaK,1936,1438,1473
cup_of_coffee,1968,1616,1603
dewana310,1968,1476,1499
MahmoudAshour,1990,1689,1657
Pujx,1990,1542,1547
outfinity,2005,1734,1691
Cu_OH_2,2024,1799,1740
OG_Matveychick1,2024,1620,1604
xu826281112,2024,1432,1465
frey4,2046,0,544
XDEv11,2070,1785,1728
dmot,2101,1589,1578
AnasMaged,2117,1487,1501
Anastasia_Yun,2154,1872,1792
U-mika,2154,1497,1507
despair_101,2171,1967,1866
one_autum_leaf,2189,1442,1466
1_Dung_1,2299,1310,1366
Gondozu,2320,1423,1447
dlnd_vth,2320,1567,1553
qwe1rt1yuiop1,2340,1389,1421
lamduybao03,2340,1716,1665
muxingchengfeng,2363,1428,1449
FQR_,2363,1386,1418
Lyamzin_alexandr,2382,2038,1915
mhtkrag,2439,1384,1414
AhmetKaan,2457,1763,1697
0-jij-0,2511,2022,1899
wjh666,2536,1605,1575
Pagode_Paiva,2536,1286,1340
wuhudsm,2574,1803,1725
diobrando97,2641,1446,1452
zezoo050,2664,1500,1491
ctgg,2683,1820,1735
BallBreaker,2683,1297,1343
Nahian9696,2698,1720,1657
QHJ123456,2723,1327,1362
KevinLikesCoding,2741,1252,1308
Yousef.Osama,2773,1399,1413
OutsiderZz,2796,1341,1370
lishujia090623,2796,1461,1458
Nxxlt,2999,1335,1359
yuvrajKharayat,3099,1587,1544
gqf123,3143,1738,1659
cpchenpi,3156,875,1120
TheQuantiX,3168,1943,1820
makrav,3168,1800,1707
rainboy,3186,1879,1769
Mr_yqz,3247,1743,1661
Oryshych,3279,1993,1858
Prateek,3292,1920,1799
Nummer_64,3353,1228,1330
marc2825,3420,1629,1569
jackson.souza,3537,1408,1398
Felix72,3554,817,1066
ThisWasUnplanned,3595,1530,1488
Legend_dy,3693,1660,1586
WAtoAC2001,3795,1931,1798
ScarletS,3801,1989,1845
HusseinFarhat,3801,1369,1361
XG0000,3808,1943,1807
great_fortune,3808,1959,1820
sergeev.PRO,3808,1682,1600
Taktikatikin,3826,1643,1569
RetiredPlayer,3826,1662,1584
arash.,3839,1190,1230
Sanat,3856,1589,1527
alinp,3890,890,1112
IanISam,4006,1331,1327
bananasaur,4069,1470,1430
kunzaZa183,4107,1700,1607
rajat376,4158,1770,1661
MateiKing80,4196,1238,1253
Hata_no_Kokoro,4196,1547,1486
SATSKY_2024target_IGM,4250,0,478
Shayan86,4250,1574,1506
_RedWine_,4296,1713,1613
AryRDW,4436,1285,1281
RadRah,4496,1222,1234
Jinjazilla,4758,1709,1602
ilyastarost,4894,1306,1351
ZRT_HuyPhuoc,5252,1628,1529
prairie2022,5295,1098,1198
Ertugrul28,5683,1602,1501
Yomapeed,5794,1872,1717
Sir-Ahmed-Imran,5905,1092,1106
ZhiGeBaiShui,6025,1283,1246
Hosen_ba,6109,1373,1314
Abhishek_Srivastava,6498,1143,1130
ooscode,6818,1314,1255
kaztayev,6967,1507,1405
WQhuanm.,8498,956,985
Eslam_Saleh,9641,1315,1210
I_HATE_GEOMETRY,10142,1629,1466
xhytom,10247,1157,1112
Rising-coder,10273,1147,1103
shiqiaqiaya,10783,833,891
ibrahimwq,10868,877,826
garg_a,11253,0,365
yyyz04,11337,1959,1736
Dukkha,11349,1120,999
JCY_,11349,577,705
LofiGirl,11349,1741,1541
wanxin,11349,1328,1185
