handle,rank,oldRating,newRating
Ormlis,1,3182,3396
1a2b3c4,2,2203,2626
dorijanlendvaj,3,3042,3204
tourist,4,3622,3611
Radewoosh,5,3279,3342
jiangly,6,3741,3666
Crying,7,2530,2761
tute7627,8,2891,3016
ecnerwala,9,3454,3427
maroonrk,11,3526,3464
244mhq,13,2964,3034
Egor,14,2815,2918
DoNotMoZheng,15,2101,2408
natsugiri,16,2504,2680
skip2004,17,2988,3032
Vercingetorix,18,2974,3018
cyh_toby,19,2653,2776
Rubikun,21,2820,2892
ugly2333,22,3024,3040
olmrgcsi,23,2336,2533
dreamoon_love_AA,24,2566,2694
Amoo_Safar,25,2796,2861
risujiroh,26,2577,2696
tuxiaoxiao,30,2284,2476
Alex_Wei,31,2670,2751
zemen,32,2772,2824
kotatsugame,35,2867,2888
elazarkoren,36,2423,2559
jacynkaa,38,2675,2739
sunzh,39,2701,2757
windva,40,2487,2597
Adam_GS,41,2467,2581
Golovanov399,42,3018,2988
Andreasyan,43,2615,2686
ETK.,44,2051,2291
noimi,45,2908,2900
MAOooOAM,47,2757,2784
ksun48,49,3246,3147
jdurie,50,2371,2496
cat_of_Nesraychan,51,2485,2577
Endagorion,52,3073,3013
potato167,53,2760,2777
Kapt,55,2875,2861
kradcigam,56,2270,2416
Potassium,57,2299,2435
grass8sheep,58,2565,2625
sansen,59,2592,2644
crazy_sea,60,2766,2772
asdsasd,62,2617,2659
Oler_kzc,63,2319,2441
Tony2_CF,64,2234,2380
MahiruShiina,65,2424,2513
adamant,66,2296,2421
daubi,69,2820,2802
Sorting,70,2422,2506
kevinyang,71,2313,2427
AmirAli-Asgari,72,2266,2393
Kaitokid,74,2356,2453
Brovko,77,2757,2746
Tlatoani,77,2453,2520
jtnydv25,79,2626,2646
noya2,80,2410,2485
tabr,80,2661,2671
t98slider,82,2041,2231
kizen,84,2473,2528
wavelets,88,2279,2385
Be_dos,89,2478,2527
Barichek,90,2393,2464
JettyOller,91,2759,2735
Soumya1,92,2271,2376
Xellos,93,2735,2716
feeder1,94,2653,2653
sinus_070,95,2113,2265
Akulyat,96,2277,2376
uwu,98,2336,2416
hank55663,99,2720,2699
Bungmint,101,2148,2283
siganai,102,2249,2350
TheLostCookie,102,2422,2474
Goshkata,104,2363,2430
MakaPakka,104,2719,2694
maomao90,106,2416,2468
fatemetmhr,107,2350,2419
Savior-of-Cross,108,2603,2604
vvyixel,109,2308,2387
chinerist,110,2553,2566
AHappyPotato,111,2260,2352
thisisis,112,2124,2257
chemthan,114,2341,2407
Sulfox,115,2461,2494
Theo830,116,2312,2385
A_G,117,3279,3108
jeroenodb,118,2530,2543
w0nsh,120,2492,2513
KaphI,121,2309,2379
IsaacMoris,122,2152,2269
fuppy,123,2380,2429
Kira_1234,124,2333,2394
PinkieRabbit,126,2921,2832
antontrygubO_o,127,2962,2863
JackPa,128,2248,2331
jucason_xu,129,2285,2356
emthrm,130,2604,2591
ainta,131,2977,2872
Giselus,132,2142,2255
FastFreeTask,134,2879,2796
Aging1986,135,2372,2415
Colorless,137,2281,2348
fengchang,138,2276,2344
DLUT_Zeratul,139,2177,2274
swiftqwq,140,2294,2356
zltzlt,142,2219,2301
lddlinan,143,2136,2243
SmolBrain,144,2221,2301
hzwer,144,2104,2221
Anonymous_Noob,146,2275,2338
Hyperbolic,147,2233,2308
abc864197532,148,2793,2722
cuom1999,148,2421,2443
zdc123456,150,1922,2101
Bucketsmith,153,2264,2326
Everule,154,2355,2391
HaccerKat,155,2145,2242
4fecta,156,2306,2355
CJ-zhuyifan,157,2452,2461
I_LOVE_ANTON_DONBASS,158,2447,2457
aminsh,159,2042,2171
YxqK,160,2016,2153
Alfeh,161,2249,2311
353cerega,162,2742,2677
szb,164,2163,2248
nifeshe,164,2130,2225
Wansur,167,1945,2104
Dominater069,168,2225,2289
kobor,171,2325,2360
k1r1t0,173,2096,2198
darkkcyan,173,2137,2225
oscar1f_will_win_IOI2024,175,2357,2381
Ra16bit,177,2398,2411
satyam343,178,2302,2340
Dart-Xeyter,179,2301,2339
hxu10,180,2092,2192
hitonanode,181,2887,2778
LordVoIdebug,182,2120,2209
Esomer,183,1992,2124
Kude,184,2528,2505
plevande,185,2120,2208
rt3,187,2190,2255
physics0523,187,2438,2435
gabrielwu,189,2536,2509
SSRS_,190,2937,2813
ewirlan,191,1999,2124
ahihi1234,192,2023,2139
serotonin,193,2301,2332
tyr0Whiz,196,2109,2194
hibye1217,197,2349,2365
propane,198,2188,2248
ace5,199,2265,2303
mat_v,200,2133,2209
liympanda,201,2485,2465
torisasami,202,2507,2481
sstrong,203,2396,2397
The_Hallak,205,2174,2235
nishkarsh,206,2263,2298
magga,207,2562,2521
kmjp,208,2418,2411
MohammadParsaElahimanesh,209,2107,2187
zlxFTH,210,2006,2119
LeoPro,211,2610,2555
Toxel,212,2616,2560
GILGAMESH,213,2155,2218
StarSilk,214,2241,2278
SHZhang,215,2805,2702
InternetPerson10,216,2559,2514
blyat,216,2217,2260
xuanxuan001,219,2450,2431
Roundgod,220,2456,2435
yuto1115,221,2812,2705
balakrishnan,222,1991,2103
chaeyihwan,223,2344,2350
1459007298,224,2078,2160
Ecrade_,225,2455,2433
anhkha2003,226,1942,2070
shobonvip,227,2216,2255
Gassa,228,2277,2298
lyons,229,2039,2131
DiegoGarcia,231,2044,2133
inventiontime,232,2091,2165
flashmt,233,2377,2370
Marckess,234,2414,2398
ahsoltan,236,1984,2092
maspy,237,3137,2948
YahiaSherif,238,2123,2184
arnold518,239,2505,2465
TripleM5da,240,2292,2304
rniya,241,2487,2451
Lyamzin_alexandr,242,1984,2088
realcomplex,242,2300,2309
awoo,242,2351,2347
hhhgjyismine,245,2290,2301
WGYLOVEZXQ,246,2090,2158
Ivan_len,248,2129,2184
le0n,249,2378,2365
Otomachi_Una,249,2248,2268
induk_v_tsiane,252,2258,2275
TheScrasse,253,2472,2435
misorin,253,2246,2265
DmitryLzr,255,2122,2176
vgtcross,257,2255,2270
aimoon,257,2190,2223
Rewenix,259,2233,2254
achvanov,260,2134,2182
lucasxia01,262,2128,2177
shadow9236,264,2121,2172
quanlt206,265,1921,2037
bthero,265,2581,2514
dognotlike,267,2317,2313
erekle,268,2541,2482
okwedook,269,2271,2278
lichenghan,270,2246,2259
tch1cherin,271,2156,2193
GALA,274,1905,2024
DylanSmith,276,2247,2257
Hasan0540,278,1946,2047
lukamosiashvili,281,2258,2264
KDVinit,282,2333,2319
lotusblume,284,2281,2280
UnstoppableChillMachine,285,2460,2415
mr.kolya,287,2090,2140
zas111lll,287,2213,2228
magnified,291,2170,2195
akua,291,1979,2063
YeongTree,293,2407,2372
Teja-Smart,294,2115,2155
Chahel,294,2141,2173
yan.silva,296,2355,2332
salyg1n,297,2194,2211
LeoSama,298,2081,2130
Raiden,299,2266,2263
as_dfsdf,300,2259,2258
preet_25,301,2152,2179
KroosTheKeenGlint,301,2477,2423
mychecksdead,303,2209,2220
toniskrijelj,304,2270,2264
HCPS42,304,2325,2306
andrewtam,306,1983,2059
HollwoQ_Pelw,310,2401,2362
ruhan.habib39,311,1965,2046
dmkz,312,2206,2214
LuCpp,312,2410,2368
Giga_Cronos,317,2058,2107
mtsd,318,2630,2535
ParsaAp,318,2031,2087
YYYLLL2021,321,1944,2028
DimaTomsk,322,2367,2332
fork,323,2037,2090
ahmad_alghadban,324,2091,2127
wxhtzdy,325,2405,2361
honglan0301,326,2310,2288
sillylittleidiot77,326,2002,2064
ghoul932,329,2003,2064
ScarletS,331,1968,2040
JustasZ,332,2123,2147
LoboLobo,334,2292,2272
_LeMur_,335,2293,2272
thisIsMorningstar,335,1935,2016
BabaVoss,339,2115,2138
Timur2006,339,1920,2004
trainwithoutpain,342,2461,2399
GoogleBot,343,2189,2191
duck_pear,343,2123,2142
AhmedEzzatG,343,2077,2109
Zhouershan,346,2067,2102
pooty,347,2305,2278
mban259,348,2117,2137
sv1shan,350,1999,2053
ElyesChaabouni,351,2178,2180
STOPTHEWAR,351,2133,2147
Democy,351,2164,2169
RP-1,354,2179,2180
kshitij_sodani,354,2612,2512
junseo,356,2150,2158
gqh_cpp,357,2378,2330
dumb_boi,357,1978,2035
127.0.0.1,357,1970,2030
MattTheNub,362,2066,2095
2018liuzhiyuan,363,2149,2155
sg78276397,363,2118,2132
Flamire,365,2484,2410
Rafbill,366,2636,2528
leo020630,366,2268,2243
Arnob,368,2125,2136
I_HATE_CONSTRUCTIVES,368,2147,2152
borgar02,370,2195,2186
36champ,370,2248,2227
etherinmatic,373,1906,1982
_RedWine_,375,1969,2023
amirhoseinfar1385,376,2309,2272
kondasujay2,377,1965,2020
lxhgww,380,2104,2117
XDEv11,381,1900,1974
Wielomian,381,2126,2132
Ann,384,1987,2032
yuanhaowei,385,2236,2213
Ant_Man,387,2527,2438
Celtic,388,2205,2189
mickeyjung,391,2207,2190
Imdie,392,2215,2196
profchi,393,2110,2117
114514,395,2138,2137
sedev57,396,2155,2149
Phantom_Performer,397,2014,2046
GoatTamer,398,2013,2045
cxaphoenix,399,2372,2315
ethan_enhe,401,2296,2255
pavement,402,2511,2422
Radin_Zahedi,403,2079,2091
michao,405,2145,2139
S2speed,406,2866,2698
_FireGhost_,407,2136,2131
SATSKY_2024target_IGM,409,2046,2065
zlc1114_v2,410,2295,2252
ezraft,411,1962,2004
flying,411,2162,2149
makcvim,414,1950,1995
Yomapeed,414,2053,2067
YouKn0wWho,418,2371,2309
Amtek,419,2390,2323
parsa-golestani,419,2159,2145
s_jaskaran_s,421,2159,2144
sunyuheng365,421,2182,2162
cxm1024,423,2375,2311
bit-noob,424,2048,2061
eggag32,425,2137,2127
rembocoder,426,2408,2336
Lucina,427,2241,2205
brenner1,428,2007,2030
TKT_YI,429,2234,2199
GustavK,429,2321,2267
acfinity,432,2215,2184
Meloric,433,2009,2030
gqf123,434,2124,2114
M_bolshakov,435,1965,1998
akcube,436,1991,2016
DeMen100ns,437,2139,2124
SuperJ6,437,2038,2049
ahshafi,440,2127,2115
expecting,441,2150,2132
Dakovalev1,442,2096,2090
Monarchuwu,443,2150,2131
petamingks,445,2086,2082
gs17005,446,1979,2004
ligaydima,447,2122,2109
lookcook,448,2174,2148
sergeev.PRO,449,2006,2022
Paul_Liao_1457,450,2179,2151
catforces,450,2041,2047
_lbw_,452,2346,2281
Misuki,453,2153,2131
Lavine,455,2140,2120
guperman,456,2153,2129
NegaTeeF,456,2200,2165
mjtai,458,2327,2264
YuJiahe,459,2130,2111
Darren0724,462,2148,2124
qualdoom,463,2128,2109
thanhchauns2,464,2062,2058
Nero,465,2306,2246
shino16,466,2234,2189
Shayan86,467,1913,1950
FEDIKUS,470,2124,2103
Degalat57,471,2280,2224
KoKonuts,471,2221,2178
E_huan,475,1969,1986
BossBobster,475,1965,1984
miss_robot,477,2082,2069
Ahmed_Salah7,478,1924,1954
demian123,479,2098,2081
Lol2004,480,2066,2056
kymmykym,481,2017,2019
tonegawa,482,1943,1966
MateoCV,483,2417,2330
Yam,485,2380,2300
Thallium54,486,2154,2122
mjhmjh1104,488,2370,2291
shakhnoov,489,1908,1938
Fyind,491,2143,2112
cc4414,494,1938,1958
lsantire,498,2081,2062
EJIC_B_KEDAX,499,2097,2074
arvindr9,502,2094,2070
marcOS,504,2159,2120
QwertyPi,506,2549,2430
csegura,507,1981,1984
Valters07,509,2100,2073
ArtAlex,510,2076,2055
isirazeev,511,1912,1933
Badint,512,2205,2154
Fly_37,515,2269,2205
oval_m,516,1918,1935
turmax,517,3118,2873
zwezdinv,517,2082,2057
The-Winner,519,1991,1987
lethan3,519,1969,1971
_Enigma__,521,2290,2220
Dilute,522,2234,2175
great_fortune,523,2059,2037
enzopsm,523,1900,1919
1024mb,526,2011,2000
Linx,529,2022,2007
koooooooooooooooo,530,2046,2025
CaMOUFlage,532,1915,1927
SorahISA,533,2436,2335
Elaina,534,2106,2070
PedroBigMan,535,2125,2085
sevlll777,537,2262,2194
ASHWANTH_K,538,1925,1932
Francesco4203,541,2119,2079
sarun061729,542,1952,1950
kostylevGO,543,2271,2199
Olerinskiy,544,2274,2202
KKT_89,545,2100,2059
leaf1415,545,2421,2318
n0sk1ll,545,1993,1976
SPD_9X2,545,2315,2232
Kite_kuma,545,2450,2341
ToniB,545,2277,2201
Anonyme,545,1928,1927
w4p3r,545,2357,2266
Sunnatov,545,1965,1955
Vectors_Master,545,2168,2113
shiomusubi496,545,2323,2238
-is-this-fft-,545,2536,2410
Onjo,545,2246,2176
cebolinha,558,2248,2176
JYJin,558,2156,2102
arman_ferdous,558,1943,1935
SomethingNew,558,2525,2400
dapingguo8,558,2232,2163
momoyuu,565,2066,2028
sonderl,565,2156,2099
ibrahim001,565,1949,1937
howardyang,565,2345,2253
MridulAhi,565,2140,2087
dyppp,573,2300,2213
Pols_Agyi_Pols,573,1969,1947
ParsaDox,573,2072,2028
iccodly,573,1955,1936
wery0,573,2213,2142
shenfe1,573,2106,2055
zzuqy,573,2126,2071
Tima3,573,1910,1902
menborong,573,2022,1988
Sofapuden,573,2234,2159
Deepesson,573,1997,1969
Lawali,587,2352,2253
Atekichan,587,2018,1981
rohit2593,587,1949,1928
ciuim,587,2032,1993
Ricki_White,587,2188,2119
Mtaylor,587,2179,2111
franv,587,1954,1931
DDima,598,2087,2033
Psiuk_Yurii,598,2054,2006
Zeardoe,598,2163,2095
YocyCraft,598,2436,2320
lprdsb,598,2024,1982
placik,598,2017,1977
nikuradze,598,1937,1914
Gergyg,598,1969,1939
kingofpineapples,610,2140,2074
Xc4l16r3,610,1987,1950
xukai,610,2375,2268
Irmuun.Ch,610,2259,2173
Shuishui_0921,618,1957,1923
Zain,618,2106,2044
mQfZ,618,2141,2073
123abda,618,2135,2068
espr1t,625,2048,1994
erankyun,625,2161,2087
Boboge,625,2189,2111
FzArK,625,1946,1912
awesomeguy856,633,1968,1928
MrNachoX,636,2034,1980
SPatrik,636,2068,2008
Wandoka,636,1939,1903
adepteXiao,641,2154,2077
someone__,641,2033,1976
pwned,641,2072,2009
limanjun,641,2335,2229
BladeRunner,649,1916,1878
Tsovak,655,1953,1905
bit-2-coder,655,2146,2067
apgpsoop,655,2114,2040
Abdulrahman27,655,2180,2096
Cegax,655,2169,2086
Igor_Parfenov,663,2158,2077
yvbf,665,1989,1933
JeffreyLC,668,2128,2050
Maruzensky,670,1941,1892
ssk4988,673,1902,1857
--tofu--,673,1904,1858
TsunamiNoLetGo,678,2059,1988
Aeon,680,2187,2097
jophyyjh,682,2045,1975
HuaJun,683,2301,2193
DanielChang,683,2175,2086
Kihihihi,683,2122,2040
IBory,686,2166,2077
dlnd_vth,686,1997,1932
Jackylkk2003,691,2204,2109
kkk20002,695,2071,1992
fjdksla,698,2257,2152
wutongchun,698,2000,1972
Corycle,703,2204,2106
ethening,704,2299,2187
Bruteforceman,705,2209,2110
kidw0124,705,2074,1992
shinchankosen,707,2138,2047
alxwen711,709,2080,1996
hieunguyen193,711,2002,1927
Tatsuyaaaa,711,1976,1904
Jimanbanashi,713,2268,2159
gohan123,714,1926,1858
cup_of_coffee,714,1952,1881
idontwannawin,719,2236,2130
amoeba3,725,1945,1870
Tobo,726,2114,2021
ansisgustavs2,727,2018,1935
RegenFallen,728,2179,2078
plourde27,730,2126,2031
1075508020060209tc,731,2050,1962
Alex239,732,1962,1882
kingmessi,736,1999,1914
yellowtoad,737,1952,1871
BRABABABABASHKIR,738,2006,1920
DAleksa,739,1923,1843
Shirotsume,740,2137,2038
RedMind,741,2042,1950
tarjen,741,2312,2190
Slamur,741,1973,1886
