handle,rank,oldRating,newRating
_i_i_,2,2051,2301
Sakura_lenlen,3,1453,1929
YXHuang,4,2034,2257
OutsiderZz,5,1833,2109
__diu_,6,2023,2231
Survivor_winner,17,1963,2147
Revived_xryjr233,20,1920,2164
ABCaCaCa_,23,750,1371
bernat.pages,26,1859,2055
namolbbaemi,28,1992,2143
icyo,29,1898,2076
walk_alone,30,2044,2177
systemStart,31,1521,1868
qwef_,33,2098,2210
bit-noob,34,2084,2199
DemenBeoU,35,1433,1825
changle_knh,36,1772,1978
slah007,37,2088,2197
JueFan,38,1609,1866
5k_sync_closer,40,1786,1982
RDFZchenyy,41,1738,1948
int_R,44,2018,2138
_Lingyin,45,2080,2182
NekoMaster3000,46,1944,2119
lsj2009,47,1690,1909
YolandaLi,49,1448,1820
samnever,52,1846,2010
Drice,54,1955,2084
Runaway,55,1981,2102
gxy001,56,2091,2179
Andy_Lin,57,1905,2046
lyx123886a123886,59,1906,2045
liumohan,60,1200,1637
rainboy,61,1681,1889
LoserL,62,1719,1967
CatgirlSeele,64,2045,2139
N00BGH0ST,65,2033,2130
estoy-re-sebado,70,2003,2106
Nlll,71,1745,1925
bro_jie,72,706,1281
someone__,73,1964,2076
Chahel,74,2027,2120
cayaxi09,76,1829,2034
elizazh,79,1837,1983
byyq,80,1963,2070
Shen-SunCe,81,736,1294
dehsaw,86,1759,1978
rlc202204,88,1845,1982
hxu10,89,2098,2161
chmpro,89,2034,2115
NickMish,91,1849,1983
fanfly,93,1995,2085
Niolle_Semis,96,1959,2058
meiqwq_bf,97,2001,2087
Jackylkk2003,99,2073,2138
JoanhLan,100,1949,2049
baqargam,101,2060,2128
leolee,102,1867,1990
035966_L3,103,2030,2105
chenjunxiu,105,2071,2133
Cai1000,106,1983,2070
GoldIngot,107,2086,2143
Timur2006,109,1850,1974
hqmm,112,1975,2061
afuafu,114,2080,2136
Cubyte,115,1906,2011
Mans-21,117,1950,2041
Shayan86,119,2091,2141
Umanity,121,1934,2028
0x0002,127,2009,2079
Richard1211,128,1747,1893
ETO_leader,131,1971,2050
wcdr,132,1995,2067
Hata_no_Kokoro,135,1948,2032
AzZr_KZ,135,1761,1900
TheRubbish,138,2047,2102
little_vegetable,140,1932,2019
Pouyaaan,141,2005,2071
lfxxx,142,1824,1942
Atekichan,143,1957,2035
Cegax,144,2039,2094
the_Despair_,146,2059,2108
TLE_Automaton,151,2026,2082
fryingduc,152,1984,2052
ExplodingFreeze,153,2095,2132
Vectors_Master,154,2058,2105
peteza,155,1984,2051
martinius,157,2026,2080
weirdflexbutok,157,1839,1946
MegalovaniaJ,163,1810,1925
wshcl,164,1913,1997
Slephy,165,1980,2044
MMYYFF,167,1768,1894
oversolver,169,2048,2093
Romy67,171,1957,2026
s-lissov,172,2008,2063
zhenghanyun2,173,1618,1842
Hosen_ba,177,1948,2018
Rodionno,179,1845,1944
xcc_szy09051,180,1987,2045
shakhnoov,181,2042,2085
Saya_Alter_,183,2032,2077
Ryougi-Shiki,185,2086,2116
KingPowers,188,1979,2037
Zero_L,193,1762,1882
Eunha,195,1961,2022
CHYYYY,200,2099,2121
llzer,203,2075,2103
weakpyt,205,1335,1665
NanYanNanChui,206,1767,1881
AboAbdoMC,209,1910,1982
mohammadsam,213,1972,2025
Ush1su,214,1954,2012
Dia0si,215,1685,1822
Danilo21,217,1953,2010
camc,218,1835,1926
anaswarkb013,219,1903,1974
urosk,220,1772,1881
twosome,221,2064,2090
Pervushev,223,2013,2053
omsincoconut,224,1981,2029
timreizin,225,2000,2043
teekaytai,226,1793,1894
Petroleumus,227,1847,1932
p__ce1052,231,2069,2092
tapta,232,1821,1970
rajat376,234,2019,2054
methadone,235,1828,1974
Paradox14526,237,1114,1501
adam01,241,1939,1994
JustiEe,245,2005,2042
orzQwQx,247,1587,1746
yellowtoad,249,1725,1841
bleh0.5,250,1749,1857
Inkyo,252,1843,1923
Kawaii,253,1893,1959
LUlululu1616,253,1861,1936
rfhalb,255,1942,1994
toniskrijelj,256,2072,2088
coconut99,258,1902,1965
ttsweet,259,2070,2087
Khozhaev,261,1951,2000
MateiKing80,262,1899,1962
tokitsukaze,263,1859,1933
Hoks_,264,1557,1722
Meatherm,265,2056,2075
jackson.souza,267,1969,2011
ekatsim,268,2084,2095
fireinferno,268,2054,2072
nik.danilov,268,1834,1914
kawaii0922,271,2034,2057
_Kee,273,1650,1783
Vitaly503,273,1895,1956
KhanhHoa_NNTan_1,273,2030,2054
yupooh,276,1952,1997
Flaming_Blade,277,1334,1619
zhouyuheng2009,278,1846,1920
nickbelov,278,1978,2016
Probka,280,1846,1920
Etavitsea,282,2080,2089
Hectonit,283,1979,2015
Drind,285,1762,1859
Lavine,288,1947,1991
MegrezBunny,289,1995,2025
Ferume,289,1959,1999
cup_of_coffee,291,2002,2030
zhongpeilin,293,1749,1849
Sir-Ahmed-Imran,294,1825,1902
haze,299,2037,2054
otoshigo,300,2042,2058
Extr,310,1862,1926
burg113,314,1824,1898
Leo_0503,317,2001,2026
purp4ever,318,1895,1947
I_Love_Diar_Narumov,318,2082,2085
hateall,321,1512,1679
wjh666,324,2014,2034
-Cap1taL-,324,1960,1994
zabiyakaubivaka,324,1895,1947
hariaakash646,327,1985,2012
djm03178,328,2016,2034
evjeny_23,329,1772,1858
Mr_Ell,337,1792,1870
minhnguyenxuan60,339,1985,2009
panty_,346,1913,1956
Wandoka,350,1915,1957
pty6666,353,2038,2047
enzopsm,353,1921,1961
q1w2e3r4_1,357,2051,2055
gggkik,360,1952,1982
AliiSh,362,2036,2043
great_fortune,362,2009,2023
MarSer020,362,1863,1918
hamo21,366,1834,1932
RockSnow,371,1873,1924
Eldar_H1,375,1842,1900
IacobTudor,375,1846,1903
JOliva,382,2062,2060
zhangeb,382,1729,1818
Code937,385,1952,1979
pacha2880,385,2012,2022
jtmaster1000,389,1926,1959
csegura,389,1909,1947
Pols_Agyi_Pols,393,1991,2006
komite,395,1856,1907
Palbudir,397,1738,1823
cc4414,400,2044,2044
eyadhjarray111,402,1850,1902
udon1206,404,2097,2083
Leo_wang,409,683,1162
kwoncycle,409,2020,2025
efe0,413,1983,1998
chh9976,414,1886,1926
waste_,414,1861,1908
egor4kus,414,1798,1863
_morsmordre_,417,1895,1933
Andrew-13,417,1973,1990
mxj_helen,421,1811,1871
kzyKT,421,1939,1964
bzh110,425,1855,1903
Abhishek_Srivastava,432,1873,1914
Azm1t,434,1974,1988
njustbacon,435,1844,1893
LOL_I_AM_SERZH,439,2010,2014
ooscode,445,1968,1982
kookeudas,448,1965,1980
dannalc,448,1950,1968
tRoehr,454,1947,1965
SeptaCube,454,1783,1846
Scalm,454,1981,1991
NovusStellachan,459,2021,2019
yookwi,459,1667,1763
Alice_Cartelet,459,1800,1857
profchi,459,2071,2056
Serendipity__,465,2049,2040
kh0i,465,1893,1925
Nanani,469,1930,1952
e3e,480,2029,2023
Mu_Silk,483,1917,1940
EthanKim8683,486,1980,1986
LJL_T,488,1762,1897
ripity,490,1897,1924
blahblah239,492,1570,1746
ruhan.habib39,494,1934,1952
tenagazaru,496,1977,1983
shade34,498,1820,1868
qusol,500,1723,1797
ShirayukiNoa,507,1853,1891
wfb,508,1956,1966
Ivan_Kolosov,508,1643,1797
danx,508,1852,1890
CyberCow,508,1824,1869
heijiaohu,508,1684,1826
EgorSav,513,2051,2036
hylhyl,515,2005,2001
vyshniak.n,515,2005,2001
Kyte,520,2037,2025
Kustov_Vadim_533,521,2030,2019
yangchang,525,1374,1605
vlp,528,1884,1911
Genius_dream,529,2063,2043
Chelovek9,531,1910,1930
qmr_wa,535,2062,2042
Santa__Claus,543,1964,1968
ilyastarost,548,1799,1847
zhenja,551,1721,1790
perchuts,551,1907,1925
eepsilon,551,1875,1901
cristi_tanase,556,2057,2036
ender_shayan,556,1875,1902
CoderAbhi27,558,1864,1893
faustaadp,564,2060,2038
EyadBT,569,1762,1818
mispertion20,578,2050,2029
QY2002,588,1994,1986
fzcdream,592,1544,1661
Satyanweshi45,593,1675,1753
Sgdd,597,1656,1739
sai-17,597,2020,2005
Bruteforceman,599,2046,2024
Namine,599,1948,1951
sharp-shooter,604,1693,1833
now_cow,604,1668,1746
rikka_lyly,604,1469,1642
Issa,609,2057,2032
AFrAYuRmbrM,609,1455,1658
goncharovmike,612,2051,2026
xuyifei1,615,1616,1709
domovonok,617,1809,1847
titia,619,2039,2017
bananasaur,626,1993,1982
bktl1love,626,2001,1988
_R00T,626,1659,1738
berr,629,1969,1964
caoshurui,630,1806,1844
-dub-otrezkov-,639,1891,1905
DarLam,640,2068,2037
aykhn,641,2007,1991
gubidubi,649,1588,1685
fatalerror,649,1833,1861
Legend_dy,653,1823,1854
MrDelrus,657,2016,1996
hashman,660,1848,1871
mohamedeltair,670,1900,1909
--tofu--,674,2040,2013
theNewSon,677,1728,1783
GennadiySosnov,684,1829,1855
Gondozu,687,1996,1978
Eslam_Saleh,690,1723,1778
lovely_cyc,694,1939,1936
VAntonuk,697,2021,1997
mily,701,1876,1888
NeroZein,701,2009,1987
Svemit,707,1915,1917
-_TIMOFEY_-,716,1988,1970
Aldk,721,1865,1879
ZhiGeBaiShui,723,1836,1857
towrist,723,1960,1948
ZERO_AKG,730,1636,1712
caan_do,732,2004,1982
pein531,738,1891,1896
dimkolya,755,1984,1964
Bahamin,755,1654,1722
tdsb,759,1751,1792
koukanni,771,1702,1756
dmot,782,1823,1843
1075508020060209tc,787,1907,1904
limabeans,788,1922,1915
chenhongrui,791,1965,1948
FHQY,796,1953,1938
sputn1k,814,1937,1924
SoloRejudger,826,1709,1756
STommydx,830,1989,1963
XDEv11,837,2040,2001
suuuuuu,840,1457,1632
concuuduoc,845,1800,1882
sleepntsheep,849,1539,1633
160cm,851,1979,1954
Nika533,861,1820,1835
Shirotsume,865,2004,1972
_Rise,871,1932,1917
PhanDinhKhoi,873,1967,1943
onetap,874,1846,1853
gqf123,879,1968,1943
sashko123,881,1765,1793
dewana310,883,1823,1835
Divine_Spark,885,1801,1818
balakrishnan,892,2078,2026
a999999,895,1776,1800
shorya1835,899,1761,1789
Chenly,903,1715,1755
Sunflower233,906,2048,2003
DiegoGarcia,907,2055,2008
DerrickLo,910,2041,1997
lsxhyyds,911,2013,1975
NourElleithy,915,1925,1909
Tima19,915,1873,1870
hswfwkj,919,1188,1470
manacher,922,1546,1699
lhy123,928,1904,1892
OctaneC8H18,931,1878,1873
Kuangchenrui,931,491,973
dontforgetyourself,933,2012,1973
SSKMF,933,1638,1697
icewarrior52,935,1921,1904
zhouchenfeng,938,1920,1903
MisterReaper,940,1744,1773
alxwen711,941,2059,2009
qqqaaazzz,946,1686,1731
tanaygad,949,1985,1952
Prieved,953,1919,1902
ScarletS,957,2031,1986
4qqqq,960,2056,2005
plevande,960,1996,1960
Lurtruoso,967,1818,1826
kaztayev,983,1866,1860
kafamcokkaristi,986,2025,1980
Huangyf,991,1656,1706
H_W_Y,991,856,1228
trainerherp,996,1988,1952
Frus,1004,1815,1821
cmdgbb,1009,1774,1790
purinliang,1015,1775,1791
abotaha23,1037,1956,1924
yuvrajKharayat,1042,1953,1922
jh01533,1046,1937,1909
Rising-coder,1053,1872,1860
romarkovets,1068,1819,1820
Triseedot,1073,1676,1715
coding_sword,1086,2095,2027
prz1213,1102,1790,1796
BallBreaker,1124,1953,1918
t98slider,1126,2033,1978
hato_,1138,1072,1371
ChaosAngel,1138,1853,1841
TheSahib,1138,1839,1830
harsh__h,1138,1978,1935
Jlyfish,1148,1945,1910
Mohamed_Reda,1166,1804,1803
Pekiban,1166,1756,1768
drath10,1172,1835,1826
Axial-Tilted,1194,1283,1430
larsr,1194,1810,1806
subcrip,1247,1883,1858
martins,1250,1852,1834
Pyroblast,1250,2008,1953
tilenn,1261,1955,1912
chennie,1281,1671,1699
FatihCihan,1303,1838,1821
RakibJoy,1338,1929,1888
Vermeil,1338,1934,1892
delussive,1382,1759,1795
Zinc-acetate,1403,1700,1713
Gogolev,1428,1981,1923
argtarg,1428,1530,1589
BabaVoss,1443,1936,1889
LittleXi,1448,2064,1987
21cs01033,1460,1839,1815
AKSLEGION,1467,2006,1942
yahia,1498,1910,1866
Hagry,1519,1966,1909
sdyzpf,1541,1595,1630
_ChiFAN_,1581,1679,1690
hocln,1594,1856,1822
fireheart17,1640,1713,1712
charan,1650,1842,1809
the_problem,1650,1689,1695
infCraft,1682,1426,1538
hackerbhaiya,1697,1964,1900
skahl15,1711,1869,1827
Dragokj03,1732,1965,1900
Farsh_LE,1732,1777,1757
economist,1777,1797,1770
Alliy666,1822,1486,1539
Surver,1840,1915,1858
Empty_Dust,1869,1663,1666
xbai,1920,1812,1776
proven,1972,1616,1627
shrapnelzz,2056,2080,1978
zawatin,2090,1641,1642
shstyle,2090,2019,1930
Edeeva,2114,1752,1724
TrendBattles,2187,1850,1796
confirm14478,2208,1666,1656
I_am_Domik,2290,1495,1527
Nxxlt,2304,1973,1887
AnasMaged,2351,1812,1762
daniel071292,2404,1816,1764
Jin-Keeper,2421,1745,1709
Xiaozzz,2585,1701,1671
icoder178,2643,955,1223
akibb123,2656,1857,1788
kanye_east,2656,1930,1844
anhkha1004,2656,1945,1856
Yousef.Osama,2742,1637,1618
qwe1rt1yuiop1,2760,1851,1781
bktl4ever,2822,2025,1915
Lyamzin_alexandr,2890,1870,1792
UKBwyx,2903,1324,1443
MarcosPauloEvers,3316,1932,1831
inoader,3437,1838,1756
KobicGend,3541,1386,1412
Ahmed_Salah7,3721,1922,1815
HusseinFarhat,3795,1544,1523
Luvidi,3915,1690,1632
ji_114514,3977,1016,1201
edogawa_something,4102,1936,1820
notSayeef,4248,2048,1906
NuclearMint,4502,1895,1781
kizaru,5452,1627,1557
ThisWasUnplanned,5456,1555,1501
rabbitsthecat,5479,1889,1762
H2J,5486,1943,1805
ZrjaK,5551,1661,1581
Bimil_Buke,5558,2041,1883
Mr.Whitebird,5561,1715,1623
Mohil09,5572,2041,1883
MarioYC,5572,1877,1751
ibrahimwq,5603,1942,1802
gs17005,5603,2002,1851
Mohamed308,5777,1725,1627
serialcomder,6214,1955,1804
Mirbek,6276,1912,1769
CodeChild,6354,1711,1609
espr1t,6880,2034,1861
Wxssim,7128,1616,1524
SMIrrichto,7513,2092,1903
Healexr,7684,1306,1278
AndrewSeven,7684,1410,1357
MagnusCarlsen321,7934,1657,1547
babin,7934,1561,1471
Nullptrs,14081,888,959
De-Bug,14567,1991,1771
Madboly,18591,1827,1611
KOPOLb_4YPOK,18591,1688,1598
tolbi,18969,979,868
