handle,rank,oldRating,newRating
2018LZY,2,2064,2309
q1w2e3r4_1,3,2078,2301
shade34,4,2006,2237
enzopsm,8,2012,2209
pill,9,1974,2178
6ziv,11,2002,2188
oversolver,12,1938,2139
skahl15,13,1735,1998
Hayasa17,15,2018,2185
Auroraa_,16,1835,2055
JoJo,17,2064,2211
fishy15,18,2098,2233
MohammadParsaElahimanesh,19,2093,2227
psruk,22,2071,2204
Setsuna,23,2050,2187
Pacybwoah,25,1977,2132
zhangtianhan,26,1957,2116
vlp,27,1858,2046
annyeong1,28,1914,2083
yuvrajKharayat,29,2033,2163
NanYanNanChui,29,2097,2209
titia,31,1926,2085
Yoav,31,1983,2125
peteza,33,2063,2180
bbts,35,1818,2006
LOL_I_AM_SERZH,38,1947,2092
economist,40,1885,2045
flytime,40,2095,2194
Pablo-No,42,1983,2113
s-lissov,44,1853,2020
gqf123,47,2086,2181
yvbf,48,1813,1988
camc,49,1904,2050
yellowtoad,50,1984,2105
SeptaCube,51,1967,2092
kilkuwu,54,1789,1966
gohan123,55,2091,2177
samliu12,56,1958,2081
Abhishek_Srivastava,57,1900,2039
GreatEagle,58,2038,2136
Phi-001,59,2037,2134
wuhudsm,61,1990,2099
bernat.pages,63,2055,2144
Elup,64,1652,1898
DemenBeoU,66,1950,2123
applepi216,66,1999,2100
Guest1024,72,1887,2054
Legend_dy,73,1841,1986
MateiKing80,74,1962,2070
ibrahim001,78,2084,2154
ivan.alexeev,78,2038,2121
KhanhHoa_NNTan_1,83,2099,2162
AdhityaMangudy,84,2042,2121
Badint,85,2070,2140
antoniomsah,89,1892,2011
John_zyj,90,2080,2145
Greenscreen23,91,2099,2158
e3e,92,2089,2150
ooscode,94,2049,2120
LoboLobo,95,2080,2141
akibb123,97,1964,2058
aykhn,98,1991,2076
NovusStellachan,99,1920,2025
Pervushev,100,1966,2057
haze,101,2004,2084
zseefvhu12,102,1863,1984
qusol,103,1806,1944
Kustov_Vadim_533,104,1860,1981
Hectonit,107,1995,2075
Art.twink,108,2062,2122
ShirayukiNoa,110,1887,1997
gs20036,111,1952,2042
nch1ck,112,1932,2027
Eunha,114,1957,2044
Hanghang007,115,2054,2114
zhouchenfeng,117,1956,2042
larsr,118,1806,1936
Andwerp,119,2032,2096
jtmaster1000,124,1987,2062
Evocation,125,1913,2008
NeroZein,127,1991,2063
--tofu--,129,1853,1964
arman_ferdous,129,1988,2060
puriflame,134,616,1183
h2rsh,135,1784,1914
t98slider,136,2137,2166
Nxxlt,137,1949,2029
Wandoka,139,1894,1989
tRoehr,141,2098,2135
tenagazaru,143,1947,2025
eggag32,145,2079,2120
heijiaohu,147,1964,2036
Kyte,149,1949,2025
ttsweet,150,1948,2024
rajat376,151,1811,1927
Farsh_LE,154,2028,2080
ArsenGotov,160,2039,2085
Dremix10,160,2017,2069
efishel,164,1886,1975
cuddly,168,1827,1932
hxu10,170,2063,2100
operator_,170,704,1227
JOliva,172,2034,2078
delussive,174,1913,1991
yahia,176,1854,1949
Queue,178,2023,2069
Shuishui_0921,182,2017,2063
Pazio,185,2089,2115
YerzhanU,190,1881,1962
Chelovek9,190,1909,1982
H-R-2004,198,2060,2089
RegenFallen,198,1924,1991
Alex239,203,1993,2040
xylu,203,1909,1979
Mr_Ell,210,1870,1950
koukanni,210,1835,1925
RockSnow,213,1980,2028
SoloRejudger,218,1843,1929
jmyszka,220,1948,2003
4qqqq,222,2057,2082
AFOier,224,2061,2085
ilyastarost,231,1998,2037
Halyavka,232,2012,2047
dumb_boi,232,1987,2029
Narut,236,1716,1835
GennadiySosnov,242,1993,2031
DiegoGarcia,243,1924,1981
Eslam_Saleh,247,1881,1949
unlock,250,1929,1983
emeev,251,1970,2012
gigachau,256,2009,2040
brute_forceCE,258,1859,1931
EgorSav,258,2056,2074
purinliang,262,1864,1934
Meloric,266,2078,2088
Hagry,266,1915,1969
Roll_Num_56,272,1986,2020
_Kee,273,1813,1895
dimkolya,273,2022,2046
Mohamed_Reda,276,1815,1896
shiqiaqiaya,276,1983,2017
dmot,278,1723,1831
yy__zq,279,1762,1858
Aeon,282,1921,1971
hxano,287,1893,1949
Jlyfish,295,2064,2074
minhnguyenxuan60,296,1956,1993
Final_Track,301,1906,1956
fryingduc,303,1959,1995
shimomoa,312,1830,1958
Mag1sk,312,1954,1989
CaveNightingale,320,1968,1998
tour2st,324,1824,1894
marc2825,328,1943,1979
D3Xtr,330,1709,1811
kookeudas,332,2094,2090
ywjylx,333,1974,2001
Java,333,2051,2057
Kangaroo_Splay,337,0,698
kondasujay2,340,2029,2040
kh0i,345,1934,1970
1024mb,352,1985,2006
raztun,357,1965,1990
squishybanana04,359,2035,2042
hhhyh,362,2059,2058
Scalm,365,1970,1992
ASHWANTH_K,370,2023,2031
Code937,371,1876,1924
twosome,373,2022,2030
njustbacon,377,1857,1909
BlackLily,381,0,690
donot,382,1890,1932
CoderAbhi27,383,1893,1934
pengpeng_fudan,385,1914,1949
rucaco,385,1740,1823
FzArK,390,1998,2009
outfinity,393,2088,2076
plourde27,394,2066,2059
BallBreaker,396,1966,1985
Namine,398,1973,1990
dontforgetyourself,401,2035,2035
CTHOOH,403,1859,1906
sai-17,407,2028,2030
ha___il,407,2032,2033
jackson.souza,418,2051,2045
one_autum_leaf,420,1732,1814
wfb,421,2063,2054
wang_by,424,1949,1969
tanaygad,428,2009,2012
Clan328,428,1991,2000
Newtech66,435,1774,1841
EloiP,437,1963,1978
Dragokj03,443,1860,1901
RU_NowOrNever,444,1971,1983
Mans-21,445,2041,2034
Hata_no_Kokoro,450,2017,2016
piasticOuO,453,2064,2051
SamyakSinghania,454,2076,2060
zawatin,457,1780,1843
ScorpioDagger,459,2053,2041
knightmare_,465,1971,1980
AryRDW,478,2063,2047
1075508020060209tc,482,2070,2052
mohammadsam,483,1916,1938
SpadeA261,486,2011,2008
balakrishnan,487,1714,1791
RomkaRS,489,2032,2022
zezoo050,494,1852,1890
Surver,505,1924,1941
celin,506,1942,1954
SSKMF,508,1841,1880
zhangeb,513,1835,1875
quaha,518,1787,1840
Palbudir,522,1824,1865
kzyKT,528,1983,1982
I_Love_Diar_Narumov,528,2067,2045
IHateGeometry,531,1928,1940
kwm_t,536,2061,2040
bzh110,537,1847,1881
Inkyo,542,1880,1904
shrapnelzz,545,2021,2008
prz1213,547,1931,1941
LittleXi,549,2018,2005
dAwnnwAb,550,1836,1872
pera2008,563,1850,1880
Misha100896,563,1980,1976
hato_,569,1628,1720
874641984,570,1935,1942
romarkovets,575,1965,1963
21cs01033,578,2053,2029
_zmy_,582,1836,1868
panospask,585,1814,1851
liaoyanxu,589,1678,1754
kaztayev,592,1918,1927
H_W_Y,594,1529,1703
xu826281112,594,1761,1812
Lyamzin_alexandr,597,1778,1824
Abito,601,1708,1773
Edeeva,601,1724,1785
Igor_Parfenov,605,2072,2041
ender_shayan,611,1886,1902
thawin.ice,611,1732,1790
Mahmoud_Haddad,623,2000,1985
FierteDeCeylan,630,1977,1967
jh01533,630,1942,1941
nik.danilov,636,1914,1919
infCraft,640,1546,1655
anaswarkb013,644,1972,1962
profchi,649,2044,2016
KobicGend,649,1452,1589
Kalashnikov,654,2051,2021
dbaumg,661,1888,1899
SelfDestruct,661,1930,1929
anhkha1004,661,1858,1876
ZhiGeBaiShui,664,1901,1907
hengliao,664,1806,1838
QY2002,672,2056,2024
samnever,676,1919,1920
Mu_Silk,676,1886,1895
Mohil09,680,1858,1874
anton6,693,1943,1936
JakobZ,699,2083,2042
dongggle,707,1813,1839
BlueJade,709,1901,1903
goncharovmike,709,2026,1998
Sergey.Bankevich,723,1777,1811
KUHYAKU,723,1616,1696
MarioYC,727,1763,1801
TheSahib,730,1863,1873
mika_uwu,730,1908,1906
xbai,736,1768,1803
Gwen,736,1997,1973
hackerbhaiya,736,1960,1945
kunzaZa183,736,1885,1889
cybsbbb,744,1757,1795
timreizin,747,2022,1991
kolomig0r,760,2097,2047
a999999,792,1813,1831
rikka_lyly,797,1671,1728
_bLIC_,797,1856,1863
Rayo,813,1780,1806
zhenja,815,1873,1874
hashman,821,1683,1735
adepteXiao,833,2133,2070
Krabbypatty,833,1700,1746
I_am_Domik,843,1689,1738
argtarg,844,1529,1624
ChaosAngel,855,1897,1889
Jin-Keeper,859,1758,1786
FatihCihan,861,1877,1874
JoanhLan,865,2092,2036
elijjah,865,1738,1771
abstract_nonsense,865,2050,2004
ibrahimwq,865,1951,1929
Leonard,876,1967,1940
FlowRays,879,2004,1968
fireinferno,887,2080,2026
yookwi,893,1832,1838
omikad,910,1862,1859
MASTERB4APRIL,935,2065,2011
cayaxi09,965,2067,2011
inoader,972,1778,1793
bhatnagar.mradul,977,1795,1805
MinaRagy06,999,2064,2007
zeemanz,1040,1751,1769
plevande,1045,1834,1830
_morsmordre_,1059,1982,1941
WhimsicalCode,1064,1811,1811
CodeChild,1070,1609,1664
20060702,1073,1963,1925
EN_SA,1095,1927,1896
Thanhs,1106,1897,1874
Aiplc,1106,2028,1973
khepri,1120,2000,1951
waste_,1130,1906,1879
BabaVoss,1138,1878,1857
Pols_Agyi_Pols,1146,1959,1918
pengin_2000,1180,1895,1868
Rodger2041,1186,1794,1792
Ivan_Kolosov,1190,1832,1819
tilenn,1207,1941,1901
kanye_east,1231,1932,1893
ODD-EYES,1231,1978,1928
PieArmy,1237,1810,1800
rob00,1237,1938,1897
kjhhjki,1246,1714,1729
hshhh_,1246,1442,1534
urosk,1260,1988,1935
perchuts,1267,1936,1894
rishit3234,1315,1928,1885
serichaoo,1326,1949,1902
besukohu,1339,1803,1790
Hosen_ba,1339,1946,1899
Onur_Ilgaz,1351,1993,1934
diobrando97,1369,1749,1748
Timur2006,1407,1993,1932
Wxssim,1423,1747,1744
MegrezBunny,1432,2075,1994
codicon,1445,1969,1911
Egorsa,1452,1813,1792
Kawaii,1487,1957,1900
DAleksa,1494,2043,1967
Paradox14526,1533,1714,1778
to_be_decided,1544,1922,1936
berr,1551,2006,1935
Sgdd,1554,1743,1735
Lezy233,1566,1523,1573
arthur_9548,1572,1754,1743
cmdgbb,1581,1926,1873
MisterReaper,1584,1861,1823
GStnt,1643,1978,1910
Link_Cut_qwq,1705,2030,1948
fzcdream,1718,1686,1686
danbanica,1740,1956,1890
kimmoqt,1742,1966,1897
Xiaozzz,1777,1730,1716
FBI,1780,1888,1836
etherinmatic,1800,1847,1804
the_problem,1807,1864,1816
Luvidi,1822,1703,1694
XDEv11,1829,2035,1948
Huangyf,1850,1733,1715
rainboy,1854,1821,1782
subcrip,1873,1749,1727
Nika533,1879,1987,1909
milind0110,1884,1959,1886
n0sk1ll,1897,2055,1961
spectrra,1901,1784,1752
icewarrior52,1904,1837,1793
jackylova_fan_fan_fan,1905,2085,1985
Pagode_Paiva,1909,1940,1871
gortomi,1910,2074,1975
DerrickLo,1913,1745,1722
gs17005,1925,1912,1849
tzl_Dedicatus545,1925,1859,1808
drath10,1925,1924,1858
swapnil159,1930,1843,1796
-_TIMOFEY_-,1930,1939,1870
theNewSon,1935,1832,1787
Cegax,1946,2011,1925
roIandpetrean,1946,1711,1695
qsmcgogo,1952,2089,1986
bananasaur,1952,2046,1952
sputn1k,1952,2058,1961
0x0002,1960,2096,1991
eyadhjarray111,1960,1978,1899
charan,1980,1989,1907
Mr.Whitebird,2013,1780,1745
ishmeal,2020,2018,1927
ajinkya1p3,2034,1898,1835
NuclearMint,2034,1667,1659
Ahmed_Salah7,2034,1802,1761
abhidot,2042,2043,1947
ThisWasUnplanned,2042,1592,1603
Gondozu,2071,1990,1904
dannalc,2071,2071,1968
Keeeeepy,2125,1715,1729
tdsb,2125,1794,1751
lowbob,2145,1945,1867
mohamedeltair,2145,1942,1864
disjointset,2165,2022,1926
bleh0.5,2187,1917,1844
cc4414,2187,2021,1925
phsads,2265,1535,1552
rtckyw_,2305,1930,1851
Shirotsume,2342,1895,1822
_R00T,2342,1783,1735
weirdflexbutok,2366,1870,1802
omsincoconut,2366,1997,1901
hocln,2397,1752,1710
ScarletS,2418,1988,1893
Mr_Programmer_98,2418,1707,1676
soumilbansal0005,2443,1394,1443
djm03178,2489,2051,1940
Ertugrul28,2489,1859,1790
gupta_samarth,2526,1929,1843
caoshurui,2584,1918,1833
coding_sword,2690,1935,1843
sleepntsheep,2761,1754,1701
Tima19,2761,1886,1803
saikrishna17394,2924,1708,1661
ElyesChaabouni,2952,1933,1836
stan23456,2971,1792,1725
MagnusCarlsen321,3080,1708,1658
ji_114514,3228,1555,1538
IanISam,3289,1893,1796
flygon,3400,1815,1733
UshanGhosh,3437,1944,1833
Axial-Tilted,3437,1533,1516
MegalovaniaJ,3489,1857,1764
Rodionno,3519,1876,1778
Alliy666,3582,1666,1613
stup_bitch,3870,1984,1857
Rising-coder,3898,1931,1814
regain0002,3898,1968,1844
confirm14478,4089,1781,1692
KIRIJIJI,4122,1889,1777
Satyanweshi45,4157,1712,1637
kl0989e,4407,1329,1378
Nullptrs,4491,1351,1356
daniel071292,6240,1759,1640
Bahamin,7112,1706,1586
serialcomder,7903,1927,1757
mily,11780,1641,1484
tolbi,14217,312,232
ZrjaK,14217,1618,1438
