handle,rank,oldRating,newRating
maroonrk,1,3296,3487
Radewoosh,2,3532,3611
ecnerwala,3,3534,3584
cnnfls_csy,4,3539,3569
orzdevinwang,5,3561,3570
tourist,6,3572,3565
turmax,7,3008,3138
jiangly,8,3640,3597
Um_nik,9,3375,3393
maspy,10,3252,3294
noimi,11,3085,3163
hos.lyric,12,3168,3218
ksun48,13,3366,3360
353cerega,15,3068,3133
arvindf232,16,2946,3036
zhaohaikun,19,2476,2675
ugly2333,20,3296,3280
antontrygubO_o,22,2920,2992
Crystally,23,2981,3035
KostasKostil,24,2600,2748
244mhq,26,3078,3101
S2speed,27,2567,2718
Nyaan,28,2790,2880
Golovanov399,29,2909,2966
Pointy,31,2723,2823
Temotoloraia,32,2670,2781
no_dream,33,2510,2660
dXqwq,34,2911,2955
jeroenodb,35,2857,2913
Kapt,36,2865,2917
Elegia,37,3120,3105
JCY_,38,2590,2708
QwertyPi,39,2702,2789
Flamire,41,2880,2918
cmll02,42,3003,3008
risujiroh,43,2710,2788
zidder,44,2372,2536
KevinWan,45,2557,2671
hyman00,47,2492,2619
SSerxhs,48,2783,2833
Rubikun,49,2818,2858
grass8sheep,50,2722,2785
wdnmdwrnmmp,51,2599,2692
crazy_sea,52,2872,2894
tute7627,53,2969,2965
alireza_kaviani,54,2879,2896
Laurie,55,3118,3074
never_giveup,56,2888,2900
dl720125,57,2717,2771
Amoo_Safar,58,2771,2810
Tlatoani,59,2471,2585
dreamoon_love_AA,59,2754,2795
Merkurev,61,2706,2758
frodakcin,63,2587,2667
honglan0301,64,2597,2673
le0n,65,2825,2842
yangster67,66,2427,2545
ttklwxx,67,2903,2898
bashkort,68,2755,2786
dorijanlendvaj,70,2988,2960
PCTprobability,71,2883,2879
ppltn,72,2589,2659
AlternatingCurrent,73,2940,2920
orz,74,2675,2721
Sugar_fan,75,2827,2833
isaf27,76,2978,2946
Fido_Puppy,79,2646,2694
Adam_GS,80,2714,2744
jacynkaa,81,2599,2657
0wuming0,82,2361,2480
PinkieRabbit,85,2913,2890
hitonanode,86,3030,2976
kostia244,87,2809,2809
SHZhang,88,2702,2729
BalintR,89,2753,2766
Xylenox,91,2804,2802
yosupo,92,3125,3042
TKT_YI,93,2552,2613
natsugiri,94,2603,2650
fengqiyuka,95,2885,2860
leaf1415,97,2469,2548
Swistakk,98,2952,2908
sansen,99,2686,2707
Atreus,99,2521,2584
Wuyanru,101,2609,2648
SSRS_,102,2911,2874
5ab,103,2393,2487
ngpin04,104,2266,2393
as_dfsdf,105,2355,2457
xuanxuan001,106,2716,2725
mtsd,107,2588,2628
LinZhengYu,108,2104,2274
cmk666,109,2555,2602
LeoPro,110,2821,2801
A_G,111,3073,2989
Maksim1744,112,3017,2946
rui_er,113,2541,2589
Alex_Wei,114,2991,2926
Scintilla06,115,2717,2719
xianboyu,116,2439,2511
bronze_coder,116,2494,2551
Ormlis,118,3288,3146
Pyqe,119,2823,2796
JettyOller,120,2666,2678
wsyear,121,2559,2597
Taiyaki,122,2123,2277
RobertoFirmino,123,2328,2425
-14,124,2510,2559
LuCpp,125,2546,2585
AmirAli-Asgari,127,2447,2510
Zhouershan,128,2386,2464
vgtcross,130,2547,2583
zhangjianjuncd,131,2601,2622
Keshi,132,2625,2640
trainwithoutpain,133,2302,2400
Lawali,134,2474,2526
Brovko,135,2605,2623
-Eternity-,137,2871,2821
_Purslane_,138,2244,2355
Kude,139,2710,2699
yuanruiqi,140,2286,2384
lexiyvv,141,2257,2362
pp_orange,142,2403,2469
jiangbowen,143,2642,2646
Enchom,144,2365,2440
daubi,145,2763,2736
kotatsugame,146,2885,2827
piggy123,147,2231,2340
yuto1115,148,2757,2730
cfhj,149,2416,2475
mickeyjung,150,2439,2491
kto_eto,151,2452,2500
AHappyPotato,153,2280,2372
stoDiwanulorz,154,2180,2336
Potassium,156,2521,2549
cat_of_Nesraychan,158,2760,2727
return20071007,159,1760,2000
abeker,160,2412,2466
wyrqwq,163,2601,2605
MagicalFlower,164,3052,2944
LMydd0225,165,2556,2571
Apple_Method,166,2330,2403
415411,167,2237,2334
Savior-of-Cross,168,2529,2549
xzc0920,170,2429,2474
MeGustaElArroz23,171,2228,2326
kmjp,172,2662,2647
RNS_KSR,173,2306,2382
A_zjzj,174,2539,2554
zhouqixuan1,175,1975,2142
ymmparsa,176,2777,2732
MAKMED1337,177,2316,2387
Imdie,178,2238,2330
sevlll777,179,2456,2490
hzt1,181,2206,2306
Farhod,183,2622,2612
cxm1024,184,2751,2709
Thienu,185,2692,2665
abc864197532,186,2608,2601
sstrong,187,2355,2412
ComPhyPark,188,2294,2367
maomao90,189,2476,2501
wzc_IOI_czw,190,2220,2312
yangsonghan,191,1656,1972
eren__,192,2292,2363
EJIC_B_KEDAX,193,2411,2451
asdsasd,194,2739,2696
36champ,195,2312,2377
ppavic,196,2679,2650
zltzlt,197,2570,2568
KrK,198,2560,2560
qwq123,199,2179,2278
gloria_mundi,200,2129,2242
propane,201,2449,2476
YXHuang,202,2343,2397
ace5,203,2462,2485
Rafi22,204,2454,2478
AgafonovArtem,205,2335,2390
xukai,206,2670,2639
chaeyihwan,206,2377,2420
flying,208,2576,2568
KroosTheKeenGlint,209,2587,2576
HHH666666,210,2270,2340
limanjun,211,2353,2401
physics0523,212,2532,2534
fastmath,213,2425,2453
jdurie,213,2526,2528
RP-1,215,2253,2326
Noam527,216,2609,2590
maximumSHOT,217,2554,2548
Xellos,218,2484,2496
turkhuu622,222,2168,2261
Sorting,223,2350,2394
handy.rose,224,1985,2129
kevinyang,225,2361,2402
aufannn,228,2195,2279
MYFJCHX,229,2221,2297
Omer223,230,2431,2452
SanguineChameleon,231,2442,2460
awoo,233,2358,2397
Hyperbolic,234,2455,2468
EasonTAO,236,2440,2456
Davoth,237,2455,2467
mjtai,239,2176,2261
voidXD,240,2211,2286
RobeZH,241,2469,2476
makrav,242,2367,2400
Nika_Tamliani,243,2278,2334
defnotmee,243,2386,2414
Mathematiker,245,1975,2114
Dorost,246,2312,2358
Weobe,246,2141,2233
_Yuru_,248,2236,2302
Ronnie007,249,2305,2352
fuppy,250,2491,2490
olmrgcsi,251,2433,2446
complexor,252,2213,2284
2qbingxuan,253,2340,2377
noya2,254,2447,2456
yuBai0123,255,2187,2264
Marco_L_T,256,2147,2234
Muelsyse,257,2407,2425
Anonymous_Noob,258,2442,2451
uwu,259,2473,2474
Misuki,262,2335,2370
Andreasyan,263,2429,2440
SorahISA,264,2382,2405
OInfly,266,2278,2327
SongC,267,2451,2455
alegsandyr,268,2407,2422
icewarrior52,270,1904,2056
ToniB,271,2271,2320
toniskrijelj,271,2138,2223
tolbi,271,-33,908
bunH2O,274,2179,2252
beiyuli,275,2369,2392
lvkaiyi0811,276,2340,2370
feeder1,277,2604,2567
pooty,278,2458,2457
Marckess,278,2442,2445
_LeMur_,280,2332,2363
rubbishZ,281,1934,2074
MateoCV,282,2486,2476
AA_Surely,284,2275,2319
mewmewmew,285,2290,2331
cpchenpi,286,2331,2361
kingofpineapples,287,2118,2204
ub33,288,2179,2248
popescuadrian,289,2170,2241
emthrm,290,2637,2588
ggq15plus2,291,2027,2137
anpaio,292,2149,2225
yutabi,293,2394,2405
KoreaL2KStRiKe,293,2216,2273
Akulyat,296,2253,2300
myst-6,297,2160,2231
CALLSIGN_NULL_,297,2263,2307
xpov1LL,299,2030,2137
andreyDagger,300,2183,2248
ivatopuria,301,2176,2242
sillylittleidiot77,301,2384,2395
danya111,303,2313,2343
ajpiano,304,2292,2326
McPqndq,305,2109,2192
cuom1999,306,2354,2372
ParsaS,307,2025,2131
DELTARUNE,309,2048,2147
magnified,310,2111,2193
lmqzzz,312,2393,2399
dranjohn,313,2103,2185
devinqu,313,2268,2306
anaswarkb013,316,1968,2088
pandaforever,316,2403,2406
-is-this-fft-,318,2493,2474
kostyamyasso2002,319,2041,2140
zjy2008,320,2415,2414
menborong,321,2282,2314
dimss,322,2393,2397
JeanBombeur,323,2404,2405
parsa-golestani,325,2135,2206
Oler_kzc,326,2441,2432
Temmie,327,2240,2282
JoJo,330,2291,2320
jhkoh,331,2299,2325
SomethingNew,332,2612,2559
DemenBeoU,332,2123,2232
pentiment,334,2244,2284
mjhmjh1104,335,2398,2398
Soumya1,336,2466,2449
Ilya_MSU,337,2210,2258
tarjen,338,2366,2373
Dart-Xeyter,339,2328,2344
LiuXingJian,340,1979,2090
prins,341,2158,2219
FEDIKUS,342,2251,2287
bruhify,343,2036,2130
Felix72,344,2051,2140
k1r1t0,345,2346,2357
Aleks5d,347,2181,2234
Iratis,348,2404,2399
vwxyz0,349,2166,2223
parkky,350,2178,2231
Irmuun.Ch,350,2255,2288
zc2707,352,2332,2345
afterall,353,2448,2431
RED_INSIDE,354,2283,2308
mhb2010,355,2243,2278
Zanite,356,2390,2387
oolimry,359,2356,2360
zlxFTH,360,2293,2313
pavlekn,361,2175,2226
hychyc,361,2315,2330
Never-Ever,361,2515,2479
ikrpprppp,364,2120,2186
mihleonid,365,2278,2301
yxcatqwq,366,2201,2244
zdc123456,367,2296,2315
gansixeneh,368,2274,2298
Celebrate,369,2270,2294
enzopsm,370,2209,2249
zlc1114_v2,372,2197,2241
rickbaishuak,373,2222,2258
page_fault,375,1925,2042
Silver_Fox,376,2045,2128
okwedook,377,2442,2422
paula,379,2297,2312
ArtAlex,380,2220,2256
khepri,381,2042,2125
MohammadParsaElahimanesh,382,2227,2260
keko37,383,2243,2271
Jimanbanashi,384,2166,2215
ttamx,385,2321,2329
Onolt_kh,386,2173,2219
baqargam,387,2123,2183
Valters07,388,2220,2254
plast,390,2138,2193
PavelKunyavskiy,391,2529,2485
Nil2007,392,1834,1973
Gold14526,393,2155,2205
ballpoint_pen,395,2132,2187
Dominater069,396,2465,2436
Romy67,397,2068,2140
Nanored,397,2138,2191
YuJiahe,399,2213,2246
Be_dos,399,2336,2338
Flandre_495,401,2177,2219
Unlimited_zero,402,2403,2387
afuafu,403,2239,2265
ansisgustavs2,404,2323,2327
reedef,405,2512,2469
I.Gleb,407,2155,2201
DIvanCode,408,2136,2188
Matutino,410,1937,2102
Francesco4203,411,2027,2107
LOL_I_AM_SERZH,412,2176,2216
de_sousa,412,2253,2273
Edu175,414,2124,2177
rembocoder,415,2450,2420
fishy15,416,2233,2258
qilby,419,2130,2181
annyeong1,420,2107,2164
Sofapuden,421,2330,2328
Routec,422,2214,2242
daniel071292,423,1793,1937
InternetPerson10,425,2549,2493
zfs732,426,2212,2240
tRoehr,427,2135,2183
flashmt,428,2268,2281
k1suxu,430,2045,2117
cebolinha,431,2139,2185
loan,433,2105,2160
Jonas01234500,434,2120,2171
Gergyg,435,2121,2172
vanogam,436,1966,2059
bobbilyking,439,2171,2207
shevlopmes,440,2057,2123
ikefumy,441,2255,2268
edogawa_something,443,2077,2137
disastah,444,2268,2278
ethan0328,444,1807,1977
Aemmprty,446,2074,2134
D3Xtr,448,1786,1926
Prostoegor239,449,2100,2153
kalimm,450,2129,2174
fast_photon,450,2382,2363
Galetx,452,2299,2299
Tx_Lcy,453,2202,2227
siganai,454,2673,2581
akua,454,2173,2205
KevinLikesCoding,454,2096,2149
rt3,457,2060,2123
yzz162534,458,2175,2206
hulahula32471,459,1976,2061
brianhsu7476,460,2307,2304
wonrzrzeczny,462,2181,2210
TimonKnigge,464,2159,2194
VLamarca,465,2060,2121
arash.,466,1969,2054
knightL,468,2377,2355
alice_ssoi,469,2270,2338
Wolam,470,2256,2264
jinqihao2026,471,2534,2473
Arti1990,472,2089,2140
dyppp,473,2374,2353
janY_,474,2136,2175
Greenscreen23,474,2158,2191
PedroBigMan,474,2291,2289
shade34,478,2127,2167
AFOier,480,2191,2215
golions,481,2113,2156
fr200110217102,482,2252,2259
divanik,484,2131,2170
servants,485,2408,2375
Dimitrovsd,485,2061,2117
Hamed_Ghaffari,487,2152,2184
tenkei,489,2273,2274
onufryw,490,2219,2234
xuyifei1,492,1954,2039
Kilani,493,2382,2355
NTT,493,2256,2260
LoboLobo,495,2141,2175
peteza,496,2062,2117
DylanSmith,497,2366,2343
isaachew,498,2310,2300
celin,499,2051,2108
Emilan,500,2163,2190
serotonin,501,2360,2337
lucasxia01,501,2333,2317
al3xstr33t,503,2387,2357
socho,504,2228,2238
Badint,505,2136,2170
ak-group,506,2170,2195
_chroneZ,507,2027,2089
qwef_,509,2267,2266
Tony2_CF,510,2504,2445
mwen,511,2316,2303
2745518585,512,2408,2371
chemthan,513,2409,2372
dyktr_06,514,2070,2119
SecondThread,515,2142,2172
davi_bart,516,2447,2401
asafiul,517,2177,2198
cayaxi09,518,2019,2081
paulinia,519,1953,2033
tatata96,520,2111,2148
5af,521,2191,2245
cyb1010,521,2342,2321
NuclearMint,524,1824,1939
JoanhLan,525,2004,2070
Omiya_Shinobu,526,1886,1983
outfinity,527,2030,2088
Krabbypatty,528,1848,1955
alexashkins,529,2107,2144
I_HATE_CONSTRUCTIVES,530,1993,2060
teekaytai,531,2044,2098
BlueJade,532,1903,1995
regain0002,535,2000,2065
DanTheMan.,539,2223,2228
Tima,540,2222,2228
Gassa,541,2374,2342
KseniaShk,542,2124,2155
Serendipity__,545,2107,2142
Richard1211,546,1926,2009
FantasyNumber,547,2156,2177
chenrui9551,548,2085,2125
jamesbamber,549,2247,2245
lamduybao03,550,2257,2252
fzx,551,2327,2305
feodor.yevtushenko,553,1451,1669
PalmPTSJ,554,2071,2114
amirhoseinfar1385,555,2349,2320
MrBrionix,556,2428,2380
4qqqq,558,2091,2128
jtnydv25,559,2303,2285
Suwan,560,2327,2303
khakitoad,563,1703,1881
Anachor,565,2273,2262
radoslav11,566,2205,2210
MnTm,567,2123,2149
GrandSouris,568,2274,2262
Kaey,569,2288,2273
jacobtpl,570,2348,2318
Alon-Tanay,571,2566,2482
toam,572,2491,2425
Handsome2004,573,2064,2105
Gheal,574,2168,2182
Agua_Podrida,576,2370,2334
wukaichen888,577,2162,2177
VladProg,578,2479,2415
998kover,579,2849,2697
Fortitude,580,2059,2100
HHY_zZhu,581,2393,2350
vladmart,582,2111,2139
JYJin,583,2315,2291
Ghosteman1234,583,1648,1802
I_Love_EliskaM_,585,0,724
win114514,586,2263,2251
Peter-007,587,2224,2222
kwoncycle,588,2071,2109
Error-42,588,2288,2270
Piokemon,590,1977,2039
qkm66666,591,2309,2286
Wansur,592,2168,2179
Vince729,593,2049,2091
Sokol080808,594,2260,2248
jeff252,595,2257,2246
kizaru,596,2086,2118
N00BGH0ST,597,2151,2166
MtSaka,598,2275,2258
lwn_16,599,2552,2468
yunetive29,600,1976,2037
teapotd,601,2491,2421
2018haha,603,2147,2162
Shuishui_0921,604,2198,2200
tvmpqx_8601,605,2336,2304
PineapplesOnPizza,607,2231,2224
Vectors_Master,608,2129,2148
lukameladze1,610,2181,2186
Hell2Evator,611,2325,2294
purinliang,611,2112,2135
NovusStellachan,613,2024,2070
molney,615,2169,2177
sv1shan,617,1846,1940
Dalek_of_Rivia,619,2225,2218
AdhityaMangudy,619,2121,2141
Nika533,619,2059,2095
e3e,622,2180,2184
nifeshe,624,2243,2231
erankyun,625,1932,2000
kuticpcer,625,2128,2145
franv,627,2180,2184
sunkuangzheng,628,2100,2124
kolomig0r,629,2140,2153
AmShZ,629,2422,2366
ppip,631,1995,2106
mhtkrag,634,2250,2234
Imakf,635,2402,2350
andrewtam,637,1905,1980
Tima3,638,2141,2152
yangchang,640,1605,1798
bedrockfake,644,2136,2148
ajinkya1p3,644,1934,1999
Ricky2021,646,1945,2007
Maruzensky,646,2300,2271
10tus,649,1988,2099
kookeudas,651,2090,2113
Boboge,652,2287,2261
demian123,652,2225,2213
djm03178,655,2031,2069
GILGAMESH,657,1965,2021
ian_HLX,658,2306,2274
sunyuheng365,658,2133,2144
Giga_Cronos,661,2310,2277
LUlululu1616,663,1987,2035
IsaacMoris,666,2182,2180
mcfr,669,2109,2125
JOliva,669,2031,2067
GSYL,672,2208,2198
alex.kudryashov,673,2192,2186
ButterflyDew,674,2139,2147
EgorUlin,674,1918,1983
Intellegent,678,2083,2105
Waldi,679,2116,2129
tyr0Whiz,680,2174,2171
perchuts,680,1957,2011
Cegax,680,2000,2043
GOTKAKO,685,2110,2124
ne4eHbKa,687,2105,2120
DisconnectedGraph,688,2341,2296
idontwannawin,691,2104,2118
hqmm,693,1991,2035
JoseSoto,695,1947,2002
LOOP0,695,2102,2116
t98slider,698,2097,2112
Flaming_Blade,699,1991,2033
zabiyakaubivaka,700,1916,1978
369Pai,700,2122,2130
114514,704,2316,2275
Onjo,704,2326,2283
limbo16,707,2252,2227
anango,709,2102,2115
Petroleumus,710,2061,2084
cxaphoenix,710,2555,2457
Plurm,712,1924,1983
GoldIngot,714,2143,2144
Alexxx,717,1947,1999
Eldar_H1,719,1879,1948
mQfZ,722,2147,2146
sashko123,723,1924,1981
Dorothy__,723,2280,2246
MarcosK,726,2130,2133
Beacon,726,2011,2044
xiaowuc1,728,2518,2427
Heibor,729,2142,2142
ExplodingFreeze,731,2105,2114
zzyx,732,1965,2010
__chtholly__,733,2190,2177
wuhudsm,734,2123,2127
trybetter,735,2165,2158
frznhc,736,2102,2111
mr.kolya,738,2171,2162
Lurtruoso,738,1963,2008
wfb,738,2085,2097
lvle,741,1987,2025
vito1036,746,2113,2118
abhidot,748,2004,2037
raztun,749,2028,2054
Jeuti,750,2184,2170
GreatEagle,753,2136,2134
Jamshed11,754,2163,2154
omsincoconut,755,1841,1916
geospiza,757,2119,2121
lsxhyyds,758,2120,2122
DiegoGarcia,759,2006,2037
FattyPenguin,760,2413,2343
unknown-name-user,761,1934,2020
ciuim,763,2211,2190
Clan328,765,1916,1970
AQT,766,2521,2424
mika_uwu,767,1743,1843
dannyboy20031204,769,2246,2215
IgorAkhmetov,771,2030,2053
hugopm,774,2259,2224
hariaakash646,775,2070,2083
heaksicn,776,2302,2257
AwesomeHunter,777,2024,2048
jtrh,778,1925,1975
chinerist,780,2531,2430
lorenzoferrari,780,1891,1950
SuperJ6,783,2195,2175
RecursiveCo,786,2188,2170
tch1cherin,786,2118,2116
Farsh_LE,788,2087,2094
chh9976,790,1945,1988
Bungmint,792,2153,2142
rolandpetrean,794,2128,2123
wjh666,796,2064,2075
jtmaster1000,799,2158,2145
Miko35,801,2406,2333
Chelovek9,802,2034,2052
ripity,804,1817,1892
Xc4l16r3,807,1960,1997
John_zyj,807,2126,2120
Zachary_Gao,807,2040,2056
UhahaUhaha,811,2111,2109
Esomer,813,2190,2168
pkhaustov,814,2081,2086
nono00,815,1908,1958
JackPa,816,2268,2227
purp4ever,817,2134,2125
Auroraa_,818,1951,1989
squishybanana04,820,1994,2021
warner1129,821,2146,2133
IBory,822,2178,2158
east1016,824,2116,2111
skhan_org,826,2136,2125
ilyastarost,827,2079,2083
ItamarNir,828,2124,2116
RaresFelix,829,2366,2300
kilkuwu,835,2087,2088
MatheusAB,838,2147,2133
sdyakonov,840,2128,2118
ekatsim,844,2149,2133
goncharovmike,846,1931,1972
L_Wave,847,2133,2121
JeffreyLC,848,2164,2144
Lucina,850,2136,2123
ByeWorld512,854,2022,2038
senjougaharin,855,2116,2108
Rodionno,857,1863,1920
a999999,859,1897,1945
BossBobster,860,2202,2172
Kniaz,861,2233,2196
-Cap1taL-,861,1913,1956
brenner1,864,2100,2095
honey,870,2055,2060
pengin_2000,873,1892,1940
Lieska,874,2131,2117
Wibo,875,2123,2111
dsolunov,877,2166,2144
martins,880,1897,1943
zjdl,882,1919,1959
kidw0124,883,2106,2098
MinaRagy06,884,2044,2051
ApraCadabra,885,2165,2142
aimoon,887,2276,2225
_R00T,888,1735,1823
waipoli,889,2191,2160
economist,891,1902,1945
CoderAbhi27,895,1939,1972
tour2st,897,1922,1959
Tsovak,898,2054,2057
ivan.alexeev,900,2121,2107
Ste,905,1972,1996
jimini23kjm,909,2218,2179
CaMOUFlage,910,2121,2106
Sugarii,910,2116,2101
sha7dow,913,2113,2099
pwned,915,2145,2124
sarun061729,916,2183,2152
pacha2880,918,1924,1959
lvovkir,919,1690,1786
sai-17,920,2019,2029
Darren0724,923,2302,2242
ahoraSoyPeor,923,2227,2184
Belalabella,923,2146,2123
Jlyfish,926,2093,2083
VladaMG98,929,2362,2287
areke,933,1962,1985
sunkaihuan,934,1611,1787
caoshurui,935,2025,2032
Kim_Duhan,936,1992,2044
Scalm,939,1944,1971
Meloric,941,2071,2066
aManwithaVan,943,1855,1905
ooscode,943,2128,2108
dspt,945,1193,1523
invertedwinger,948,2068,2063
Alex239,950,2121,2103
r-2,952,1585,1776
SpinSpen,953,2094,2082
Luzhuoyuan,954,1637,1745
MASTERB4APRIL,957,1983,1998
changle_knh,958,2075,2067
DennisTran,960,2239,2191
Kinope,960,1990,2003
dmraykhan,963,2115,2097
sg78276397,964,2256,2203
dAwnnwAb,965,1904,1939
Timonnable,967,2005,2013
shdut0901,971,1871,1914
RadRah,972,1857,1904
ArvinCiu,973,2074,2064
reeWorld,975,2182,2146
dontforgetyourself,977,2057,2052
lprdsb,979,2217,2172
ShirayukiNoa,983,2016,2020
Pety,990,2138,2111
Tamora,991,1884,1922
brimix__,993,2109,2090
ABalobanov,994,1898,1932
Healexr,997,1637,1740
onetap,998,1802,1860
Mr_Ell,1000,1920,1948
penguin34,1004,1728,1806
Dolce_Banana,1005,1966,1981
PoPularPlusPlus,1006,2110,2089
Kirkon,1007,1996,2003
balakrishnan,1008,2054,2046
Gleefre,1010,2096,2078
kefaa,1013,1822,1874
WhimsicalCode,1014,1950,1969
ywjylx,1016,2079,2064
Shayan86,1017,2221,2171
shenfe1,1020,2158,2124
Opuntia9622,1027,1928,1950
RockSnow,1028,2099,2078
ssamt,1029,2269,2207
dongyinjie001,1037,2202,2156
zsc985246,1039,2099,2078
Farmer_D,1040,1852,1894
profchi,1041,1990,1995
Azm1t,1044,2098,2077
RedMind,1046,2183,2141
Saquariu,1050,2122,2094
Kyte,1053,2010,2009
KKT_89,1054,2225,2171
egge,1055,2168,2128
jophyyjh,1058,1952,1966
U-mika,1060,1999,2000
g1dr4ch,1066,1878,1910
qmr_wa,1067,2040,2030
edchen,1079,2162,2121
sleepntsheep,1080,1761,1823
frostaur_,1081,1696,1775
drath10,1082,1865,1899
Wizard_of_Orz,1082,2147,2110
danx,1084,1938,1953
mohammadsam,1086,1940,1954
H-R-2004,1088,2064,2047
Rising-coder,1089,1923,1941
minhnguyenxuan60,1090,1920,1939
Gzhibovsciy_Arseniy,1094,2149,2110
sheercold,1096,2240,2180
LincolnYe,1098,1936,1951
marc2825,1103,1944,1955
Yousef.Osama,1105,1641,1733
BallBreaker,1107,2056,2039
seanlsy,1108,555,1050
ha___il,1109,2115,2083
HMAXS,1110,1825,1867
eggag32,1112,2120,2087
bananasaur,1119,1959,1965
Evocation,1120,2133,2097
SpadeA261,1121,1984,1984
gxy001,1122,2224,2165
serichaoo,1124,2011,2004
tarche,1125,2152,2110
RegenFallen,1125,2070,2049
dabbler1,1128,2328,2244
Lol2004,1129,1951,1958
Joler_,1131,2025,2014
ahsoltan,1132,2076,2052
yy__zq,1133,1936,1947
0x0002,1134,2063,2043
-DN,1135,1729,1866
DerrickLo,1137,1931,1943
Pentagon03,1138,1904,1923
jwkim0108,1141,1995,1990
Loveforever,1142,1760,1816
Abdulrahman27,1142,2108,2076
kunzaZa183,1145,1929,1941
Jie-XuSheng,1146,2187,2135
xu826281112,1146,1758,1814
Rideris,1148,2189,2136
stan23456,1153,1767,1820
haze,1153,2131,2092
EgorSav,1155,2063,2041
shorya1835,1156,1799,1844
d_ananta_,1157,1665,1745
lsantire,1161,2118,2082
gs17005,1161,2076,2050
sjhi00,1165,1847,1878
HappyPacMan,1165,2158,2112
mban259,1167,2194,2139
Nevll,1171,2334,2246
yookwi,1172,1988,1983
AlanSkarica,1172,2115,2078
_Ash__,1175,2194,2138
Tobo,1179,2223,2159
gs20036,1179,1942,1947
Kawaii,1184,2006,1995
Mtaylor,1184,2270,2196
LiHn,1188,1475,1606
liqixian2003,1188,1932,1939
mychecksdead,1191,2192,2135
Namine,1191,2004,1993
misorin,1191,2351,2257
tredsused70,1195,2130,2088
AkiLotus,1197,2203,2144
GennadiySosnov,1198,1965,1964
domovonok,1202,2049,2026
IMackerI,1204,1796,1837
Yugi.Hacker,1204,2141,2095
Zain,1212,1901,1914
Franklzh,1216,0,648
sedev57,1216,2242,2172
qwe1rt1yuiop1,1222,1887,1904
Gatina,1223,1959,1957
Timur2006,1226,1858,1881
876pol,1227,2008,1993
junie,1233,1925,1931
serialcomder,1234,1957,1954
qusol,1237,1914,1922
Aeon,1242,2106,2066
Wandoka,1243,1932,1935
Leo_wang,1244,1764,1872
ezraft,1244,1969,1963
CTHOOH,1249,2030,2008
heijiaohu,1253,2112,2070
Art.ogo,1253,2116,2073
Psychotic_D,1267,2226,2155
_Kee,1272,1763,1807
ParsaF,1274,1913,1919
mcbanana,1279,1879,1893
Sunnatov,1286,2125,2078
SamyakSinghania,1291,1992,1976
newbie114514,1294,2075,2039
Gondozu,1294,2021,1998
..vince,1298,2319,2225
surajchip2,1302,2096,2054
hxu10,1304,2100,2057
kafamcokkaristi,1304,2061,2027
Valaki2,1309,2243,2166
topovik,1314,2108,2063
pera2008,1315,1956,1947
KUHYAKU,1318,1767,1807
Zinc-acetate,1321,1713,1767
kjhhjki,1326,1876,1886
amin2022,1333,2135,2082
kingmessi,1337,2122,2072
zxcen,1341,889,1267
faustaadp,1341,2252,2170
vhnvn,1351,1990,1970
eepsilon,1352,1982,1964
syrtin,1352,2141,2085
Lylova,1357,2107,2058
cybsbbb,1357,1755,1795
ji_114514,1367,1683,1741
MisterReaper,1367,1823,1844
tenagazaru,1381,2068,2027
rajat376,1394,1957,1942
Octagons,1398,1752,1789
zawatin,1399,1987,1965
spectrra,1399,2024,1993
Shirotsume,1404,1936,1926
Igor_Parfenov,1406,2146,2085
FzArK,1409,2024,1991
alxwen711,1409,2012,1982
I_Love_Diar_Narumov,1416,2093,2044
jakao,1419,2133,2074
ZERO_AKG,1422,1952,1936
tilenn,1422,1921,1913
cockatooo,1436,1984,1960
fanfly,1441,2024,1990
Yoav,1447,2012,1980
N.N_2004,1451,2016,1983
Sir-Ahmed-Imran,1463,1912,1904
Vermeil,1463,1979,1955
hateall,1467,1684,1734
AKSLEGION,1469,1942,1925
neetman,1472,1262,1468
1L1YA,1474,2140,2076
EN_SA,1487,1954,1934
Hectonit,1487,2009,1975
blyat,1491,2228,2141
Rayo,1499,1756,1785
kzyKT,1499,2190,2112
icefake,1504,1805,1821
MarcosPauloEvers,1504,1809,1824
SmolBrain,1507,2378,2257
Yzm007,1507,2059,2011
dimkolya,1511,1936,1918
psruk,1511,2204,2122
zhenja,1513,1995,1963
Lyamzin_alexandr,1521,1757,1784
Fyind,1521,1990,1959
dbaumg,1526,1985,1955
Nxxlt,1526,1968,1942
proven,1530,1687,1732
BabaVoss,1535,1992,1959
ScarletS,1538,1826,1834
int233233,1541,1780,1800
xcc_szy09051,1554,2002,1966
the_problem,1556,1820,1829
chuchu,1564,2246,2151
Tzak,1571,1829,1835
vlp,1579,2074,2019
one_autum_leaf,1584,1695,1734
Mohil09,1591,2012,1971
vioalbert,1596,1984,1949
eggegg185,1603,1594,1659
David-M,1615,1967,1935
a6z,1618,1906,1889
AliiSh,1625,2000,1960
mark,1625,1817,1822
ender_shayan,1634,1899,1882
AcPlusOne,1657,1979,1942
DilshodbekX,1660,2198,2109
buidangnguyen05,1660,2175,2091
cmdgbb,1668,1925,1901
CodeChild,1670,1740,1762
TwinHter,1676,2053,1997
RDFZchenyy,1683,2092,2026
limabeans,1686,1816,1817
akritovandrey,1689,1813,1815
IanISam,1700,1560,1628
De-Bug,1722,1724,1747
Omega_red,1731,1777,1786
Inkyo,1736,1902,1879
NeroZein,1747,2063,2000
vanvector,1747,1908,1883
samliu12,1757,2171,2083
VasyaMer,1770,2171,2082
elijjah,1786,1806,1804
zjjws,1787,2241,2134
bktl1love,1791,1901,1875
Keeeeepy,1791,1792,1793
YeoBL,1803,2138,2054
AndrewSeven,1807,1865,1847
Sunflower233,1818,1949,1910
Kent530,1835,2061,1993
Svemit,1849,2012,1956
mily,1851,2060,1992
chennie,1867,1758,1763
I_am_Domik,1878,1632,1669
KobicGend,1905,1661,1689
Aldk,1911,1920,1883
MrDelrus,1915,2107,2025
MedriaLife,1929,1814,1802
magga,1934,1608,1648
powervic08,1946,1942,1898
Overidea_China,1946,2186,2084
zeemanz,1950,1931,1889
_Lingyin,1979,2182,2079
yinhee,1989,2127,2036
FHQY,2000,1847,1823
IHateGeometry,2004,1897,1860
NekoRolly,2015,1657,1717
pepelats,2038,1707,1715
binap,2058,2069,1988
JOO91,2063,611,1020
Shayan_Shirazi,2076,2106,2016
towrist,2078,2032,1959
hocln,2080,1886,1849
Nullptrs,2080,1632,1658
magnuseifr,2085,1964,1907
UshanGhosh,2110,1820,1797
MUZAN,2113,1830,1804
raulandreipop,2119,2093,2004
runzelai,2130,1821,1797
dragonmuffin,2134,2123,2026
SoloRejudger,2137,2027,1952
fahimcp495,2148,2114,2019
caan_do,2156,2180,2069
fireheart17,2164,1885,1843
nichke,2177,1635,1655
PieArmy,2177,1786,1768
volkov179,2181,1808,1785
mushanyu,2192,1908,1859
Dia0si,2207,1816,1789
hshhh_,2215,1645,1661
Lezy233,2229,1633,1651
CIXTEEN,2236,1929,1873
rob00,2255,2027,1947
Teddiursa,2257,2193,2075
eyadhjarray111,2284,2008,1931
masonpop,2293,1914,1859
inoader,2293,1861,1819
Xiaozzz,2313,1697,1695
xuhaotian,2318,1382,1464
Satyanweshi45,2345,1590,1614
Edeeva,2359,1681,1680
Drind,2374,1911,1854
charan,2384,1830,1791
DaNeK0201,2407,1953,1884
great_fortune,2429,2112,2005
XDEv11,2492,2094,1989
CJ_xde_lt,2522,2533,2332
csegura,2536,1947,1874
Mr.Whitebird,2544,1850,1800
Andyvanh1,2545,2264,2119
ThisWasUnplanned,2550,1690,1679
VolkovMA,2572,1897,1834
zhouchenfeng,2591,1898,1835
hashman,2614,1805,1763
woodywoody,2622,0,563
MegalovaniaJ,2650,1788,1748
amanbol,2667,2367,2195
aryan12,2687,2163,2034
Ant_Man,2696,2374,2200
ibrahimwq,2709,1972,1886
confirm14478,2739,1765,1728
Pepe.Chess,2746,2117,1996
theNewSon,2763,1834,1779
TianyiWei,2782,1648,1637
cper,2793,2027,1925
bcollet,2793,1977,1886
tanaygad,2798,2059,1949
Khozhaev,2836,2184,2046
OG_Matveychick1,2836,2158,2025
Zbyszek99,2860,597,972
berr,2863,2073,1958
cxhscst2,2891,1633,1622
anhkha1004,2912,1939,1853
huikang,2928,1903,1825
Justinshao,2941,1731,1695
codicon,2958,2011,1907
Junz_LJL,2965,2220,2069
ArsenGotov,2972,2177,2035
omikad,2972,1893,1816
--tofu--,2995,1913,1830
milind0110,3028,1996,1893
VladHaivas0205,3045,2130,1996
FBI,3053,1927,1839
shleep,3068,2102,1973
skahl15,3071,1886,1807
MarioYC,3086,1908,1823
Axial-Tilted,3098,1751,1704
BenjaR,3137,2056,1935
Pekiban,3161,1835,1765
dongggle,3352,1825,1751
ococonomy1,3386,2146,1998
islingr,3433,2116,1973
koukanni,3473,1768,1703
umezo,3511,1697,1649
hackerbhaiya,3515,1964,1853
vgoofficial,3624,0,524
Empty_Dust,3642,1714,1657
Saya_Alter_,3642,2190,2025
Lolboyyyy,3719,1730,1667
Narut,3873,1907,1798
yahia,3944,1967,1842
argtarg,4154,1709,1638
GStnt,4173,1961,1832
cancaneed,4254,2003,1862
MagnusCarlsen321,4680,1695,1613
kh0i,5178,1868,1735
fzcdream,5243,1816,1694
Iceturky,5297,1816,1692
udon1206,5315,2152,1955
yimuhua,5422,1562,1492
Gogolev,5453,1875,1735
jmyszka,5501,2050,1871
RetiredPlayer,5511,1935,1781
w4p3r,5517,2466,2204
DmitryLzr,5517,2270,2046
erray,5536,2462,2202
AnasMaged,5547,1870,1729
Astral__,5547,2040,1863
aryanc403,5555,2320,2086
AC464,5555,1970,1807
weirdflexbutok,5565,1824,1692
Mirbek,5571,1897,1750
Pervushev,5571,2088,1900
t9unkubj,5584,1526,1461
_Gawd_,5595,2140,1940
little_vegetable,5620,2163,1958
Wxssim,5790,1725,1611
dungdq,5790,1824,1688
_ChiFAN_,6119,1773,1642
bleh0.5,6221,1853,1702
DimmyT,6306,2247,2014
-_TIMOFEY_-,7876,1884,1699
shirokane_rinko,8987,1226,1241
dutin,9730,745,745
carlycarlycarlycarly,9752,1211,1116
bleeding,10500,1907,1677
p__ce1052,10500,1967,1726
