handle,rank,oldRating,newRating
tourist,1,3434,3572
jiangly,2,3598,3640
gyh20,3,3373,3447
Benq,4,3601,3593
ecnerwala,5,3542,3534
Crystally,6,2818,2981
potato167,7,3109,3189
hitonanode,8,2911,3030
noimi,9,2994,3085
Ormlis,10,3275,3288
Kevin114514,11,2970,3052
ksun48,13,3404,3366
AlternatingCurrent,14,2842,2940
Alex_Wei,16,2922,2991
cmll02,17,2944,3003
Nyaan,18,2661,2790
conqueror_of_tourist,19,3034,3063
StarSilk,20,2820,2900
Kude,21,2565,2710
fengqiyuka,22,2809,2885
hank55663,23,2812,2884
Flamire,24,2810,2880
A_G,25,3073,3073
Golovanov399,26,2856,2909
dorijanlendvaj,28,2969,2988
hos.lyric,29,3213,3168
zhangjianjuncd,30,2446,2601
LeoPro,31,2754,2821
alireza_kaviani,33,2838,2879
never_giveup,34,2853,2888
ainta,35,2792,2841
fallleaves01,36,2670,2749
stepanov.aa,38,2646,2728
qiuzx,39,2890,2906
PresentPassed,41,2219,2421
Kapt,43,2843,2865
tute7627,45,2987,2969
crazy_sea,46,2859,2872
dXqwq,47,2913,2911
cat_of_Nesraychan,48,2712,2760
TKT_YI,49,2427,2552
arvindf232,50,2965,2946
superguymj,51,2634,2699
xuanxuan001,52,2659,2716
Rubikun,53,2799,2818
yuto1115,54,2719,2757
honglan0301,56,2504,2597
Scintilla06,57,2670,2717
antontrygubO_o,58,2944,2920
maroonrk,59,3451,3296
cxaphoenix,60,2452,2555
grass8sheep,61,2683,2722
natsugiri,62,2522,2603
Amoo_Safar,63,2752,2771
yuanhaowei,65,2592,2650
Egor,66,2933,2903
kotatsugame,67,2910,2885
asdsasd,68,2716,2739
AmirAli-Asgari,69,2314,2447
QwertyPi,71,2670,2702
w4p3r,72,2346,2466
PinkieRabbit,73,2956,2913
rui_er,74,2455,2541
qwerasdfzxcl,75,2755,2761
vgtcross,76,2465,2547
ymmparsa,78,2781,2777
bashkort,79,2752,2755
Doludu123,80,2408,2502
green_gold_dog,81,2493,2562
risujiroh,82,2695,2710
Savior-of-Cross,83,2450,2529
Wuyanru,84,2561,2609
feeder1,85,2555,2604
le0n,87,2855,2825
mtsd,88,2537,2588
Fido_Puppy,89,2617,2646
cxm1024,90,2760,2751
RobeZH,91,2376,2469
daubi,92,2777,2763
rfpermen,93,2412,2493
jinqihao2026,94,2470,2534
JettyOller,95,2651,2666
YeongTree,97,2539,2582
xzc0920,98,2328,2429
MateoCV,99,2409,2486
HungaryIOITeam,100,1976,2241
fyable,101,2466,2526
thenymphsofdelphi,102,2848,2809
maomao90,103,2399,2476
alice_ssoi,104,2021,2270
iakovlev.zakhar,106,2528,2568
Qwerty1232,107,2243,2363
PEIMUDA,110,2618,2631
Thienu,112,2702,2692
Sugar_fan,113,2882,2827
cmk666,114,2518,2555
Guoyh,115,2536,2567
CJ_xde_lt,116,2490,2533
sansen,117,2698,2686
neal,118,2797,2760
DoorhandleMahoushoujo,120,2807,2767
ppavic,121,2691,2679
emthrm,122,2636,2637
Daniel777,123,2477,2519
-14,124,2466,2510
Noam527,125,2601,2609
Keshi,126,2623,2625
icecuber,127,2539,2562
relyt871,128,2480,2518
Karuna,129,2656,2648
__jk__,130,2377,2441
OInfly,130,2142,2278
DylanSmith,132,2272,2366
siganai,133,2692,2673
Enchom,134,2272,2365
physics0523,137,2506,2532
frodakcin,138,2582,2587
Lawali,139,2429,2474
Marckess,139,2385,2442
sevlll777,141,2406,2456
KroosTheKeenGlint,141,2584,2587
makrav,143,2283,2367
arbuzick,144,2740,2703
servants,146,2343,2408
998kover,147,2935,2849
2745518585,148,2344,2408
Agua_Podrida,149,2293,2370
misorin,149,2265,2351
flying,151,2576,2576
Timsei,152,2409,2453
propane,153,2405,2449
YXHuang,154,2257,2343
_Purslane_,155,2113,2244
JovanB,156,2460,2488
SorahISA,157,2314,2382
pooty,158,2421,2458
ppltn,159,2549,2589
InternetPerson10,160,2546,2549
jacobtpl,162,2270,2348
zjy2008,163,2365,2415
-is-this-fft-,164,2472,2493
rniya,165,2518,2526
swiftqwq,166,2573,2567
EJIC_B_KEDAX,167,2362,2411
SanguineChameleon,168,2406,2442
Xellos,169,2464,2484
RobertoFirmino,170,2247,2328
wzc_IOI_czw,172,2091,2220
alexxela12345,173,2569,2560
Kilani,174,2327,2382
KrK,175,2569,2560
anmichi,176,2255,2330
cuiaoxiang,178,2122,2237
as_dfsdf,180,2293,2355
kmjp,181,2708,2662
ansisgustavs2,183,2249,2323
toam,184,2482,2491
ian_HLX,184,2226,2306
WGYLOVEZXQ,186,2319,2371
Kaey,187,2202,2288
Soumya1,188,2450,2466
abeker,189,2377,2412
dannyboy20031204,190,2143,2246
arnold518,191,2506,2505
chaeyihwan,191,2331,2377
SongC,193,2433,2451
JoJo,194,2211,2291
Linx,197,2210,2289
Gassa,197,2330,2374
mjhmjh1104,199,2364,2398
dimss,200,2358,2393
RED_INSIDE,202,2205,2283
Dart-Xeyter,203,2269,2328
MahiruShiina,204,2534,2521
DanielChang,205,2260,2320
VesselinMarkovich,205,2224,2294
dabbler1,205,2272,2328
chemthan,208,2384,2409
beiyuli,209,2332,2369
DisconnectedGraph,209,2292,2341
danya111,209,2254,2313
eren__,209,2223,2292
IceKnight1093,213,2227,2294
2qbingxuan,214,2293,2340
LMydd0225,215,2585,2556
lucasxia01,217,2284,2333
sillylittleidiot77,218,2355,2384
thomaswmy,219,2023,2186
olmrgcsi,220,2423,2433
Tom66,222,2384,2403
Dorothy__,223,2213,2280
cpchenpi,224,2286,2331
keko37,225,2160,2243
HpSuda,226,2406,2418
Hell2Evator,227,2279,2325
NTT,228,2182,2256
askd,229,2124,2216
jdurie,230,2552,2526
Kinon,231,2247,2301
Misuki,232,2295,2335
ParsaDox,233,2396,2408
RaresFelix,234,2339,2366
WRKRW,235,2124,2214
EasonLiang,236,2244,2297
Suwan,237,2287,2327
lamduybao03,238,2188,2257
114514,240,2273,2316
MCPlayer542,241,2117,2207
LuCpp,242,2584,2546
zc2707,243,2297,2332
wxhtzdy,246,2105,2197
CodeFurces,247,2361,2377
Ynoi,249,2229,2281
WongChun1234,250,2355,2372
no_dream,251,2540,2510
Wolam,252,2194,2256
amirhoseinfar1385,253,2326,2349
Aeon,253,1971,2106
chenyanbo,255,2352,2368
JCY_,256,2648,2590
YocyCraft,257,2547,2513
zlxFTH,258,2250,2293
qwq123,259,2086,2179
amanbol,260,2353,2367
Muelsyse,261,2407,2407
HollwoQ_Pelw,262,2359,2371
_FJqwq,264,2240,2284
aimoon,266,2231,2276
Dorost,266,2280,2312
zidder,268,2363,2372
chinerist,269,2575,2531
Jatana,270,2188,2245
MridulAhi,273,2234,2277
awoo,274,2347,2358
Tlatoani,275,2499,2471
Sokol080808,276,2212,2260
Potassium,277,2565,2521
zltzlt,278,2630,2570
Sorting,279,2338,2350
twosome,280,2089,2173
brianhsu7476,281,2280,2307
08kevin,282,2223,2266
kizaru,283,1956,2086
PvPro,284,2129,2199
BalintR,285,2872,2753
codelegend,286,1951,2081
blyat,288,2173,2228
S2speed,289,2630,2567
registeretsiger,291,2691,2613
KevinWan,292,2619,2557
GrandSouris,293,2240,2274
Otomachi_Una,295,2526,2486
noya2,296,2474,2447
E_fireworks,297,2721,2634
gxy001,298,2171,2224
Andreasyan,299,2452,2429
tem_shett,300,2209,2250
Leo_W,301,2156,2212
alex.kudryashov,302,2127,2192
Alekseyka20x,303,2082,2161
_Yuru_,304,2191,2236
dkhve,305,2197,2240
_LeMur_,306,2325,2332
Ra16bit,307,2415,2399
Farhod,308,2709,2622
sg78276397,309,2221,2256
YouKn0wWho,310,2187,2231
dsolunov,311,2094,2166
yuanruiqi,312,2265,2286
zwezdinv,312,2410,2393
kuticpcer,314,2038,2128
HHY_zZhu,315,2411,2393
Gilwall,316,2304,2314
CHYYYY,318,2215,2248
k1r1t0,320,2350,2346
cuom1999,321,2361,2354
IBory,322,2116,2178
JYJin,323,2308,2315
Final_Track,324,1981,2087
Akulyat,325,2224,2253
bunH2O,326,2120,2179
TimonKnigge,327,2091,2159
..vince,329,2316,2319
yangjl,331,2243,2265
Hyperbolic,333,2499,2455
rfhalb,334,2058,2134
nishkarsh,335,2324,2323
Shuishui_0921,336,2151,2198
Dragokj03,337,2084,2151
Do_not_make_friends,338,2131,2183
waipoli,339,2143,2191
fastmath,341,2461,2425
HanZhongBalls,342,1942,2056
andreyDagger,343,2133,2183
akshaykhandelwal,344,2193,2225
DAleksa,345,2032,2114
collares,346,2170,2208
Nazar,347,2115,2169
Kihihihi,348,2249,2264
turkhuu622,349,2114,2168
MAKMED1337,349,2320,2316
Zanite,351,2419,2390
pentiment,352,2223,2244
hzt1,353,2170,2206
reeWorld,354,2136,2182
changle_knh,355,1978,2075
Giga_Cronos,356,2314,2310
Jie-XuSheng,357,2145,2187
faustaadp,357,2236,2252
molney,359,2119,2169
Denisov,360,2623,2544
Gheal,361,2119,2168
nuip,362,2612,2535
Andycipation,363,2271,2276
ssamt,364,2262,2269
prairie2022,364,2149,2188
serotonin,366,2384,2360
BRABABABABASHKIR,367,2192,2218
6ziv,369,2188,2215
qkm66666,370,2318,2309
win114514,371,2256,2263
Flandre_495,372,2136,2177
de_sousa,374,2243,2253
ahoraSoyPeor,375,2207,2227
polosatic,376,2351,2332
74TrAkToR,378,2395,2366
Theo830,379,2226,2239
mewmewmew,380,2295,2290
pp_orange,382,2446,2403
KDVineet,383,2240,2249
jiangbowen,385,2757,2642
Phi-001,386,2134,2172
TrendBattleswillwinioi,387,2294,2287
apgpsoop,387,2127,2166
sunyuheng365,389,2080,2133
035966_L3,390,2105,2150
-0v0-,390,2253,2256
khuepr123,392,2509,2449
Celebrate,394,2274,2270
e3e,394,2150,2180
Nika_Tamliani,396,2284,2278
IzhtskiyTimofey,397,2197,2214
jhkoh,398,2313,2299
Shayan86,399,2208,2221
VladaMG98,400,2397,2362
bit-2-coder,401,2102,2145
shiven,402,2116,2155
Routec,403,2200,2214
always_grinding,404,2165,2188
CaveNightingale,404,2022,2089
cfhj,406,2470,2416
PBBx0,407,2292,2281
petamingks,408,2140,2170
Liuxizai,409,2481,2424
UnstoppableChillMachine,410,2467,2413
anton6,411,1936,2031
shobonvip,412,2410,2369
kostyamyasso2002,413,1952,2041
wuhudsm,414,2075,2123
Ush1su,415,1966,2049
syx2567,415,2374,2341
annyeong1,417,2054,2107
libobil,418,2446,2395
FantasyNumber,419,2124,2156
jtmaster1000,420,2127,2158
Meloric,421,2001,2071
a_little_cute,422,2075,2121
harsh__h,423,2171,2188
fire_water,424,2326,2303
Atekichan,425,2103,2139
qwef_,426,2280,2267
__Watcher,427,2212,2217
HHH666666,428,2284,2270
kizen,429,2555,2477
ComPhyPark,431,2316,2294
sedev57,432,2248,2242
yefllower,432,2260,2251
Be_dos,434,2373,2336
fr200110217102,435,2262,2252
kevin,436,2171,2185
SmolBrain,437,2429,2378
tvmpqx_8601,438,2374,2336
Igor_Parfenov,439,2117,2146
MYFJCHX,441,2222,2221
PedroBigMan,442,2316,2291
JagguBandar,443,2196,2201
Petroleumus,443,1996,2061
uwu,445,2554,2473
kefaa,446,1992,2058
DIvanCode,447,2107,2136
radoslav11,448,2203,2205
JeffreyLC,449,2147,2164
Anonymous_Noob,450,2516,2442
Nika533,451,1945,2025
Imdie,452,2249,2238
zmy_,453,2342,2309
Omnicrow,454,2124,2147
shrapnelzz,455,2071,2109
kzyKT,458,2185,2190
cper,460,1952,2027
Gold14526,461,2138,2155
athin,462,2300,2275
Ant_Man,463,2431,2374
wshcl,464,2047,2090
MrDelrus,465,2072,2107
elizazh,466,2096,2124
Hamed_Ghaffari,467,2136,2152
kto_eto,468,2533,2452
max0000561,469,2211,2206
lotusblume,470,2208,2204
plast,471,2118,2138
kwoncycle,472,2049,2089
Ann,473,2211,2205
HCPS42,473,2107,2130
smalyarovsky,475,2132,2147
Kaling,476,2262,2243
erduolong,476,2269,2248
DilshodbekX,478,2202,2198
ZifanWang,479,2183,2183
ciuim,480,2220,2211
Teja-Smart,481,2172,2175
kafamcokkaristi,483,2027,2071
SecondThread,484,2128,2142
oversolver,486,2139,2149
Cipherxzc,486,2252,2233
Nisanth,486,2180,2179
mban259,489,2200,2194
kevinyang,490,2421,2361
Rideris,492,2194,2189
sstrong,493,2413,2355
RockSnow,494,2071,2099
Edlue,495,2149,2155
flashmt,496,2300,2268
KKT_89,497,2244,2225
kalimm,498,2114,2129
lexiyvv,500,2287,2257
dongyinjie001,502,2060,2090
mihleonid,503,2316,2278
k1sara,504,2428,2364
36champ,505,2360,2312
SpadeA261,506,1907,1985
Ronnie007,507,2352,2305
tch1cherin,508,2102,2118
the_Despair_,509,2108,2122
JakobZ,509,2029,2066
zlc1114_v2,511,2211,2197
jonathanpaulson,512,2142,2146
ngpin04,514,2303,2266
PeruvianCartel,515,2125,2133
ha___il,516,2100,2115
limanjun,517,2416,2353
profchi,518,1997,2042
ooscode,520,2120,2128
yvbf,521,2107,2119
socho,522,2254,2228
bruhify,523,1990,2036
ItamarNir,523,2116,2124
UhahaUhaha,525,1966,2019
Pols_Agyi_Pols,526,1924,1991
yinhee,527,2121,2127
_Rise,527,1989,2034
Kirkon,529,1933,1996
leaf1415,530,2569,2469
tril0713,530,2033,2064
abhidot,532,1947,2004
Tima,534,2250,2222
Vassu05,535,2171,2162
magnified,535,2102,2111
lzoilxy,537,2189,2175
udon1206,538,2158,2152
_Gawd_,540,2143,2140
great_fortune,541,2104,2112
czhang2718,542,2244,2216
Alex239,543,2118,2121
Lol2004,544,1965,2013
bobbilyking,548,2186,2171
Badint,549,2140,2136
N00BGH0ST,551,2161,2151
Hanghang007,552,2114,2117
EasonTAO,553,2537,2440
parsa-golestani,554,2140,2135
dlnd_vth,558,2068,2082
yahia,558,1945,1996
Abdulrahman27,560,2105,2108
dontforgetyourself,561,1987,2024
leo020630,562,2151,2142
Pagode_Paiva,563,1954,2001
Boboge,564,2342,2287
beemax,565,2052,2069
Belalabella,567,2159,2146
stasio6,567,2550,2448
kolomig0r,569,2151,2140
dmraykhan,570,2117,2115
0x0002,571,2037,2057
Hagry,572,1969,2009
yxcatqwq,572,2232,2201
21cs01033,574,2089,2093
Art.twink,575,2122,2117
VaVshchuck,576,2318,2266
daduoli,577,2035,2054
qilby,579,2140,2130
gs17005,581,1921,1975
nifeshe,582,2290,2243
Lyde,582,2316,2263
AgafonovArtem,584,2409,2335
Waimaihehe,585,2365,2301
Mtaylor,586,2326,2270
adam01,587,2021,2042
ywjylx,589,1966,2003
Jlyfish,590,2074,2079
Missyou,591,2210,2180
Nlll,592,1971,2005
2018haha,592,2167,2147
NRolly,592,2105,2101
Miko35,595,2502,2406
tostes,596,2139,2125
HalfQuark,599,2219,2186
BenjaR,601,2046,2056
parkky,603,2210,2178
dumb_boi,603,2105,2099
shleep,605,2010,2030
lsxhyyds,606,2135,2120
dannalc,607,2163,2141
Vash_nick,607,2138,2122
keisuke6,607,2361,2294
CDuongg,610,2240,2200
fanfly,611,2004,2024
shadow9236,611,2377,2306
zhouqixuan1,613,1934,1975
John_zyj,615,2145,2126
MnTm,616,2141,2123
Alfeh1,616,2118,2105
chenhongrui,618,2110,2099
_morsmordre_,620,1941,1978
NovusStellachan,622,2006,2023
FzArK,623,2009,2024
jeff_qi,623,2284,2231
Onolt_kh,623,2209,2173
alxwen711,626,1992,2012
1L1YA,626,1954,1986
zdc123456,628,2368,2296
eepsilon,631,1950,1982
lovely_cyc,632,1954,1984
hamo21,633,1974,1998
QHJ123456,635,2009,2022
ArsenGotov,636,2217,2177
menborong,638,2353,2282
DELTARUNE,640,2116,2099
honey,641,2057,2055
janY_,642,2165,2136
plevande,643,2048,2048
Corycle,643,2056,2054
RakibJoy,646,1947,1976
WQhuanm.,647,2026,2032
mjtai,648,2218,2176
purp4ever,650,2165,2134
brenner1,652,2120,2100
FIorian,653,2060,2055
khepri,654,2084,2072
MMYYFF,654,1956,1980
LittleOrange666,656,2165,2133
robotolev,658,2038,2038
Sunnatov,659,2154,2125
prz1213,660,1901,1941
jaewoo2009,661,2230,2182
yoav_s,664,2154,2123
Mapakaka,666,2404,2358
lerasimus,666,2164,2131
djm03178,668,2080,2067
Azm1t,670,2122,2098
Saquariu,671,2154,2122
Hammer,672,2152,2120
yunetive29,672,1956,1976
tenagazaru,675,1952,1973
gqf123,676,2181,2142
momohara,677,1973,1987
Flandre,678,2464,2364
Jamshed11,678,2209,2163
myst-6,680,2206,2160
ayingna,681,2210,2163
besukohu,682,1933,1958
Leo_0503,683,1937,1960
CTHOOH,684,2035,2030
Wansur,685,2217,2168
tanaygad,686,2038,2031
tatata96,686,2143,2111
sai-17,688,1981,1990
joelgun14,690,2158,2121
lucasturci,690,2015,2014
guperman,692,2260,2200
ChinatsuKano,693,1994,1998
omikad,694,1942,1961
dino_merlin,696,1944,1962
Ali.Kh,698,2149,2113
Lyreqwq,698,1987,1992
wh_ZH,701,2277,2212
Lucina,702,2128,2096
GeoCalibur,703,2121,2091
Ceyo,704,2053,2104
namolbbaemi,705,2143,2107
tyr0Whiz,706,2229,2174
vlp,707,2086,2063
OdtreePrince,709,2398,2307
lddlinan,710,2197,2148
zseefvhu12,710,1984,1987
WhimsicalCode,712,1932,1950
limbo16,713,2330,2252
qsmcgogo,714,1986,1987
WAtoAC2001,715,2137,2101
Kuangchenrui,716,2051,2035
Pervushev,717,2003,1999
balakrishnan,718,1978,1981
JoanhLan,719,2020,2011
azureglow,720,2166,2122
syrtin,722,2191,2141
Ama_no_Jaku,724,2288,2217
akua,726,2233,2173
TimDee,728,1968,1906
pwned,730,2065,2043
applese,731,2476,2366
pera2008,732,1931,1944
lprdsb,733,2290,2217
Edu175,733,2172,2124
hxano,736,1920,1935
goncharovmike,737,1907,1926
Kira_1234,739,2320,2240
Intellegent,740,2121,2083
Yaimsea,742,2250,2184
liqixian2003,743,1918,1932
CyberCow,744,1912,1927
Rising-coder,746,1974,1971
TsukikoTsutsukakushi,747,2214,2155
Ayalla,748,2134,2092
Bungmint,749,2212,2153
kingmessi,750,2173,2122
EN_SA,750,1997,1987
CepryH9,752,2059,2034
ekatsim,753,2120,2080
invertedwinger,753,2046,2023
ub33,755,2246,2179
LittleXi,757,1935,1940
dyktr_06,759,2103,2066
GennadiySosnov,760,2002,1989
baqargam,762,2177,2123
0wuming0,764,2476,2361
I_Love_Diar_Narumov,764,2127,2083
jimini23kjm,766,2297,2218
yueyuanzhiyyz,768,2127,2083
domovonok,768,2111,2070
zundamochi_1117,772,2187,2129
t.kwiatkowski,773,2034,2010
Yuuuuuuuuuuuuuuuuu,774,2364,2270
yuBai0123,775,2260,2187
sha7dow,776,2167,2113
tablemoon,778,1982,1970
Bruteforceman,778,2101,2060
Wobert,781,2082,2045
IHateGeometry,783,1947,1943
Gergyg,784,2179,2121
ace5,785,2605,2462
zsc985246,786,2045,2016
chenrui9551,787,2134,2085
lfxxx,788,1967,1956
--tofu--,789,1956,1948
Queue,789,2032,2005
ABCaCaCa_,789,2088,2087
atodo,792,2315,2228
VGZD,792,2033,2005
The-Winner,795,2152,2097
AcPlusOne,797,2000,1979
H_W_Y,799,1945,1937
caoshurui,801,1913,1914
LincolnYe,802,1972,1957
Yzm007,805,2106,2059
qmr_wa,808,2083,2040
MinaRagy06,808,2088,2044
cmdgbb,810,1934,1927
CIXTEEN,811,1937,1929
caan_do,813,2157,2098
wjh666,814,2060,2021
lrvideckis,817,2320,2228
jophyyjh,817,1971,1952
gigachau,817,2140,2083
islingr,817,2181,2116
Egakrut3,821,2166,2104
sashko123,824,1935,1924
Peter-007,827,2159,2097
Romy67,828,2029,1995
Hexagons,829,1998,1971
Zain,830,1906,1901
Hata_no_Kokoro,832,2206,2134
ZhiGeBaiShui,833,1970,1949
little_vegetable,834,2018,1985
Elaina,835,2146,2085
danbanica,837,1928,1916
shenfe1,838,2237,2158
AbdelmagedNour,839,2138,2078
Tima3,841,2216,2141
Kyte,842,2059,2015
anhkha1004,843,1961,1939
blitztage,844,2244,2163
Zachary_Gao,845,2092,2040
sv1shan,846,1979,1952
Khozhaev,846,2066,2019
jh01533,848,2094,2041
zzyx,849,1983,1993
Shirotsume,852,1960,1936
jmyszka,853,2106,2050
t98slider,857,2166,2097
Tobo,858,2321,2223
BabaVoss,859,2039,1996
ivatopuria,860,2263,2176
Kustov_Vadim_533,862,2080,2028
160cm,864,2114,2054
Yoav,866,2125,2063
ASHWANTH_K,868,2204,2126
huikang,870,1922,1903
egneeS,871,2082,2027
Nxxlt,872,2037,1991
Maruzensky,874,2417,2300
YuJiahe,875,2311,2213
icewarrior52,877,1927,1905
monster_hunter,879,2091,2033
bcollet,881,2021,1977
bananasaur,881,2009,1967
JustasZ,883,2030,1984
876pol,887,2062,2008
Gatina,889,2000,1959
notSayeef,890,1958,1926
Rodionno,891,1983,1945
surajchip2,892,2172,2096
TheQuantiX,894,2190,2111
GOTKAKO,895,2151,2079
Sedmoklasnikut,896,2335,2229
Noobish_Monk,896,2122,2054
xpov1LL,899,2093,2030
Ilya_MSU,899,2313,2210
AFOier,899,2140,2068
zfs732,899,2133,2062
Wandoka,899,1984,1942
p__ce1052,899,2161,2085
Jimanbanashi,906,2261,2166
ttsweet,906,2077,2015
darkkcyan,906,2428,2304
Astral__,906,2020,1969
HappyPacMan,906,2251,2158
wfb,906,2090,2025
ExplodingFreeze,906,2187,2105
yzz162534,906,2272,2175
_bLIC_,906,1970,1929
ender_shayan,915,1934,1899
Andy_Lin,915,1958,1917
3JlOU_XJlE6UIIIEK,915,1983,1937
Hectonit,915,2052,1993
xueshen666,915,2080,2015
trp_hy,924,1916,1883
int_R,924,2133,2058
hqmm,924,2052,1991
Alexxx,930,1998,1947
YerzhanU,930,1962,1918
nono00,934,1950,1908
Octagons,934,1968,1922
Gwen,934,2071,2005
ChaosAngel,938,1916,1879
atakanysr,945,2069,2002
Emilan,947,2264,2163
kunzaZa183,950,1981,1929
Aleks5d,957,2286,2181
AHappyPotato,958,2406,2280
loan,958,2197,2105
Serendipity__,958,2118,2039
jackson.souza,958,2022,1960
dimkolya,963,2037,1972
ParsaF,964,1967,1913
AliiSh,964,2073,2000
Auroraa_,964,1989,1931
pkhaustov,964,2169,2081
Vectors_Master,964,2226,2129
ImmortaLimit,964,2287,2180
OG_Matveychick1,970,2119,2037
ibrahimwq,970,1978,1920
Thanhs,970,1930,1880
ByeWorld512,970,2101,2022
Handsome2004,970,2098,2019
Mr_Ell,970,1991,1930
LMeyling,970,1902,1858
ArvinCiu,980,1984,1922
forget-star,980,2143,2056
Tsovak,980,2046,1974
5k_sync_closer,980,2023,1955
gohan123,980,2177,2085
newbie114514,980,2013,1947
ttamx,980,2459,2321
toniskrijelj,988,2171,2079
Tima19,988,1985,1922
Grice,988,2362,2240
timreizin,992,2062,1986
SeptaCube,992,2113,2029
andrewtam,995,1967,1905
AryRDW,995,1973,1910
Tricopter,995,2077,1998
_Astron,1001,2135,2046
chh9976,1001,1978,1913
vioalbert,1001,2117,2031
_RED__,1005,2136,2046
1bin,1005,2184,2087
east1016,1005,2132,2042
kissgergely,1011,1979,1912
cpbeginner,1011,2014,1941
handy.rose,1016,2066,1985
Ricky2021,1018,2043,1965
minhnguyenxuan60,1019,1910,1852
Phantom_Performer,1020,2270,2158
hulahula32471,1021,1989,1918
yookwi,1024,1971,1902
LoboLobo,1025,2141,2047
peteza,1025,2180,2081
RegenFallen,1027,1967,1897
MarioYC,1027,2008,1932
omsincoconut,1027,1901,1841
qwe1rt1yuiop1,1027,1955,1887
-Cap1taL-,1032,2023,1945
liaoyanxu,1033,1945,1877
hariaakash646,1033,2030,1950
CoderAbhi27,1035,1985,1911
shiqiaqiaya,1035,2041,1959
KevinLikesCoding,1039,2141,2045
dragonmuffin,1040,2118,2025
vok8,1042,2014,1934
shade34,1042,2237,2127
kh0i,1044,1967,1893
_chroneZ,1046,2122,2027
h2rsh,1047,1900,1835
hata_saa,1049,2064,1976
BallBreaker,1052,2124,2028
zeemanz,1053,1904,1836
MASTERB4APRIL,1055,2073,1983
LTL_td,1055,2168,2065
binap,1057,2105,2010
Fortitude,1057,2162,2059
XDEv11,1057,2080,1988
Timur2006,1062,1932,1858
abstract_nonsense,1064,1960,1882
lightseba,1065,2403,2265
xxcdsgyes,1066,1926,1851
VLamarca,1067,2164,2060
ShirayukiNoa,1068,2093,1998
anaswarkb013,1069,1935,1858
Mohamed_Reda,1073,1991,1906
k1suxu,1073,2148,2045
psychobot,1073,1902,1827
kanye_east,1076,1994,1909
Xiaohuba,1078,1924,1846
arash.,1081,2023,1933
Vince729,1082,2124,2022
Raiden,1083,2014,1925
Kusanagi_Misuzu,1084,2167,2060
EgorSav,1087,2139,2033
FCY_2024,1087,2049,1952
zjjws,1087,2379,2241
squishybanana04,1087,2025,1931
Lalic,1087,2209,2094
zhouchenfeng,1087,1969,1880
masonpop,1099,2027,1926
Roll_Num_56,1099,2112,2004
HS90R,1099,2256,2132
trainerherp,1099,1905,1813
Saya_Alter_,1099,2160,2047
cup_of_coffee,1099,2030,1929
ukisko,1099,2017,1917
RGB_ICPC9,1099,2267,2141
RGB_ICPC8,1099,2227,2106
DJeniUp,1099,2046,1944
AmirrzwM,1099,2167,2053
RGB_ICPC3,1099,2335,2200
Pazio,1099,2115,2006
EthanKim8683,1099,1982,1885
JeanBombeur,1099,2576,2404
hashman,1099,1941,1846
RGB_ICPC6,1099,2342,2206
fireheart17,1099,1922,1829
Taiyaki,1099,2246,2123
