handle,rank,oldRating,newRating
greatpaul2008,1,2053,2410
TengBa,2,2077,2326
taiwanguo,6,1939,2187
thembululquaUwU,7,1712,2080
Koosa,9,1902,2146
nana7ni,13,1799,2114
Gergyg,14,2096,2258
m_rd,15,2056,2226
_ANIG,16,1293,1774
ymh114514,21,2041,2200
Dia0si,22,1940,2127
ethan0328,25,1951,2130
mkrukov07,26,0,853
MDSPro,27,1973,2143
wuyouka,28,2012,2168
tushaar9876,29,2024,2175
Jia_Ran_Diana,30,2048,2190
PoPularPlusPlus,31,2092,2220
Nika533,32,1973,2133
Linxrain,33,1958,2121
ikira.57,34,2044,2180
xie_lzh,35,1634,1897
duntsova2024,36,1436,1765
Aziraphale,38,0,833
LolNewacc,39,1998,2141
someone__,41,1936,2095
mushanyu_x,43,1321,1747
ZnAc_2,48,2046,2164
SelfDestruct,51,2079,2186
hungry1234,54,1839,2012
xixizhiguan,56,1279,1704
gleb.astashkin,56,1922,2068
Seungni,58,1851,2018
CyberCow,59,1925,2067
SamyakSinghania,59,1868,2028
Yousef.Osama,63,1860,2019
charan,66,1969,2093
wanxin,67,1947,2077
rob00,68,1821,1988
icoder178,70,2030,2134
ilia-ivanov,73,1988,2101
I_Love_Diar_Narumov,74,1909,2045
DurianCat,77,2098,2178
Misty7,80,2030,2126
_acsm_,80,1928,2120
_ChiFAN_,82,1873,2014
cmdgbb,83,1929,2053
timreizin,84,2083,2162
lycc,85,1925,2049
tenagazaru,87,2016,2112
Surver,88,1879,2014
Clan328,89,1960,2071
TonySnark,90,2067,2147
Hoks_,91,1742,1918
EgorSav,96,2020,2110
zeemanz,97,2079,2151
serotonin,99,1971,2073
xuyifei1,102,1963,2066
applepi216,105,2083,2151
arthur_9548,109,1931,2040
koukanni,109,1822,1963
Richard1212,114,1865,1991
RLVxx001,117,1996,2083
hcywoi,121,1727,1892
Deruck,122,1883,2000
Al-Khwarizmi_Fan,126,1948,2044
caterpillow,129,2057,2122
tranhoangson,130,1885,1998
liqixian2003,131,2054,2119
MisterReaper,134,1786,1928
pera2008,135,1914,2017
happybobby,139,1972,2058
aiduk,141,2010,2084
Rodger2041,143,2085,2138
ChrysanthBlossom,144,1885,1994
BallBreaker,148,1772,1913
Jie-XuSheng,157,2039,2099
yookwi,159,2014,2081
Legend__dy,166,1964,2042
powervic08,172,1869,1973
DaNeK0201,173,2029,2087
Dispensable,173,1964,2040
marc2825,176,1900,1993
N.N_2004,178,1926,2011
Healexr,181,2061,2107
Inkyo,181,2008,2069
LMeyling,188,1954,2028
serialcomder,190,1948,2023
tokitsukaze,193,1933,2012
yangzhanyu,195,1838,1944
bit-2-coder,198,2064,2105
tilenn,200,1974,2039
__baozii__,201,628,1179
ddxrS,202,1898,1984
Mohamed308,211,1877,1967
peteza,216,1910,1989
Lo_R_D,217,1955,2021
magnuseifr,220,1869,1959
luckyzfy,221,2079,2110
sxrcodeforces,225,1789,1901
sleepntsheep,229,1953,2017
IsItFakeMe,232,1864,2010
NegIQ,237,1231,1593
ngocnghia,239,1727,1910
kissgergely,240,1964,2022
RMA-NB,246,1907,1980
misaki-nakahara,251,1532,1775
chenjunxiu,251,2064,2092
nan02,255,1919,2022
Pekiban,264,1889,1964
tloinuy,269,1902,1971
zhongpeilin2030,269,1962,2014
chennie,275,2059,2085
Salty__fish,280,2064,2087
Hata_no_Kokoro,282,2080,2099
coconut99,286,2085,2102
mr_swashbuckler,288,1936,1993
U-mika,288,1947,2001
hshhh_,294,1788,1885
adepteXiao,294,1951,2002
H-R-2004,300,2020,2051
romarkovets,303,1938,1991
SoReMore,308,1967,2011
kuzmichev_dima,311,2055,2075
LarrixAntofanin,318,2015,2044
JOO91,321,1853,1927
xbai,328,1894,1955
smalyarovsky,330,2021,2047
thanos_2,331,1987,2022
mbolgov,332,1979,2016
dumb_boi,333,1994,2027
fzcdream,334,2081,2090
Narut,340,1939,1985
FluctuateOcean,345,1961,2001
i9_6900k,347,1954,1995
BenjaR,351,1908,1961
kjhhjki,354,2050,2064
I_am_Domik,359,1768,1860
runzelai,362,1762,1855
cockatooo,364,2016,2038
Lovely_CatHxy,369,1927,1972
TianyiWei,370,1727,1829
MoSooN,370,1970,2003
shirokane_rinko,377,1801,1881
heidiheize,382,2075,2079
Rayo,386,1849,1913
Tamora,386,1865,1925
scotchtape,393,1831,1899
confirm14478,395,1781,1864
Max_Calincu,400,1966,1996
pacha2880,401,1863,1921
ggq15plus2,402,2054,2061
Luvidi,408,2021,2036
JorimJang,409,2079,2079
theNewSon,410,1863,1920
Gondozu,412,2050,2056
CaveNightingale,413,1974,2001
fahimcp495,414,2083,2081
diobrando97,419,1917,1958
abo_3mk,419,1711,1810
farkon00,419,1878,1930
wuhudsm,423,2008,2025
Abito,427,2049,2054
justin_zed,428,1913,1954
Hectonit,433,2034,2042
dewana310,439,1931,1966
Apteryxx,441,2065,2064
curly_braces,444,1924,1960
ShirayukiNoa,445,2038,2043
HIJAZ,448,2072,2069
ExpectoPatronum,458,2003,2016
frostaur_,461,2069,2064
csegura,463,1996,2010
XDEv11,465,1878,1924
njustbacon,474,1972,1992
markthitrin,476,1928,1959
mzmz001,480,2089,2077
estoy-re-sebado,482,1818,1878
FQR_,483,1719,1808
ArvinCiu,504,1922,1952
lwm7708,505,1942,1966
liaoz123,523,1770,1839
caidx233,523,2028,2027
_BANKAI_,528,2039,2035
Hong_Meiling,528,1981,2029
qwe1rt1yuiop1,531,2005,2009
yanb,536,2041,2035
stan23456,541,1936,1958
yu-yang,546,1920,1945
great_fortune,548,2083,2066
balakrishnan,554,1950,1966
tyristik,556,1998,2039
VasyaMer,557,2060,2048
ASahib,560,1908,1971
whyalwaysmezzz,566,1412,1638
areke,570,1879,1912
abisheka,575,1788,1846
dutin,576,1524,1660
Svemit,577,2033,2026
weirdflexbutok,584,2023,2018
bcollet,587,2070,2052
taran_1407,592,1962,1971
bhatnagar.mradul,594,1863,1898
feodor.yevtushenko,599,2047,2034
HCCH,604,1975,1980
0x0c5cbae8,606,1668,1825
zer0-,614,2083,2060
_Kee,614,1863,1897
21cs01033,616,2074,2053
Andycraft,621,2087,2063
DerrickLo,621,2064,2045
hackerchr,623,1820,1865
XG0000,632,2041,2027
dongggle,661,2057,2037
Useless-,665,1827,1865
Kepy,675,1967,1968
Warma_Cute,707,2090,2058
jasmin_studer,709,1813,1852
Bahamin,714,1875,1897
Chelovek9,733,2097,2061
Eslam_Saleh,738,1915,1924
daiarineko,742,1935,1939
andreumat,748,1602,1697
Wibo,754,1762,1811
rewolfnus233,756,1942,1943
danbanica,758,1983,1973
AnasMaged,758,1883,1899
Kinope,766,1972,1964
Satyanweshi45,771,1886,1900
FBI,776,1989,1977
raulandreipop,778,1943,1941
mhmakelvin,787,1808,1842
omikad,798,1853,1874
sjhi00,807,1955,1948
PugachAG,807,1937,1935
Rising-coder,815,1872,1886
Hagry,828,1935,1932
goncharovmike,830,2024,1999
Lezy233,841,1860,1876
carlycarlycarlycarly,856,1866,1879
JoseSoto,859,2008,1985
I_HATE_GEOMETRY,870,1712,1766
VenomInVein,883,1645,1717
KUHYAKU,888,1833,1853
Alliy666,893,1752,1793
vgoofficial,910,2033,2001
huikang,920,2041,2006
zawatin,933,2079,2034
ibrahimwq,946,2096,2046
FHQY,971,1995,1968
minoc,1003,1871,1873
icefake,1006,1872,1874
woshiluo,1010,2005,1974
StefanSebez,1012,1672,1727
xly_tyty,1033,1441,1618
Scalm,1036,1935,1919
MatheusAB,1067,2061,2013
Tsovak,1102,2039,1994
firstin0907,1134,2039,1993
guoxiangyu,1139,1872,1866
H2J,1159,1950,1924
Lyamzin_alexandr,1162,1728,1759
RakibJoy,1175,1964,1934
fanfly,1181,2080,2022
gauss148,1194,1845,1843
--tofu--,1202,1806,1814
LYH.cpp,1215,2078,2019
knightmare_,1231,1893,1878
FzArK,1236,1890,1874
Edeeva,1261,1934,1907
one_autum_leaf,1261,1824,1824
GreenHanHan,1315,1918,1892
shiqiaqiaya,1353,1802,1804
ji_1433223,1428,1044,1323
_greedy,1474,1624,1667
rikka_lyly,1539,2061,1992
16777216,1570,1922,1884
juruoA,1611,1949,1904
IShowRonaldo,1738,1938,1890
babin,1816,1608,1641
shstyle,1822,2017,1948
a6z,1852,2000,1934
cybsbbb,1859,1939,1887
reil_st,1860,1787,1771
Phantom_Performer,1931,1993,1926
ZhiGeBaiShui,1960,1888,1845
gs20036,1981,1920,1868
MrLolthe1st,1986,1711,1710
Timonnable,1986,2062,1978
kidw0124,1998,1933,1877
liaoyanxu,2013,1977,1911
crystaI,2035,1992,1921
shade34,2046,2067,1979
cup_of_coffee,2046,2029,1950
EN_SA,2046,2037,1955
gs17005,2046,1858,1819
chh9976,2074,2061,1974
dlwocks31,2094,1944,1883
myx12345,2094,1894,1844
SirTechnical,2094,1909,1855
Empty_Dust,2094,2057,1970
wrk123,2125,2102,2004
3month7,2195,1880,1831
bzh110,2321,1950,1880
volkov179,2357,1757,1733
Nahian9696,2381,1985,1906
ChaosAngel,2381,1793,1759
daniel071292,2411,2093,1989
ThisWasUnplanned,2459,1903,1841
dmot,2459,1999,1915
_Gawd_,2548,1727,1704
Axial-Tilted,2590,1922,1852
Xiaozzz,2590,1910,1842
notSayeef,2635,1881,1818
shrapnelzz,2682,1973,1889
Cathaya,2780,795,1124
vanvector,2830,1837,1781
onbert,2939,1941,1858
Shifted,3045,1975,1882
SSKMF,3225,1883,1807
limabeans,3339,1874,1797
UKBwyx,3712,2074,1948
Lets_end_this_shall_we,4690,669,989
myoi0905,5316,2068,1921
lfw,5691,1933,1807
saikrishna17394,6837,1687,1598
BERNARD,8563,2054,1877
KobicGend,12150,1960,1774
Ertugrul28,14473,1890,1702
spectrra,17240,1203,1078
