handle,rank,oldRating,newRating
Kevin114514,1,3136,3341
275307894a,2,2847,3083
jiangly,3,3904,3831
JoesSR,4,2890,3070
ksun48,5,3321,3373
turmax,6,3309,3352
dXqwq,7,3101,3188
hos.lyric,8,3179,3237
Rewinding,9,3300,3320
jiangbowen,10,2922,3035
LJC00118,11,3297,3305
ecnerwala,12,3494,3446
peti1234,13,3050,3112
no_dream,14,2646,2813
PinkieRabbit,15,2654,2814
GroupMatrix,16,2703,2845
sammyuri,17,2387,2613
LipArcanjo,18,2530,2712
Ormlis,19,3159,3168
hhhgjyismine,20,2508,2689
CJ_xde_pt,21,2623,2769
ymmparsa,22,2752,2859
taeyeon_ss,23,2524,2691
orz,24,2700,2816
xuanxuan001,25,2939,2988
A_G,26,2806,2887
244mhq,27,2919,2968
potato167,28,3091,3093
maspy,29,3143,3129
BurnedChicken,30,3113,3105
rqoi031,31,2391,2573
dog_of_Nesraychan,32,2790,2859
zhaohaikun,32,2465,2622
_l_l_,34,2653,2757
QwertyPi,35,2692,2783
-Eternity-,36,2949,2971
jason_sun,37,2542,2670
oleh1421,38,2863,2903
Rubikun,39,2989,2995
kotatsugame,40,3055,3042
arvindf232,41,3009,3007
yuto1115,42,2964,2971
bashkort,43,2827,2868
Hyperbolic,44,2439,2582
crazy_sea,45,3105,3073
shiomusubi496,46,2888,2909
le0n,47,2867,2892
Focalors,48,2492,2614
noimi,49,2966,2962
alireza_kaviani,50,2784,2826
Karuna,51,2909,2917
PCTprobability,52,2820,2850
Mangooste,53,2658,2729
mtsd,54,2550,2648
Nyaan,55,2770,2809
415411,56,2460,2579
alvingogo,57,2601,2682
lexiyvv,58,2713,2763
femboy-wannabe,59,2877,2883
IzhtskiyTimofey,60,2308,2463
Xylenox,61,2812,2833
anmichi,62,2487,2591
YCKC_LCJ,63,2346,2487
Endagorion,64,2922,2911
Otomachi_Una,65,2565,2645
Fysty,66,2627,2690
neal,68,2913,2900
dorijanlendvaj,69,3111,3049
Andrei_ierdnA,70,2210,2380
IBory,70,2274,2426
Akulyat,72,2426,2535
makrav,73,2340,2472
Morphymorphymorphy,74,2848,2846
riantkb,75,2621,2676
liympanda,76,2709,2740
74TrAkToR,77,2507,2590
qiuzx,78,2957,2924
Sorting,79,2477,2566
Noam527,80,2768,2781
Adam_GS,81,2896,2876
qwerty787788,82,2532,2604
Matutino,83,2487,2570
physics0523,84,2729,2748
tatyam,85,2845,2834
budalnik,86,2581,2636
Brovko,87,2708,2730
DarkestNightmare,88,1849,2110
fastmath,89,2608,2654
snuke,90,2808,2802
q1w2e3r4_1,91,2194,2349
LuCpp,92,2661,2691
YuJiahe,93,2399,2496
gortomi,94,2152,2317
kostylevGO,95,2439,2524
peltorator,96,2808,2797
yuanruiqi,97,2499,2567
StarSilk,98,3006,2945
Sana,99,2858,2833
hitonanode,100,2967,2914
lvkaiyi0811,101,2502,2566
YLWang,102,2487,2554
maroonrk,103,3350,3204
iakovlev.zakhar,104,2449,2524
antontrygubO_o,105,2772,2764
JettyOller,106,2670,2687
AndreySergunin,107,2651,2672
bkdn24.lnba,108,2154,2365
asdsasd,109,2764,2754
dspt,109,2261,2383
LHiC,111,2885,2845
Andreasyan,112,2598,2629
LUlululu1616,113,2124,2282
automaton,114,2357,2450
amirhoseinfar1385,115,2400,2481
EasonTAO,116,2627,2648
maomao90,117,2289,2398
zjy2008,118,2718,2715
jinqihao2026,119,2521,2567
wsyear,120,2688,2690
HNO2,120,2273,2384
oceeff,122,2324,2420
LMydd0225,123,2659,2668
toam,124,2553,2588
Ferume,125,2071,2236
LeoPro,126,2740,2726
S2speed,127,2660,2666
jdurie,128,2596,2618
sheercold,129,2397,2470
TheScrasse,130,2582,2606
k1sara,131,2339,2426
MridulAhi,132,2455,2511
Ecrade_,133,2436,2496
Ivan_len,134,2264,2369
torisasami,135,2623,2634
KumaTachiRen,136,2298,2393
hyman00,137,2771,2744
VladaMG98,138,2324,2411
Savior-of-Cross,139,2455,2507
xuyifei1,140,2362,2437
Giga_Cronos,141,2298,2390
cmk666,142,2895,2835
Maksim1744,143,3086,2980
flytime,144,2236,2343
russian_proger,145,2004,2176
janY_,145,2305,2392
AmirAli-Asgari,147,2680,2670
risujiroh,148,2678,2668
k1r1t0,149,2560,2579
tolbi,149,2371,2439
defnotmee,151,2397,2457
FSTAutoMaton,152,2203,2315
AmShZ,153,2415,2470
Egor.Lifar,154,2589,2598
Midnights,155,2307,2426
sansen,157,2715,2692
TKT_YI,158,2681,2666
0wuming0,159,2561,2576
Yuuuuuuuuuuuuuuuuu,160,2482,2516
siganai,161,2622,2620
hank55663,162,2998,2904
cfhj,163,2381,2440
dannyboy20031204,164,2353,2419
Waimaihehe,165,2386,2443
Thienu,166,2678,2660
Nullptrs,167,2170,2284
adam01,168,2351,2415
zfs732,169,2223,2321
emthrm,170,2438,2478
nicksms,170,2485,2513
Enchom,172,2497,2522
ngocnghia,173,2075,2213
Farhod,174,2595,2594
ahmadkhafif,175,2275,2357
dreamoon_love_AA,176,2928,2845
biximo,177,2165,2276
activedeltorre,178,2275,2392
gmusya,179,2355,2413
wnmrmr,180,2372,2426
syx2567,181,2651,2633
Numbering,182,2483,2507
akshaykhandelwal,182,2272,2351
lsxhyyds,184,2145,2258
Muelsyse,185,2398,2443
Linx,186,2391,2437
gongkoufadongji,187,2353,2408
as_dfsdf,188,2524,2535
jeroenodb,189,2999,2894
cn449,190,2549,2553
_chroneZ,191,2164,2269
djs100201,192,2135,2248
Mohammad.H915,193,2141,2251
khuepr123,194,2359,2410
thenymphsofdelphi,195,2788,2731
rgnerdplayer,196,2342,2396
Geroin,196,2112,2229
chaeyihwan,198,2413,2448
wery0,199,2394,2434
cerberus97,200,2433,2462
limanjun,201,2463,2484
propane,202,2560,2556
phoenix0423,203,2273,2343
awu,204,2295,2359
160cm,205,2162,2262
w33hw3,206,2148,2251
Gheal,207,2208,2294
ParsaDox,208,2566,2558
OdtreePrince,209,2414,2445
abc864197532,210,2695,2655
Fido_Puppy,211,2785,2723
Hisiri,212,2577,2565
qwef_,213,2491,2501
_Joanna_,215,2136,2239
DeadlyCritic,216,2331,2380
gabriel88766,216,2200,2284
zidder,218,2672,2635
kmjp,219,2538,2533
Golovanov399,219,2865,2780
ORzyzRO,221,2501,2505
enzopsm,222,2166,2258
oyladn,223,2099,2209
bingpao,224,2141,2239
irkstepanov,225,2360,2399
thembululquaUwU,226,2312,2363
Morollcinna,227,2715,2664
Missyou,228,2180,2266
zlxFTH,229,2333,2378
natsugiri,230,2655,2618
PBBx0,231,2239,2307
Ra16bit,231,2493,2495
aryanc403,233,2381,2412
lcyxds,234,2283,2339
BalintR,235,2828,2747
dkhve,236,2214,2288
Sofapuden,237,2475,2480
Z_actuary,238,2184,2265
leinad2,239,2485,2487
ywwyww,240,2554,2538
sevlll777,241,2560,2543
36champ,242,2390,2415
Temmie,243,2366,2397
MeGustaElArroz23,244,2420,2437
JeanBombeur,245,2288,2339
Ari,246,2302,2349
Peti,247,2257,2315
Kilani,247,2526,2515
keisuke6,249,2389,2412
ppltn,250,2757,2689
Omiya_Shinobu,251,2153,2238
andrei_boaca,252,2627,2591
prins,253,2217,2285
dongyinjie001,254,2159,2242
zacharychao,256,2324,2363
WRKRW,257,2333,2368
gvihvo,258,2345,2377
Link_Cut_qwq,259,2145,2231
mewmewmew,260,2392,2412
fishy15,261,2224,2287
dyppp,262,2293,2338
anpaio,263,2351,2380
cayaxi09,264,2081,2182
Fish_and_Chips,265,2119,2210
zeemanz,266,2104,2198
JoanhLan,267,2206,2272
penguinman,268,2473,2470
Wansur,269,2249,2303
Daniel081024,270,2426,2433
kevin,272,2350,2377
KroosTheKeenGlint,273,2593,2559
IC1101,275,2003,2123
Be_dos,276,2434,2438
TimDee,277,2212,2274
KUHYAKU,278,2056,2160
Nika_Tamliani,279,2265,2312
Peter-007,280,2497,2484
79brue,281,2403,2414
EJIC_B_KEDAX,282,2531,2509
feeder1,283,2488,2477
Error_Yuan,283,2230,2284
okwedook,285,2362,2382
Flamire,286,2886,2777
AkiyamaMizuki,287,2367,2385
wutongchun,288,2583,2547
LittleOrange666,289,2109,2195
wifiiii,290,2678,2617
876pol,292,2269,2311
Kieray,293,2095,2183
gs20036,294,2115,2198
worldwideD,295,2134,2211
2021_yes,297,2024,2200
DerrickLo,298,2203,2261
arbuzick,300,2756,2675
Hamed_Ghaffari,301,2266,2307
ainta,302,2896,2782
guagua0407,303,2243,2289
zhenja,305,2280,2315
shenfe1,306,2291,2323
Wielomian,307,2149,2219
dabbler1,308,2295,2326
timreizin,308,2190,2248
Eugene312,310,2108,2188
MarcosK,311,2148,2217
nuip,312,2502,2480
chunbaekim,313,1785,1991
MAKMED1337,313,2353,2367
wfb,313,2082,2168
egneeS,316,2101,2182
Setsuna,318,2056,2148
ilyakor,318,2514,2486
Dalek_of_Rivia,318,2276,2309
RP-1,321,2473,2455
Etavitsea,322,2207,2258
tredsused70,323,2066,2154
cwxzh,324,2114,2189
Vectors_Master,325,2304,2328
Cubyte,326,2164,2225
yishangtanhuan,327,2152,2216
shinchankosen,330,2393,2393
radoslav11,331,2422,2415
UKBwyx,332,2016,2116
Gabp,333,2191,2243
lotusblume,333,2374,2378
kh0i,333,2099,2175
devans,336,2105,2179
Marckess,337,2492,2466
shirokane_rinko,338,2008,2108
Trial_light,338,2312,2331
thanos_2,338,2246,2281
Anonymous_Noob,341,2414,2406
wind_cross,344,2117,2186
Halyavka,345,2195,2242
best_codeforces_user,346,2009,2108
zxcen,347,2090,2166
louhao088,348,2167,2222
CodeFurces,349,2528,2490
carlycarlycarlycarly,350,2079,2157
JeffreyLC,351,2227,2265
Virv,352,2427,2413
limithym,353,2101,2172
Randoming,354,2116,2182
Kniaz,356,2169,2221
ycx2010,357,2229,2264
Kaling,357,2377,2374
nguyentunglam,357,2310,2325
zhongpeilin,360,2078,2154
ofrankel,361,2510,2474
hariaakash646,362,2207,2248
ExplodingFreeze,363,2151,2206
Xellos,364,2411,2398
now_cow,365,2040,2125
polosatic,365,2165,2215
great_fortune,367,2038,2123
Yaimsea,367,2115,2178
AhmetKaan,369,2085,2157
ha___il,371,2026,2114
kingmessi,372,2176,2222
pty6666,373,2066,2142
Dragnoid99,374,1922,2037
Edu175,375,2469,2440
sv1shan,376,2272,2293
chuchu,377,2185,2227
Romy67,378,2221,2254
golomb,378,2192,2232
Intellegent,380,2166,2213
Lawali,381,2227,2257
1L1YA,382,2116,2176
MarSer020,383,2062,2136
Robsob,385,1826,1966
tute7627,386,2912,2775
kevinyang,387,2541,2491
ToniB,389,2339,2339
beacon_cwk,390,2176,2219
Serendipity__,391,2264,2283
muxingchengfeng,392,2107,2168
ttamx,393,2371,2362
ooscode,393,2182,2221
shorya1835,397,2215,2246
adamant,397,2377,2366
jtmaster1000,399,2258,2277
LOL_I_AM_SERZH,400,2296,2304
Shirotsume,401,2148,2195
Misty7,402,2089,2152
mwen,404,2230,2255
rt3,405,2183,2220
999,406,2038,2114
Ignut,407,2139,2188
Noobish_Monk,408,2344,2339
Teddiursa,409,2138,2186
KseniaShk,409,2196,2228
Kaiser_Kell,411,2064,2131
Darko1,413,2227,2252
The_Original_Popeye,414,2238,2259
socho,415,2158,2200
AryRDW,416,2074,2139
nifeshe,417,2204,2234
askd,418,2264,2278
AFrAYuRmbrM,419,2121,2171
Boboge,419,2345,2338
Handsome2004,419,2140,2185
DmitryLzr,422,2182,2215
NusGhy,422,1810,1946
khakitoad,422,1926,2029
nan02,425,2111,2163
codelegend,426,2049,2118
kafamcokkaristi,427,2158,2197
sha7dow,428,2171,2206
tenagazaru,429,2065,2129
amsraman,430,2338,2331
Pacybwoah,431,2151,2192
vaaven,431,2247,2263
ender_shayan,433,2145,2186
phsads,434,2225,2245
c.young_sb,434,2254,2267
BlueJade,438,2129,2174
albatross_errantia,440,2293,2294
EthanKim8683,444,2277,2282
SoReMore,445,2027,2098
Papaver,445,2316,2311
Ertugrul28,447,1852,1971
Silver_Fox,448,2263,2271
rembocoder,449,2365,2348
zas111lll,450,2309,2305
Jeuti,451,2163,2197
Tima19,452,2107,2155
anton_h,453,2308,2303
tem_shett,454,2299,2296
BRABABABABASHKIR,455,2106,2153
arash.,456,2186,2213
lwm7708,457,2059,2119
Divine_Spark,458,2080,2134
n685,458,2205,2226
Karuk,461,2259,2266
Lylova,461,2086,2137
mariowong,464,2113,2157
GOTKAKO,465,2267,2270
markthitrin,466,1897,2000
Alfeh2,467,2169,2197
cockatooo,469,2230,2242
junosv,470,2120,2161
scutsky,470,1928,2021
Kaey,472,2429,2392
HuaJun,473,2305,2297
zi.zh,474,2223,2237
myoi0905,475,2052,2111
Hectonit,477,2122,2161
BlueDiamond,478,2283,2281
CaMOUFlage,479,2161,2189
AFOier,481,2177,2201
pomuchle,483,2191,2248
happy_node,483,2163,2190
Edlue,487,2263,2264
KingOfDiamonds,488,2308,2297
Swishy123,492,1948,2031
rolandpetrean,494,2240,2246
yookwi,495,2138,2170
Alpha_Q,495,2204,2218
danya111,498,2343,2323
culver0412,499,2395,2361
briX1210,499,2562,2487
Mtaylor,502,2291,2282
xiaoxiaobaozi,503,1877,1978
rickbaishuak,505,2223,2231
tatata96,507,2173,2194
Waldi,508,2492,2434
Cu_OH_2,509,2113,2149
lsj2009,511,2155,2180
ilyastarost,513,2078,2122
perekopskiy,517,2288,2277
KingPowers,519,2120,2153
0x0002,520,2256,2253
ArtAlex,522,2174,2191
noya2,524,2592,2506
Nummer_64,524,2235,2236
yukihasui439,527,2107,2141
Raiden,530,2146,2169
pooty,531,2430,2383
AA_Surely,533,2138,2163
lddlinan,539,2155,2175
GrandTiger1729,540,2176,2190
SmolBrain,541,2258,2251
kai824,543,2210,2215
Danilo21,545,1978,2044
BabaVoss,546,2114,2143
akua,546,2395,2353
Ilya_MSU,549,2344,2315
lyx123886a123886,550,2285,2270
mjtai,552,2206,2210
ivatopuria,554,2268,2256
satashun,555,2486,2421
Nagrarok,557,2064,2105
kissgergely,558,1950,2021
lyons,559,2097,2129
1021839,561,2306,2284
twosome,564,2193,2199
fahimcp495,566,2178,2188
codicon,567,2139,2159
OutsiderZz,569,2194,2199
ajinkya1p3,571,1929,2004
Triseedot,572,2105,2132
DanielChang,574,2253,2243
Yesiyesiio,575,2125,2147
awesomeguy856,576,2274,2258
zemen,577,2547,2465
0land,578,2227,2222
Prostoegor239,579,2120,2143
Bungmint,580,2351,2316
Bossusuprem,583,2127,2147
xcc_szy0905,584,2210,2208
RomkaRS,585,2172,2181
Kude,586,2746,2616
byyq,587,2114,2137
LMeyling,588,2187,2191
Vitaly503,591,2036,2079
PeruvianCartel,592,2187,2190
arzhantsev64,593,2181,2186
PvPro,593,2284,2263
CepryH9,595,2132,2149
Apple_Method,596,2423,2367
raulandreipop,597,2124,2143
Do_not_make_friends,598,2235,2225
Tuanlinh123,599,2308,2280
hxu10,601,2109,2131
icewarrior52,605,2132,2148
whyalwaysmezzz,606,2123,2140
b6e0,607,2661,2547
zezoo050,609,1921,1991
fanythree,610,2052,2088
Marco_L_T,611,2178,2180
tablemoon,613,2115,2133
-dub-otrezkov-,616,2045,2081
lprdsb,617,2231,2219
BernatP,619,2162,2168
xiaruize,620,2142,2153
LoboLobo,620,2255,2238
shiven,623,2314,2282
Vash_nick,624,2249,2233
Kolychestiy,625,2275,2252
Kawaii,626,1847,1935
2018LZY,629,2395,2342
tyr0Whiz,630,2291,2263
quanshr,631,1916,1985
Zachary_Gao,632,2071,2099
eggag32,633,2151,2158
dyktr_06,634,2123,2137
Alex239,635,2053,2084
t9unkubj,636,2227,2214
Darren0726,637,2197,2191
waipoli,638,2335,2296
fuppy,639,2651,2535
deoxys1087,640,2336,2333
temporary1,641,2103,2121
RingedGenesis,642,2330,2291
Atekichan,643,2029,2066
Art.ogo,644,2199,2191
Hell2Evator,646,2369,2320
guperman,647,2182,2179
Wxssim,648,2053,2083
AHappyPotato,649,2517,2432
include_BM,650,2198,2190
AliShahali1382,651,2615,2506
Luna_Sakurakouji,652,2172,2170
beepbeepsheep,654,2215,2203
anaswarkb013,655,2217,2203
Mitsubachi,657,2183,2178
KobicGend,658,1920,1983
aqxa,661,2302,2268
The-Winner,662,2205,2194
raoxj,664,2046,2076
milind0110,665,2142,2147
KiKoS,666,2137,2142
Nelson_loh,669,2317,2277
nishkarsh,671,2411,2349
SongC,672,2489,2408
Saya_Alter_,674,2036,2067
mychecksdead,674,2173,2168
Meloric,676,2190,2180
sai-17,676,2142,2144
jonathanpaulson,678,2146,2147
max0000561,678,2172,2166
yuvrajKharayat,681,2144,2146
21cs01033,682,2184,2176
busamate,683,2402,2341
_Gawd_,683,1959,2008
junie,685,2259,2232
thabumi,687,2026,2057
MateoCV,689,2380,2323
sstrong,692,2541,2446
DanTheMan.,694,2277,2245
dimkolya,695,1939,1993
psb0623,698,2069,2087
Nika533,698,2214,2196
penguin34,701,2222,2202
Francesco4203,702,2059,2080
gxy001,703,2191,2177
Honey_Badger,703,2207,2190
avnithv,709,2143,2141
MegalovaniaJ,709,2110,2117
surajchip2,711,2342,2292
cSERAFIMc,712,2219,2198
Erinyes,714,2099,2107
otbitiy_serb,714,2134,2134
Shifted,717,2115,2120
AliiSh,719,2175,2164
Nisanth,719,2155,2149
MvKaio,719,2205,2187
Svemit,722,2052,2072
Wobert,725,2257,2226
mjhmjh1104,730,2366,2308
Newtech66,731,1759,1855
Sugarii,732,2168,2157
toniskrijelj,734,2238,2210
ZhiGeBaiShui,735,1996,2029
ScottChou,736,2130,2128
DylanSmith,736,2521,2424
eepsilon,740,1880,1943
AbdelmagedNour,741,2181,2165
Dart-Xeyter,741,2396,2329
wuhudsm,745,2015,2042
invertedwinger,746,2177,2162
lrvideckis,746,2226,2200
turkhuu622,748,2241,2211
_R00T,748,1913,1966
Tlatoani,750,2756,2604
RED_INSIDE,750,2260,2224
teekaytai,750,2167,2154
serotonin,754,2119,2117
besukohu,754,2110,2111
tyoi_ak_master,757,2070,2081
ilia-ivanov,758,2101,2104
_p_a_r_s_a_1_3_,759,2104,2106
GennadiySosnov,761,2141,2134
romarkovets,762,2077,2085
MattTheNub,764,2189,2169
AsukaSaito,769,2005,2032
crazyilian,773,2267,2228
tch1cherin,774,2216,2188
BrynzaWillWinIOI2025,774,2124,2119
farkon00,778,2119,2115
aimoon,779,2277,2234
IanISam,781,2191,2169
_greedy,785,1908,1958
neetman,785,2116,2111
evenvalue,787,2264,2223
Wael_Zaiback,787,2164,2148
jh01533,791,2145,2133
JagguBandar,791,2170,2151
Ivan_Kolosov,796,2099,2098
balakrishnan,797,2181,2159
RigBuhBuh,800,2204,2177
ikrpprppp,801,2383,2313
stan23456,804,1977,2006
wjyyy,804,1845,1909
Lucina,804,2118,2111
volkov179,808,1905,1953
SirTechnical,808,2157,2140
_LeMur_,810,2202,2174
yupooh,811,1964,1995
Eslam_Saleh,813,2141,2127
vsinitsynav,818,1993,2016
justin_zed,820,2003,2024
zwezdinv,821,2485,2388
AdhityaMangudy,821,2185,2159
Kuangchenrui,825,2172,2149
Zbyszek99,826,1997,2018
Saquariu,828,2333,2271
one_autum_leaf,828,2139,2124
FzArK,830,2009,2026
ASHWANTH_K,830,2129,2116
ishmeal,832,2207,2175
Drew_,834,2110,2102
altgifted,835,1953,1985
goncharovmike,837,2183,2156
paulinia,838,2059,2063
divergence1,841,2107,2098
DDUDUDDUDU,843,2292,2238
MedMdg_MOI,845,2163,2141
dbaumg,848,2173,2148
Beaboss,851,2244,2201
s20b1_chernikov,856,2199,2167
Yahia_Emara,859,2170,2144
AnasMaged,859,2037,2044
Farsh_LE,865,1989,2008
-is-this-fft-,866,2489,2387
wjli,867,2119,2105
Ricki_White,869,2109,2096
tassei903,873,2200,2165
6ziv,875,2031,2037
HCPS42,875,2151,2128
oqmsac,875,2003,2017
ArsenGotov,879,2161,2135
shrapnelzz,881,1926,1960
plevande,882,2031,2037
Lets_end_this_shall_we,890,2062,2059
_morsmordre_,892,2112,2097
drath10,894,1764,1839
gs17005,896,2001,2013
Azm1t,896,1988,2004
yscfwkj,899,2000,2012
Satyanweshi45,900,1927,1958
Jamshed11,901,2010,2019
pacha2880,904,1993,2006
Pols_Agyi_Pols,908,2145,2121
sergeev.PRO,908,2149,2124
yvbf,910,2109,2093
Surver,912,2105,2089
njustbacon,912,2054,2051
3JlOU_XJlE6UIIIEK,916,2107,2091
nickbelov,919,2175,2141
shevlopmes,926,2181,2145
TravellingSalesman,928,2104,2087
Rvess,932,2061,2055
Sir-Ahmed-Imran,932,1856,1902
tonegawa,936,2299,2234
FelixMP,938,2309,2242
forest,943,2196,2155
hshhh_,943,2012,2017
Andwerp,943,2257,2202
PeRuaDangYeu,943,2062,2054
swapnil159,948,1892,1927
bzh110,949,1794,1854
Hello_zoka,953,2190,2150
D0min0,955,2103,2084
IvayloS,959,1663,1756
Chelovek9,964,1875,1913
Rising-coder,965,2114,2091
xly_tyty,968,1902,1932
FatihCihan,968,2083,2067
ltf0501,968,2179,2140
khepri,973,2048,2040
Mohamed_Reda,975,2172,2134
picramide,976,2140,2110
PedroBigMan,980,2333,2256
RadRah,986,2134,2104
Fidisk,986,2247,2190
al3xstr33t,986,2465,2357
antoniomsah,990,2175,2135
franv,990,2130,2101
jmyszka,997,2259,2198
profchi,999,2216,2165
H-R-2004,1000,1974,1982
_Fake4Fun,1004,2183,2139
SpinSpen,1007,2148,2113
Lyamzin_alexandr,1009,1696,1776
khangai11,1015,1929,1947
abhidot,1019,2030,2023
nagpaljatin1411,1019,2254,2192
pengin_2000,1024,1983,1987
hieu_2004,1035,1843,1882
aprohACk,1041,2105,2077
elijjah,1044,2113,2083
Kira_1234,1046,2204,2151
brenner1,1046,2118,2087
I.Gleb,1049,2248,2185
arvindr9,1051,2147,2108
programmingysx,1051,2162,2119
dongggle,1058,1973,1976
Asbjorn,1060,2026,2015
leihonglongyin,1066,2346,2258
CIXTEEN,1066,1888,1912
GStnt,1069,2013,2005
Luvidi,1070,2196,2143
systy,1072,2099,2070
FBI,1079,2121,2086
Imagine.2019,1082,1961,1965
dragonmuffin,1082,2212,2154
ligaydima,1082,2237,2174
BenjaR,1088,2109,2076
gauss148,1092,1867,1894
Lieska,1092,2117,2081
Abhishek_Srivastava,1096,1985,1982
Gergyg,1096,2269,2197
.I.,1102,2294,2215
AST_TheCoder,1102,1983,1979
gubidubi,1102,2132,2092
zhangeb,1107,2018,2005
lycc,1108,2254,2184
Aziraphale,1111,2113,2077
lsantire,1114,2116,2079
Scalm,1117,2052,2031
alpha_kotenok,1119,2079,2050
bit-2-coder,1119,2128,2087
ibrahimwq,1121,2143,2099
Zeyush,1128,1851,1879
moonshine,1134,2060,2035
fredrik.w.ekholm,1140,2291,2211
hqmm,1142,2131,2088
jskhirtladze,1144,1624,1709
Morisz10,1149,2148,2100
golions,1152,2335,2243
SPatrik,1158,2204,2142
Morley,1169,2135,2089
rtckyw_,1176,2097,2060
chenyanxi,1178,2060,2032
ElyesChaabouni,1179,1945,1945
fatalerror,1188,2130,2083
DerWilleZurMacht,1194,2126,2080
oisdoaiu,1194,2161,2106
tour2st,1204,2168,2111
rowechen,1206,1862,1880
lamduybao03,1213,2436,2316
evjeny_23,1218,2136,2085
bugmaker3243,1230,2092,2051
t98slider,1233,2184,2120
mispertion20,1233,2151,2096
reeWorld,1237,2109,2063
KIRIJIJI,1240,2162,2104
tanaygad,1244,2206,2137
kzyKT,1246,2064,2029
Gogolev,1247,2129,2077
udon1206,1247,1856,1872
ivan.alexeev,1251,2371,2263
mexomerf,1251,1953,1944
sjhi00,1269,2124,2072
warner1129,1272,2244,2164
Igor_Parfenov,1277,2158,2098
Routec,1279,2017,1991
limabeans,1292,1730,1775
YouKn0wWho,1292,2165,2101
HIJAZ,1299,2155,2094
FirstDestiniesY,1303,1951,1939
pera2008,1308,2147,2087
alexey.enkov,1324,2146,2085
MASTERB4APRIL,1337,2065,2023
Namine,1340,2127,2070
GeoCalibur,1345,2010,1981
fxfxxxfxx,1360,2171,2101
Dragokj03,1360,2154,2088
Onur_Ilgaz,1395,2130,2068
MisterReaper,1401,2181,2106
xpov1LL,1403,2203,2123
Vladik,1425,2185,2108
ruhan.habib39,1435,1982,1953
jamesbamber,1435,2249,2156
Hosen_ba,1443,2214,2129
gupta_samarth,1458,1843,1846
burg113,1458,2188,2108
thisIsMorningstar,1462,2056,2006
Badint,1465,2182,2103
N00BGH0ST,1467,2125,2059
CoderAbhi27,1473,2002,1965
ItamarNir,1493,2339,2223
weirdflexbutok,1494,1794,1807
Night,1507,2093,2032
kalimm,1510,2306,2196
djm03178,1519,2189,2105
Markadiusz,1532,2320,2205
katyaporay,1536,2443,2301
saikrishna17394,1537,1591,1653
fishcathu.,1546,2261,2159
LinkWish,1549,2164,2083
SeptaCube,1550,2207,2116
parsa-golestani,1554,2342,2221
bhatnagar.mradul,1584,1880,1865
-_TIMOFEY_-,1589,2138,2061
geckods,1598,1746,1764
harsh__h,1614,2149,2068
pasa3232,1618,2116,2042
espr1t,1622,2037,1982
mark,1633,2219,2121
ahsoltan,1648,2239,2136
Yousef.Osama,1655,2196,2101
hzt1,1672,2360,2228
Extr,1682,2083,2013
Aeon,1702,1911,1882
Gzhibovsciy_Arseniy,1719,1818,1811
IacobTudor,1727,2229,2123
smalyarovsky,1727,2089,2015
ji_114514,1734,2085,2011
scanhex,1777,2506,2337
dontforgetyourself,1781,1908,1875
ITO,1782,2313,2185
HeartBreakerKid,1807,2050,1981
I_am_Domik,1823,2115,2029
dino_merlin,1830,2110,2026
Shen-SunCe,1842,2105,2059
lethan3,1862,2211,2101
BallBreaker,1901,2041,1969
theNewSon,1912,2120,2028
Pichu,1918,2251,2129
Lixoskywalker,1943,2052,1974
ZoeYay,1969,2131,2034
lldxjw,1970,2082,1996
vanvector,1974,1829,1804
sputn1k,2009,2161,2055
Teja-Smart,2018,2358,2209
OTTFF,2021,1960,1901
hieptk,2036,2119,2021
elizarov,2043,1937,1882
page_fault,2054,2116,2019
shdut0901,2072,1809,1784
CHHC,2120,1882,1837
zdc123456,2181,2499,2313
Imdie,2196,2351,2196
Onolt_kh,2200,2217,2090
Pagode_Paiva,2203,2124,2017
trp_hy,2207,2186,2065
LexBurner,2207,2110,2045
sleep__,2224,2286,2143
yahia,2224,2207,2081
Bimil_Buke,2234,1953,1885
darkkcyan,2240,2277,2136
dAwnnwAb,2245,1911,1853
perekopska.d,2247,2040,1951
jaewoo2009,2248,2219,2090
Markellonchik,2251,2190,2067
arman_ferdous,2259,2122,2013
JOliva,2279,2130,2018
OIerGegu1019,2286,2265,2124
Joey_W,2307,2020,1933
Agua_Podrida,2307,2340,2182
kostyamyasso2002,2310,2312,2160
Sunflower233,2315,2186,2060
Abdel-AzizMostafa,2321,1995,1913
-1e11,2340,2382,2213
2018haha,2352,2195,2066
bcollet,2357,2094,1988
parkky,2363,2213,2079
Wandoka,2385,2104,1993
Bedoo,2385,2149,2029
fetetriste,2395,1959,1882
TrendBattles,2407,2149,2028
satyam343,2422,2107,1995
zawatin,2425,2122,2006
nnv-nick,2425,1975,1893
kohandy,2457,2133,2013
KKT_89,2476,1789,1750
SongOfPredawn,2488,2157,2069
Ste,2503,2117,1999
Opuntia9622,2503,2154,2028
real.emerald,2516,1352,1424
myx12345,2522,1676,1662
RockSnow,2530,2176,2044
XDEv11,2530,2119,1999
Ann,2582,2122,1999
I_HATE_GEOMETRY,2582,2076,1964
Hasan0540,2596,2110,1990
titia,2615,2199,2058
ripity,2631,2028,1925
crystaI,2773,2134,2001
egge,2865,1835,1769
Abito,2900,2192,2042
HynDuf,2909,2116,1983
M1v1savva,2919,2121,1986
p__ce1052,2984,1840,1768
ub33,2984,2244,2080
TheFuturoma,2994,2101,1968
_Kee,3019,1731,1684
potatmen,3121,1883,1795
JustAnotherAlt,3154,1828,1753
snacache,3419,1480,1481
moonpole,4267,2000,1852
edogawa_something,4312,2175,1988
prostochill,4734,2101,1919
ymh114514,4875,2200,1994
concuuduoc,5277,2158,1952
status_coding,5291,2208,1992
Uzumaki_Narutoo,5306,1723,1614
mcfr,5619,2211,1987
Java,5756,2110,1904
hashman,6068,2126,1912
toilanvd_HUST,6991,1966,1770
minoc,8295,2030,1801
rainboy,10573,2415,2081
sunkuangzheng,10573,2326,2007
