handle,rank,oldRating,newRating
LHiC,2,3316,3355
Um_nik,3,3096,3165
Petr,4,3257,3265
Syloviaely,6,2920,2990
SirShokoladina,8,2819,2898
DBradac,10,2546,2685
JoeyWheeler,13,2996,2997
jcvb,14,2863,2894
FizzyDavid,15,2475,2606
jqdai0815,16,3085,3051
Kostroma,18,2632,2707
chokudai,21,2348,2490
Akigeor,24,2488,2582
qwerty787788,25,2896,2881
Reyna,28,2645,2686
bicsi,29,2386,2494
KrK,30,2522,2591
dreamoon_love_AA,31,2498,2571
liympanda,32,2215,2362
Golovanov399,33,2591,2635
MrDindows,40,2652,2666
chemthan,42,2249,2366
Ra16bit,43,2530,2570
krijgertje,48,2463,2513
espr1t,51,2067,2218
fruwajacybyk,52,2290,2379
VArtem,53,2575,2588
Ilya_MSU,54,2392,2452
Rafbill,59,2335,2403
AndreySergunin,60,2328,2396
Timur_Sitdikov,64,2348,2406
DmitryBelikov,66,2076,2204
sarkar,67,1834,2028
natsugiri,68,2638,2618
uwi,69,2825,2758
KungA,71,2255,2328
paulwang,73,2225,2305
ngfam_kongu,76,2411,2438
Tima,76,2442,2461
NVAL,78,2313,2364
skydog,79,1868,2039
Taube,82,2310,2357
cxaphoenix,82,2115,2214
kmjp,86,2531,2520
knightL,88,2476,2476
Jatana,94,2057,2161
Temirulan,95,2318,2353
egor_bb,96,2673,2618
ilyakor,103,2620,2573
LCM,105,2141,2213
kingjgv5,106,2032,2133
nuip,109,2414,2413
.I.,116,1966,2077
sigma425,117,2439,2427
irkstepanov,118,2466,2446
DPR-pavlin,129,2450,2427
Mamedov,130,1712,1885
Shayan,131,2253,2278
SoMuchDrama,132,2034,2115
bzh,132,1890,2010
zeliboba,138,2738,2641
StarCuriosity,150,2197,2225
fxxl,151,1708,1869
fetetriste,169,2169,2194
Alexandr_TS,169,2153,2182
M.Mahdi,173,2440,2396
triveni,175,1984,2054
lebeg,180,1707,1852
rembocoder,182,2117,2150
kondranin,184,2083,2123
_42,189,1937,2013
I_love_tigersugar,197,2351,2318
ManasG,201,1640,1795
dima_z,204,1895,1976
ajinkya1p3,206,2036,2079
STommydx,209,1994,2046
TsunamiNoLetGo,225,2226,2213
LeCaRiBoU,225,1829,1919
Ashishgup,227,1844,1929
TimonKnigge,239,2306,2268
Endagorion,239,2919,2740
DatVu,242,1616,1760
cerberus97,246,2213,2196
Luqman,252,1966,2009
Bedge,260,2010,2039
Edvard,271,2236,2205
Roundgod,278,1503,1668
thai9cdb1,278,1801,1879
vladmart,278,1652,1772
dalex,283,2069,2076
gop2024,291,1986,2011
Mustang98,291,1995,2018
adamant,297,2249,2207
raoxj,304,1923,1960
cthbst,307,2089,2083
iakovlev.zakhar,308,1745,1829
niquefa_diego,309,2211,2175
Ali.Kh,316,1876,1923
tfg,319,2036,2040
vanvector,323,2006,2017
Nson,325,1590,1713
doubility,326,2312,2247
Lo_R_D,328,1939,1965
-is-this-fft-,352,2054,2045
Arturgo,368,2047,2036
gazelle,374,1578,1691
JHSN,377,1823,1867
impetus,378,1944,1956
Bobrosoft,381,1974,1978
NikaraBika,383,2247,2184
balakrishnan,384,1952,1961
teja349,385,2124,2090
jtnydv25,387,2103,2074
Roberio,393,2047,2030
abisheka,401,2048,2029
mff,409,2005,1995
kzoacn,414,2300,2217
Amayoneko,430,2040,2017
Sert,431,2279,2198
sokian,469,2311,2215
RedStone,472,1879,1887
komendart,475,2123,2071
PrashantM,483,2147,2087
lessmeaning,491,1676,1734
lucasturci,492,1583,1666
buko,505,2192,2117
GT_18,531,1626,1689
ssor96,532,1872,1870
Rudy1444,535,1860,1861
yfzcsc,542,1985,1954
TripleM5da,543,2003,1967
chenjb,549,1842,1845
_LeMur_,563,1922,1903
abhishek_saini,570,2084,2024
oipotato,593,1755,1772
szb,597,1500,1587
RamTararam,598,2061,2002
Nikitosh,600,2593,2411
JustInCase,619,1882,1863
mohamedeltair,653,1678,1705
ugly2333,663,1835,1821
Alexxx,676,1644,1677
Zain,696,1580,1627
lsantire,700,1846,1824
Aeon,701,2230,2117
bbmirbek,702,1563,1614
a.piasta,703,2309,2178
cuiaoxiang,708,2238,2122
Toxel,708,2134,2042
hitman623,713,1691,1706
Noureldin,716,1864,1835
Dopahkiin,716,1872,1841
budalnik,720,2695,2476
Z0RR0,724,1935,1888
AStepanov,727,2015,1948
zhsh,727,2202,2092
scopeInfinity,738,1893,1854
geniucos,744,2579,2382
urusant,750,2099,2010
gauss148,750,1545,1593
BigBag,755,2519,2334
Tutis,762,1582,1617
kostka,770,2101,2008
sgtlaugh,770,2019,1945
vas.and.tor,770,1641,1659
zlc1114,798,1949,1888
IceKnight1093,806,1446,1513
burakov28,806,2136,2031
Heart_Blue,822,2015,1935
Ahmed-,822,1699,1695
zhabo,822,1681,1682
HXLLL,834,2080,1984
Qwerty132,858,1979,1905
hiromi_ayase,861,1672,1670
cnnfls_csy,861,1461,1516
allllekssssa,873,2006,1923
iLoveIOI,873,1266,1382
xoxo,884,1698,1687
eudanip,899,2017,1928
LeSoleil,899,1437,1493
248926,929,2184,2054
zx2003,929,1500,1535
bibibibi,982,1916,1842
SecondThread,990,1386,1446
vntshh,990,1705,1680
.o.,990,2502,2297
ILoveBitches,1016,1366,1429
Onjo,1070,1840,1775
Flavius,1123,1912,1825
Markellonchik,1160,1879,1796
SeventeenYears,1215,1489,1493
phpduke,1223,1902,1809
N.E.R.O,1269,1444,1454
gridnevvvit,1443,1842,1744
babin,1452,1718,1646
Eunha,1494,1500,1473
pb0207,1518,1459,1440
ImaniAm,1538,1431,1416
chenyanbo,1637,1512,1469
paradox,1650,1472,1436
skytyf,1735,1157,1194
Marckess,1749,1576,1510
Pepe.Chess,1793,2367,2137
Osama_Alkhodairy,1928,1537,1461
Shaad7,1928,1312,1281
kzvd4729,1954,1349,1308
KalasLavas,1954,1433,1375
realcomplex,1954,1349,1308
Ferume,2019,1525,1445
GioChkhaidze,2051,1395,1336
amanbol,2227,1110,1086
DimmyT,2346,1228,1163
DeD_TihoN,2382,1500,1394
Dalenator,2403,1115,1056
prins,2438,1405,1295
Noam527,2438,1528,1406
