handle,rank,oldRating,newRating
jqdai0815,2,3291,3318
ainta,3,2775,2907
JoeyWheeler,6,3109,3109
Swistakk,7,2652,2760
Petr,8,3248,3192
MrDindows,10,2530,2645
Kostroma,14,2603,2677
izban,17,2834,2836
irkstepanov,20,2323,2446
uwi,21,2810,2804
sigma425,22,2395,2492
BigBag,28,2370,2458
quailty,30,2422,2491
never_giveup,31,2440,2502
TLE,32,2433,2495
cjtoribio,38,2217,2324
hzt1,40,2193,2303
.o.,43,2192,2298
ksun48,45,2911,2830
whzzt,47,2244,2329
nigus,48,2005,2155
yfzcsc,49,2357,2410
Anadi,53,2390,2429
xuanquang1999,57,2153,2249
kalimm,58,2143,2241
tfg,59,2376,2411
laofudasuan,60,2345,2387
zeliboba,62,2468,2476
Errichto,64,2511,2506
Sert,66,2139,2229
ko_osaga,69,2938,2822
Hasan0540,70,2123,2213
Taube,72,2264,2314
hohomu,74,2275,2320
Vercingetorix,76,2641,2592
I_love_tigersugar,77,2259,2306
VastoLorde95,79,2096,2184
ch_egor,84,2381,2389
Motarack,87,2202,2255
lzyrapx,89,1770,1943
Gassa,91,2294,2320
.I.,93,2078,2159
cdkrot,94,2367,2372
jiangshibiao,97,2279,2304
cerberus97,99,2059,2141
fetetriste,102,2176,2224
Luqman,104,2049,2130
Slamur,108,2097,2162
LLI_E_P_JI_O_K,111,1992,2084
cwy,112,2246,2269
Toxel,119,2073,2137
lqs2015,122,2062,2127
Ronnie007,124,2175,2209
rembocoder,128,2407,2380
JeffreyLC,131,1987,2067
STommydx,134,1969,2053
Svyat,135,2208,2227
Golovanov399,146,2584,2504
l1ll5,150,1544,1745
chemthan,151,2421,2379
mxh1999,153,2168,2188
nuip,156,2397,2359
Tima,157,2394,2356
AndreySergunin,158,2358,2328
EnjoyCallen,161,2029,2082
square1001,167,2111,2139
zx2003,168,2164,2178
ToTLeS,169,2376,2337
Infinity25,182,1942,2009
lebowski998,185,2067,2099
-imc-,186,2281,2258
Nurlykhan,187,1993,2044
cz_xuyixuan,191,1945,2007
SirShokoladina,194,2645,2531
Marco_L_T,199,2065,2092
IcePrince_1968,203,1500,1688
gazelle,209,1773,1876
SoMuchDrama,211,2070,2091
_LeMur_,214,2058,2081
Noam527,217,1863,1937
wdmmsyf,225,1794,1885
Alexandr_TS,227,2163,2155
lsantire,230,1738,1843
E869120,231,2082,2093
gauss148,236,1523,1691
gop2024,237,2177,2162
BenniKartefla,239,1934,1981
hank55663,249,2380,2311
fmqjpt,249,2112,2109
woqja125,255,2354,2290
Markellonchik,257,2032,2047
ChickenInKitchen,271,2008,2025
dorijanlendvaj,273,1632,1753
axp,275,2131,2116
Daniar,277,1994,2012
248926,277,2311,2250
gigabuffoon,283,1652,1764
junie,287,2090,2081
Aeon,292,2086,2077
jki14,293,2084,2075
szb,295,2049,2049
Mucosolvan,303,1965,1984
andreumat,305,1825,1881
teja349,306,2104,2087
sas4eka,308,2110,2091
vanvector,318,1899,1931
NikaraBika,331,2138,2106
zhouhebin,335,1881,1913
user202729_,335,1946,1961
Edvard,341,2205,2155
darkkcyan,347,1988,1990
chenmark,355,2286,2213
Z0RR0,359,2035,2022
adamant,361,2038,2024
Flyrise,362,2166,2120
Hyperbolic,364,1913,1930
lwn_16,387,1615,1708
jtnydv25,398,2271,2193
Suika_predator,400,1837,1866
sarkar,404,1844,1870
Kerpoo,405,1675,1747
Lukij,407,1848,1872
jo_on,407,1943,1943
cnnfls_csy,410,1643,1723
hey_boris,411,2127,2081
shb123,412,2288,2203
Sutaner,423,1736,1787
yarrr,429,2252,2172
bzh,433,1987,1970
superguymj,455,1449,1578
Heart_Blue,474,2041,2004
yybyyb,479,1487,1598
YxqK,483,1946,1930
Antoine,492,1700,1747
Jakube,498,2170,2098
Zain,500,1779,1803
verngutz,510,1852,1855
pedroteosousa,511,1865,1865
PinkRabbitAFO,520,1706,1746
Kirundel,521,1727,1761
SeventeenYears,523,1834,1840
2014CAIS01,527,1465,1574
codelegend,531,1961,1934
Wild_Hamster,544,2360,2237
79brue,550,1555,1632
CSHwang,587,1696,1727
pvs,589,2225,2126
Omar_Elawady,594,1677,1712
rek,610,1928,1896
UnstoppableChillMachine,610,1860,1845
ppavic,618,1967,1925
txingml,620,1732,1748
Ashishgup,624,1933,1898
tokitsukaze,643,1537,1603
jvmusin,651,1924,1887
Hipo_3412,684,1390,1495
diko,720,2271,2146
vanogam,752,2045,1967
babin,758,1715,1716
TadijaSebez,763,1677,1687
arman_ferdous,802,1632,1649
Nson,819,1536,1576
JATC,851,2011,1929
TripleM5da,855,1960,1890
Cro-Marmot,868,1838,1795
neko_nyaaaaaaaaaaaaaaaaa,883,1339,1432
ABalobanov,886,2154,2037
YaKon4ick,910,2183,2057
_greedy,913,1850,1799
Plurm,941,1566,1583
Moon1125666900,950,1487,1525
SlavaSSU,953,1963,1882
RestingRajarshi,967,1451,1497
congthanh123,972,1357,1432
Dalgerok,995,1638,1630
kzvd4729,1008,1480,1513
Timsei,1030,1923,1844
gohan123,1036,1878,1808
Lost_Deviation,1037,1500,1524
zhabo,1055,1755,1713
physics0523,1069,1492,1515
cheetose,1073,1661,1640
iamexist,1093,2065,1948
vhnvn,1093,1728,1688
AcidWrongGod,1096,1732,1691
allllekssssa,1100,2007,1902
qingczha,1105,2036,1925
DimmyT,1106,1402,1447
axs7384,1110,1495,1512
N.E.R.O,1125,1822,1757
kutengine,1129,2112,1982
kukyo,1175,1569,1560
PugachAG,1212,1673,1635
cuom1999,1218,1387,1423
xoxo,1251,1903,1809
BlueDiamond,1274,1379,1412
Evocation,1283,1500,1498
interestingLSY,1288,1520,1512
tkj,1290,1598,1571
DatVu,1310,1813,1734
meooow,1325,1752,1686
jumpmelon,1335,1671,1623
200815147,1340,1554,1533
qkoqhh,1369,1500,1490
bktl1love,1374,1391,1410
Ahmed-,1402,1722,1657
applese,1451,1896,1789
cy1999,1460,1344,1367
shurongwang,1473,1120,1216
amanbol,1484,1463,1451
madhav_1999,1520,1329,1350
ManasG,1536,1599,1551
fyy2603,1557,1606,1554
fake123_loves_me,1603,1844,1737
lessmeaning,1607,2024,1878
Ferume,1607,1719,1637
SecondThread,1607,1421,1407
cuiaoxiang,1607,2122,1956
filippos,1631,1504,1468
darksmith,1631,1760,1668
GStnt,1649,1488,1451
Mackerel_Pike,1649,1166,1217
Uzumaki_Narutoo,1649,1282,1297
houzhe,1709,1448,1418
fsociety00,1737,1422,1392
JustasZ,1835,1510,1454
Dmitriy.Belichenko,2021,1838,1706
Bakry,2109,1069,1100
RockyB,2179,1657,1551
Scayre,2209,1346,1295
Sprdalo,2209,1403,1340
iaNTU,2255,1500,1416
HIT_Zero,2344,1500,1409
Dalenator,2359,1343,1277
Osama_Alkhodairy,2419,1484,1390
AkiLotus,2461,1569,1439
AngrySeal,2461,1321,1215
solvemproblr,2461,1305,1200
aman28rwt,2461,1372,1262
